Year;Age group;;;Fatalities
Jaar;Leeftijdsklasse;Vervoerswijze;TransportMode;Verkeersdoden
1950;0 t/m 4;Lopen;Pedestrian;101
1950;0 t/m 4;Fiets;Bicycle;3
1950;0 t/m 4;Vracht/bestel;Lorry/van;1
1950;0 t/m 4;Overig;Other;1
1950;5 t/m 9;Lopen;Pedestrian;75
1950;5 t/m 9;Fiets;Bicycle;21
1950;5 t/m 9;Motor/scooter;Motorcycle;1
1950;5 t/m 9;Auto (passagier);Car (passenger);2
1950;5 t/m 9;Vracht/bestel;Lorry/van;2
1950;5 t/m 9;Overig;Other;2
1950;10 t/m 14;Lopen;Pedestrian;25
1950;10 t/m 14;Fiets;Bicycle;34
1950;10 t/m 14;Motor/scooter;Motorcycle;1
1950;10 t/m 14;Auto (passagier);Car (passenger);1
1950;10 t/m 14;Vracht/bestel;Lorry/van;2
1950;10 t/m 14;Overig;Other;2
1950;15 t/m 19;Lopen;Pedestrian;8
1950;15 t/m 19;Fiets;Bicycle;40
1950;15 t/m 19;Brom/snorfiets;Moped;1
1950;15 t/m 19;Motor/scooter;Motorcycle;5
1950;15 t/m 19;Auto (bestuurder);Car (driver);1
1950;15 t/m 19;Auto (passagier);Car (passenger);3
1950;15 t/m 19;Vracht/bestel;Lorry/van;3
1950;15 t/m 19;Overig;Other;4
1950;20 t/m 24;Lopen;Pedestrian;3
1950;20 t/m 24;Fiets;Bicycle;26
1950;20 t/m 24;Brom/snorfiets;Moped;3
1950;20 t/m 24;Motor/scooter;Motorcycle;19
1950;20 t/m 24;Auto (bestuurder);Car (driver);2
1950;20 t/m 24;Auto (passagier);Car (passenger);5
1950;20 t/m 24;Vracht/bestel;Lorry/van;5
1950;20 t/m 24;Overig;Other;1
1950;25 t/m 29;Lopen;Pedestrian;4
1950;25 t/m 29;Fiets;Bicycle;16
1950;25 t/m 29;Motor/scooter;Motorcycle;23
1950;25 t/m 29;Auto (bestuurder);Car (driver);5
1950;25 t/m 29;Auto (passagier);Car (passenger);9
1950;25 t/m 29;Vracht/bestel;Lorry/van;7
1950;25 t/m 29;Overig;Other;2
1950;30 t/m 34;Lopen;Pedestrian;4
1950;30 t/m 34;Fiets;Bicycle;9
1950;30 t/m 34;Brom/snorfiets;Moped;1
1950;30 t/m 34;Motor/scooter;Motorcycle;14
1950;30 t/m 34;Auto (bestuurder);Car (driver);6
1950;30 t/m 34;Auto (passagier);Car (passenger);7
1950;30 t/m 34;Vracht/bestel;Lorry/van;2
1950;30 t/m 34;Bus (OV);Bus (public transport);1
1950;30 t/m 34;Overig;Other;1
1950;35 t/m 39;Lopen;Pedestrian;4
1950;35 t/m 39;Fiets;Bicycle;8
1950;35 t/m 39;Brom/snorfiets;Moped;1
1950;35 t/m 39;Motor/scooter;Motorcycle;13
1950;35 t/m 39;Auto (bestuurder);Car (driver);5
1950;35 t/m 39;Auto (passagier);Car (passenger);6
1950;40 t/m 44;Lopen;Pedestrian;4
1950;40 t/m 44;Fiets;Bicycle;13
1950;40 t/m 44;Brom/snorfiets;Moped;1
1950;40 t/m 44;Motor/scooter;Motorcycle;13
1950;40 t/m 44;Auto (bestuurder);Car (driver);10
1950;40 t/m 44;Auto (passagier);Car (passenger);12
1950;40 t/m 44;Vracht/bestel;Lorry/van;3
1950;40 t/m 44;Overig;Other;1
1950;45 t/m 49;Lopen;Pedestrian;8
1950;45 t/m 49;Fiets;Bicycle;19
1950;45 t/m 49;Brom/snorfiets;Moped;2
1950;45 t/m 49;Motor/scooter;Motorcycle;14
1950;45 t/m 49;Auto (bestuurder);Car (driver);7
1950;45 t/m 49;Auto (passagier);Car (passenger);8
1950;45 t/m 49;Vracht/bestel;Lorry/van;4
1950;45 t/m 49;Overig;Other;4
1950;50 t/m 54;Lopen;Pedestrian;9
1950;50 t/m 54;Fiets;Bicycle;22
1950;50 t/m 54;Brom/snorfiets;Moped;5
1950;50 t/m 54;Motor/scooter;Motorcycle;3
1950;50 t/m 54;Auto (bestuurder);Car (driver);4
1950;50 t/m 54;Auto (passagier);Car (passenger);4
1950;50 t/m 54;Vracht/bestel;Lorry/van;3
1950;50 t/m 54;Overig;Other;3
1950;55 t/m 59;Lopen;Pedestrian;8
1950;55 t/m 59;Fiets;Bicycle;20
1950;55 t/m 59;Brom/snorfiets;Moped;5
1950;55 t/m 59;Motor/scooter;Motorcycle;2
1950;55 t/m 59;Auto (bestuurder);Car (driver);3
1950;55 t/m 59;Auto (passagier);Car (passenger);3
1950;55 t/m 59;Vracht/bestel;Lorry/van;3
1950;60 t/m 64;Lopen;Pedestrian;23
1950;60 t/m 64;Fiets;Bicycle;26
1950;60 t/m 64;Brom/snorfiets;Moped;3
1950;60 t/m 64;Motor/scooter;Motorcycle;3
1950;60 t/m 64;Auto (bestuurder);Car (driver);1
1950;60 t/m 64;Auto (passagier);Car (passenger);5
1950;60 t/m 64;Overig;Other;2
1950;65 t/m 69;Lopen;Pedestrian;15
1950;65 t/m 69;Fiets;Bicycle;23
1950;65 t/m 69;Brom/snorfiets;Moped;5
1950;65 t/m 69;Motor/scooter;Motorcycle;2
1950;65 t/m 69;Auto (passagier);Car (passenger);2
1950;65 t/m 69;Overig;Other;4
1950;70 t/m 74;Lopen;Pedestrian;26
1950;70 t/m 74;Fiets;Bicycle;28
1950;70 t/m 74;Brom/snorfiets;Moped;9
1950;70 t/m 74;Auto (passagier);Car (passenger);2
1950;70 t/m 74;Bus (OV);Bus (public transport);2
1950;70 t/m 74;Overig;Other;3
1950;75+;Lopen;Pedestrian;39
1950;75+;Fiets;Bicycle;24
1950;75+;Brom/snorfiets;Moped;1
1950;75+;Auto (passagier);Car (passenger);2
1951;0 t/m 4;Lopen;Pedestrian;100
1951;0 t/m 4;Fiets;Bicycle;3
1951;0 t/m 4;Motor/scooter;Motorcycle;2
1951;0 t/m 4;Auto (passagier);Car (passenger);2
1951;0 t/m 4;Vracht/bestel;Lorry/van;1
1951;5 t/m 9;Lopen;Pedestrian;66
1951;5 t/m 9;Fiets;Bicycle;21
1951;5 t/m 9;Motor/scooter;Motorcycle;1
1951;5 t/m 9;Auto (passagier);Car (passenger);1
1951;5 t/m 9;Vracht/bestel;Lorry/van;3
1951;5 t/m 9;Overig;Other;1
1951;10 t/m 14;Lopen;Pedestrian;29
1951;10 t/m 14;Fiets;Bicycle;42
1951;10 t/m 14;Motor/scooter;Motorcycle;2
1951;10 t/m 14;Auto (passagier);Car (passenger);2
1951;10 t/m 14;Vracht/bestel;Lorry/van;3
1951;10 t/m 14;Overig;Other;2
1951;15 t/m 19;Lopen;Pedestrian;10
1951;15 t/m 19;Fiets;Bicycle;30
1951;15 t/m 19;Brom/snorfiets;Moped;1
1951;15 t/m 19;Motor/scooter;Motorcycle;8
1951;15 t/m 19;Auto (bestuurder);Car (driver);2
1951;15 t/m 19;Auto (passagier);Car (passenger);1
1951;15 t/m 19;Vracht/bestel;Lorry/van;4
1951;15 t/m 19;Overig;Other;1
1951;20 t/m 24;Lopen;Pedestrian;7
1951;20 t/m 24;Fiets;Bicycle;24
1951;20 t/m 24;Brom/snorfiets;Moped;2
1951;20 t/m 24;Motor/scooter;Motorcycle;24
1951;20 t/m 24;Auto (bestuurder);Car (driver);7
1951;20 t/m 24;Auto (passagier);Car (passenger);7
1951;20 t/m 24;Vracht/bestel;Lorry/van;6
1951;20 t/m 24;Bus (OV);Bus (public transport);2
1951;20 t/m 24;Overig;Other;2
1951;25 t/m 29;Lopen;Pedestrian;6
1951;25 t/m 29;Fiets;Bicycle;13
1951;25 t/m 29;Brom/snorfiets;Moped;3
1951;25 t/m 29;Motor/scooter;Motorcycle;30
1951;25 t/m 29;Auto (bestuurder);Car (driver);4
1951;25 t/m 29;Auto (passagier);Car (passenger);5
1951;25 t/m 29;Vracht/bestel;Lorry/van;5
1951;30 t/m 34;Lopen;Pedestrian;7
1951;30 t/m 34;Fiets;Bicycle;12
1951;30 t/m 34;Brom/snorfiets;Moped;6
1951;30 t/m 34;Motor/scooter;Motorcycle;22
1951;30 t/m 34;Auto (bestuurder);Car (driver);5
1951;30 t/m 34;Auto (passagier);Car (passenger);3
1951;30 t/m 34;Vracht/bestel;Lorry/van;7
1951;30 t/m 34;Bus (OV);Bus (public transport);3
1951;35 t/m 39;Lopen;Pedestrian;6
1951;35 t/m 39;Fiets;Bicycle;12
1951;35 t/m 39;Brom/snorfiets;Moped;5
1951;35 t/m 39;Motor/scooter;Motorcycle;21
1951;35 t/m 39;Auto (bestuurder);Car (driver);4
1951;35 t/m 39;Auto (passagier);Car (passenger);3
1951;35 t/m 39;Vracht/bestel;Lorry/van;5
1951;35 t/m 39;Bus (OV);Bus (public transport);1
1951;40 t/m 44;Lopen;Pedestrian;9
1951;40 t/m 44;Fiets;Bicycle;19
1951;40 t/m 44;Brom/snorfiets;Moped;7
1951;40 t/m 44;Motor/scooter;Motorcycle;12
1951;40 t/m 44;Auto (bestuurder);Car (driver);5
1951;40 t/m 44;Auto (passagier);Car (passenger);3
1951;40 t/m 44;Vracht/bestel;Lorry/van;3
1951;40 t/m 44;Overig;Other;3
1951;45 t/m 49;Lopen;Pedestrian;6
1951;45 t/m 49;Fiets;Bicycle;14
1951;45 t/m 49;Brom/snorfiets;Moped;14
1951;45 t/m 49;Motor/scooter;Motorcycle;16
1951;45 t/m 49;Auto (bestuurder);Car (driver);4
1951;45 t/m 49;Auto (passagier);Car (passenger);5
1951;45 t/m 49;Vracht/bestel;Lorry/van;5
1951;45 t/m 49;Bus (OV);Bus (public transport);1
1951;45 t/m 49;Overig;Other;2
1951;50 t/m 54;Lopen;Pedestrian;13
1951;50 t/m 54;Fiets;Bicycle;22
1951;50 t/m 54;Brom/snorfiets;Moped;11
1951;50 t/m 54;Motor/scooter;Motorcycle;6
1951;50 t/m 54;Auto (bestuurder);Car (driver);6
1951;50 t/m 54;Auto (passagier);Car (passenger);4
1951;50 t/m 54;Vracht/bestel;Lorry/van;3
1951;50 t/m 54;Bus (OV);Bus (public transport);1
1951;50 t/m 54;Overig;Other;3
1951;55 t/m 59;Lopen;Pedestrian;13
1951;55 t/m 59;Fiets;Bicycle;21
1951;55 t/m 59;Brom/snorfiets;Moped;10
1951;55 t/m 59;Motor/scooter;Motorcycle;5
1951;55 t/m 59;Auto (bestuurder);Car (driver);6
1951;55 t/m 59;Auto (passagier);Car (passenger);3
1951;55 t/m 59;Vracht/bestel;Lorry/van;3
1951;55 t/m 59;Bus (OV);Bus (public transport);1
1951;60 t/m 64;Lopen;Pedestrian;13
1951;60 t/m 64;Fiets;Bicycle;25
1951;60 t/m 64;Brom/snorfiets;Moped;6
1951;60 t/m 64;Motor/scooter;Motorcycle;3
1951;60 t/m 64;Auto (bestuurder);Car (driver);3
1951;60 t/m 64;Auto (passagier);Car (passenger);1
1951;60 t/m 64;Vracht/bestel;Lorry/van;2
1951;60 t/m 64;Overig;Other;2
1951;65 t/m 69;Lopen;Pedestrian;27
1951;65 t/m 69;Fiets;Bicycle;35
1951;65 t/m 69;Brom/snorfiets;Moped;4
1951;65 t/m 69;Motor/scooter;Motorcycle;2
1951;65 t/m 69;Auto (bestuurder);Car (driver);4
1951;65 t/m 69;Auto (passagier);Car (passenger);3
1951;65 t/m 69;Bus (OV);Bus (public transport);1
1951;70 t/m 74;Lopen;Pedestrian;25
1951;70 t/m 74;Fiets;Bicycle;28
1951;70 t/m 74;Auto (passagier);Car (passenger);3
1951;70 t/m 74;Overig;Other;4
1951;75+;Lopen;Pedestrian;39
1951;75+;Fiets;Bicycle;26
1951;75+;Brom/snorfiets;Moped;5
1951;75+;Auto (passagier);Car (passenger);4
1951;75+;Bus (OV);Bus (public transport);1
1951;75+;Overig;Other;2
1952;0 t/m 4;Lopen;Pedestrian;73
1952;0 t/m 4;Fiets;Bicycle;6
1952;0 t/m 4;Motor/scooter;Motorcycle;1
1952;0 t/m 4;Auto (passagier);Car (passenger);3
1952;0 t/m 4;Overig;Other;4
1952;5 t/m 9;Lopen;Pedestrian;81
1952;5 t/m 9;Fiets;Bicycle;30
1952;5 t/m 9;Brom/snorfiets;Moped;1
1952;5 t/m 9;Auto (passagier);Car (passenger);3
1952;5 t/m 9;Vracht/bestel;Lorry/van;3
1952;5 t/m 9;Overig;Other;1
1952;10 t/m 14;Lopen;Pedestrian;26
1952;10 t/m 14;Fiets;Bicycle;41
1952;10 t/m 14;Auto (passagier);Car (passenger);2
1952;10 t/m 14;Vracht/bestel;Lorry/van;3
1952;10 t/m 14;Overig;Other;2
1952;15 t/m 19;Lopen;Pedestrian;5
1952;15 t/m 19;Fiets;Bicycle;18
1952;15 t/m 19;Brom/snorfiets;Moped;4
1952;15 t/m 19;Motor/scooter;Motorcycle;9
1952;15 t/m 19;Auto (bestuurder);Car (driver);1
1952;15 t/m 19;Auto (passagier);Car (passenger);3
1952;15 t/m 19;Vracht/bestel;Lorry/van;2
1952;15 t/m 19;Overig;Other;1
1952;20 t/m 24;Lopen;Pedestrian;7
1952;20 t/m 24;Fiets;Bicycle;17
1952;20 t/m 24;Brom/snorfiets;Moped;6
1952;20 t/m 24;Motor/scooter;Motorcycle;23
1952;20 t/m 24;Auto (bestuurder);Car (driver);4
1952;20 t/m 24;Auto (passagier);Car (passenger);7
1952;20 t/m 24;Vracht/bestel;Lorry/van;8
1952;20 t/m 24;Overig;Other;1
1952;25 t/m 29;Lopen;Pedestrian;7
1952;25 t/m 29;Fiets;Bicycle;14
1952;25 t/m 29;Brom/snorfiets;Moped;3
1952;25 t/m 29;Motor/scooter;Motorcycle;27
1952;25 t/m 29;Auto (bestuurder);Car (driver);4
1952;25 t/m 29;Auto (passagier);Car (passenger);3
1952;25 t/m 29;Vracht/bestel;Lorry/van;1
1952;25 t/m 29;Bus (OV);Bus (public transport);2
1952;25 t/m 29;Overig;Other;3
1952;30 t/m 34;Lopen;Pedestrian;4
1952;30 t/m 34;Fiets;Bicycle;12
1952;30 t/m 34;Brom/snorfiets;Moped;5
1952;30 t/m 34;Motor/scooter;Motorcycle;22
1952;30 t/m 34;Auto (bestuurder);Car (driver);8
1952;30 t/m 34;Auto (passagier);Car (passenger);5
1952;30 t/m 34;Vracht/bestel;Lorry/van;4
1952;30 t/m 34;Bus (OV);Bus (public transport);1
1952;30 t/m 34;Overig;Other;4
1952;35 t/m 39;Lopen;Pedestrian;4
1952;35 t/m 39;Fiets;Bicycle;11
1952;35 t/m 39;Brom/snorfiets;Moped;4
1952;35 t/m 39;Motor/scooter;Motorcycle;20
1952;35 t/m 39;Auto (bestuurder);Car (driver);7
1952;35 t/m 39;Auto (passagier);Car (passenger);4
1952;35 t/m 39;Vracht/bestel;Lorry/van;2
1952;40 t/m 44;Lopen;Pedestrian;3
1952;40 t/m 44;Fiets;Bicycle;12
1952;40 t/m 44;Brom/snorfiets;Moped;3
1952;40 t/m 44;Motor/scooter;Motorcycle;13
1952;40 t/m 44;Auto (bestuurder);Car (driver);8
1952;40 t/m 44;Auto (passagier);Car (passenger);5
1952;40 t/m 44;Vracht/bestel;Lorry/van;3
1952;45 t/m 49;Lopen;Pedestrian;7
1952;45 t/m 49;Fiets;Bicycle;14
1952;45 t/m 49;Brom/snorfiets;Moped;6
1952;45 t/m 49;Motor/scooter;Motorcycle;14
1952;45 t/m 49;Auto (bestuurder);Car (driver);1
1952;45 t/m 49;Auto (passagier);Car (passenger);4
1952;45 t/m 49;Vracht/bestel;Lorry/van;4
1952;45 t/m 49;Overig;Other;2
1952;50 t/m 54;Lopen;Pedestrian;10
1952;50 t/m 54;Fiets;Bicycle;29
1952;50 t/m 54;Brom/snorfiets;Moped;14
1952;50 t/m 54;Motor/scooter;Motorcycle;9
1952;50 t/m 54;Auto (bestuurder);Car (driver);7
1952;50 t/m 54;Auto (passagier);Car (passenger);5
1952;50 t/m 54;Vracht/bestel;Lorry/van;1
1952;50 t/m 54;Overig;Other;2
1952;55 t/m 59;Lopen;Pedestrian;10
1952;55 t/m 59;Fiets;Bicycle;28
1952;55 t/m 59;Brom/snorfiets;Moped;12
1952;55 t/m 59;Motor/scooter;Motorcycle;8
1952;55 t/m 59;Auto (bestuurder);Car (driver);7
1952;55 t/m 59;Auto (passagier);Car (passenger);5
1952;55 t/m 59;Vracht/bestel;Lorry/van;1
1952;55 t/m 59;Overig;Other;1
1952;60 t/m 64;Lopen;Pedestrian;15
1952;60 t/m 64;Fiets;Bicycle;43
1952;60 t/m 64;Brom/snorfiets;Moped;9
1952;60 t/m 64;Motor/scooter;Motorcycle;4
1952;60 t/m 64;Auto (bestuurder);Car (driver);4
1952;60 t/m 64;Auto (passagier);Car (passenger);4
1952;60 t/m 64;Overig;Other;3
1952;65 t/m 69;Lopen;Pedestrian;15
1952;65 t/m 69;Fiets;Bicycle;22
1952;65 t/m 69;Brom/snorfiets;Moped;5
1952;65 t/m 69;Auto (passagier);Car (passenger);3
1952;65 t/m 69;Vracht/bestel;Lorry/van;1
1952;65 t/m 69;Overig;Other;2
1952;70 t/m 74;Lopen;Pedestrian;25
1952;70 t/m 74;Fiets;Bicycle;24
1952;70 t/m 74;Brom/snorfiets;Moped;3
1952;70 t/m 74;Auto (passagier);Car (passenger);4
1952;70 t/m 74;Overig;Other;1
1952;75+;Lopen;Pedestrian;54
1952;75+;Fiets;Bicycle;24
1952;75+;Brom/snorfiets;Moped;3
1952;75+;Auto (passagier);Car (passenger);2
1952;75+;Bus (OV);Bus (public transport);1
1952;75+;Overig;Other;1
1953;0 t/m 4;Lopen;Pedestrian;102
1953;0 t/m 4;Fiets;Bicycle;6
1953;0 t/m 4;Auto (passagier);Car (passenger);3
1953;0 t/m 4;Vracht/bestel;Lorry/van;2
1953;5 t/m 9;Lopen;Pedestrian;76
1953;5 t/m 9;Fiets;Bicycle;34
1953;5 t/m 9;Motor/scooter;Motorcycle;1
1953;5 t/m 9;Vracht/bestel;Lorry/van;4
1953;5 t/m 9;Overig;Other;2
1953;10 t/m 14;Lopen;Pedestrian;31
1953;10 t/m 14;Fiets;Bicycle;51
1953;10 t/m 14;Motor/scooter;Motorcycle;2
1953;10 t/m 14;Auto (passagier);Car (passenger);1
1953;10 t/m 14;Vracht/bestel;Lorry/van;3
1953;10 t/m 14;Overig;Other;2
1953;15 t/m 19;Lopen;Pedestrian;10
1953;15 t/m 19;Fiets;Bicycle;33
1953;15 t/m 19;Brom/snorfiets;Moped;6
1953;15 t/m 19;Motor/scooter;Motorcycle;9
1953;15 t/m 19;Auto (bestuurder);Car (driver);2
1953;15 t/m 19;Auto (passagier);Car (passenger);6
1953;15 t/m 19;Vracht/bestel;Lorry/van;3
1953;15 t/m 19;Overig;Other;2
1953;20 t/m 24;Lopen;Pedestrian;3
1953;20 t/m 24;Fiets;Bicycle;23
1953;20 t/m 24;Brom/snorfiets;Moped;6
1953;20 t/m 24;Motor/scooter;Motorcycle;29
1953;20 t/m 24;Auto (bestuurder);Car (driver);7
1953;20 t/m 24;Auto (passagier);Car (passenger);12
1953;20 t/m 24;Vracht/bestel;Lorry/van;10
1953;20 t/m 24;Bus (OV);Bus (public transport);1
1953;20 t/m 24;Overig;Other;2
1953;25 t/m 29;Lopen;Pedestrian;4
1953;25 t/m 29;Fiets;Bicycle;13
1953;25 t/m 29;Brom/snorfiets;Moped;7
1953;25 t/m 29;Motor/scooter;Motorcycle;33
1953;25 t/m 29;Auto (bestuurder);Car (driver);3
1953;25 t/m 29;Auto (passagier);Car (passenger);3
1953;25 t/m 29;Vracht/bestel;Lorry/van;7
1953;25 t/m 29;Overig;Other;1
1953;30 t/m 34;Lopen;Pedestrian;4
1953;30 t/m 34;Fiets;Bicycle;10
1953;30 t/m 34;Brom/snorfiets;Moped;10
1953;30 t/m 34;Motor/scooter;Motorcycle;26
1953;30 t/m 34;Auto (bestuurder);Car (driver);7
1953;30 t/m 34;Auto (passagier);Car (passenger);8
1953;30 t/m 34;Vracht/bestel;Lorry/van;4
1953;30 t/m 34;Bus (OV);Bus (public transport);1
1953;30 t/m 34;Overig;Other;1
1953;35 t/m 39;Lopen;Pedestrian;3
1953;35 t/m 39;Fiets;Bicycle;8
1953;35 t/m 39;Brom/snorfiets;Moped;8
1953;35 t/m 39;Motor/scooter;Motorcycle;25
1953;35 t/m 39;Auto (bestuurder);Car (driver);6
1953;35 t/m 39;Auto (passagier);Car (passenger);7
1953;35 t/m 39;Vracht/bestel;Lorry/van;3
1953;40 t/m 44;Lopen;Pedestrian;4
1953;40 t/m 44;Fiets;Bicycle;12
1953;40 t/m 44;Brom/snorfiets;Moped;15
1953;40 t/m 44;Motor/scooter;Motorcycle;21
1953;40 t/m 44;Auto (bestuurder);Car (driver);8
1953;40 t/m 44;Auto (passagier);Car (passenger);8
1953;40 t/m 44;Vracht/bestel;Lorry/van;5
1953;40 t/m 44;Bus (OV);Bus (public transport);1
1953;45 t/m 49;Lopen;Pedestrian;9
1953;45 t/m 49;Fiets;Bicycle;25
1953;45 t/m 49;Brom/snorfiets;Moped;12
1953;45 t/m 49;Motor/scooter;Motorcycle;13
1953;45 t/m 49;Auto (bestuurder);Car (driver);6
1953;45 t/m 49;Auto (passagier);Car (passenger);11
1953;45 t/m 49;Vracht/bestel;Lorry/van;7
1953;45 t/m 49;Bus (OV);Bus (public transport);2
1953;45 t/m 49;Overig;Other;1
1953;50 t/m 54;Lopen;Pedestrian;13
1953;50 t/m 54;Fiets;Bicycle;28
1953;50 t/m 54;Brom/snorfiets;Moped;16
1953;50 t/m 54;Motor/scooter;Motorcycle;10
1953;50 t/m 54;Auto (bestuurder);Car (driver);6
1953;50 t/m 54;Auto (passagier);Car (passenger);4
1953;50 t/m 54;Vracht/bestel;Lorry/van;2
1953;50 t/m 54;Bus (OV);Bus (public transport);2
1953;50 t/m 54;Overig;Other;2
1953;55 t/m 59;Lopen;Pedestrian;13
1953;55 t/m 59;Fiets;Bicycle;28
1953;55 t/m 59;Brom/snorfiets;Moped;16
1953;55 t/m 59;Motor/scooter;Motorcycle;9
1953;55 t/m 59;Auto (bestuurder);Car (driver);6
1953;55 t/m 59;Auto (passagier);Car (passenger);3
1953;55 t/m 59;Vracht/bestel;Lorry/van;2
1953;55 t/m 59;Bus (OV);Bus (public transport);1
1953;60 t/m 64;Lopen;Pedestrian;20
1953;60 t/m 64;Fiets;Bicycle;31
1953;60 t/m 64;Brom/snorfiets;Moped;13
1953;60 t/m 64;Motor/scooter;Motorcycle;6
1953;60 t/m 64;Auto (bestuurder);Car (driver);3
1953;60 t/m 64;Auto (passagier);Car (passenger);5
1953;60 t/m 64;Vracht/bestel;Lorry/van;2
1953;60 t/m 64;Overig;Other;6
1953;65 t/m 69;Lopen;Pedestrian;30
1953;65 t/m 69;Fiets;Bicycle;45
1953;65 t/m 69;Brom/snorfiets;Moped;8
1953;65 t/m 69;Motor/scooter;Motorcycle;2
1953;65 t/m 69;Auto (bestuurder);Car (driver);2
1953;65 t/m 69;Auto (passagier);Car (passenger);5
1953;65 t/m 69;Vracht/bestel;Lorry/van;1
1953;65 t/m 69;Overig;Other;3
1953;70 t/m 74;Lopen;Pedestrian;33
1953;70 t/m 74;Fiets;Bicycle;39
1953;70 t/m 74;Brom/snorfiets;Moped;7
1953;70 t/m 74;Auto (passagier);Car (passenger);1
1953;70 t/m 74;Overig;Other;1
1953;75+;Lopen;Pedestrian;72
1953;75+;Fiets;Bicycle;34
1953;75+;Brom/snorfiets;Moped;4
1953;75+;Auto (bestuurder);Car (driver);1
1953;75+;Auto (passagier);Car (passenger);9
1954;0 t/m 4;Lopen;Pedestrian;82
1954;0 t/m 4;Fiets;Bicycle;5
1954;0 t/m 4;Vracht/bestel;Lorry/van;3
1954;0 t/m 4;Bus (OV);Bus (public transport);1
1954;5 t/m 9;Lopen;Pedestrian;90
1954;5 t/m 9;Fiets;Bicycle;29
1954;5 t/m 9;Auto (passagier);Car (passenger);4
1954;5 t/m 9;Vracht/bestel;Lorry/van;1
1954;5 t/m 9;Bus (OV);Bus (public transport);2
1954;5 t/m 9;Overig;Other;2
1954;10 t/m 14;Lopen;Pedestrian;35
1954;10 t/m 14;Fiets;Bicycle;36
1954;10 t/m 14;Brom/snorfiets;Moped;1
1954;10 t/m 14;Auto (passagier);Car (passenger);4
1954;10 t/m 14;Overig;Other;3
1954;15 t/m 19;Lopen;Pedestrian;6
1954;15 t/m 19;Fiets;Bicycle;39
1954;15 t/m 19;Brom/snorfiets;Moped;4
1954;15 t/m 19;Motor/scooter;Motorcycle;14
1954;15 t/m 19;Auto (bestuurder);Car (driver);2
1954;15 t/m 19;Auto (passagier);Car (passenger);7
1954;15 t/m 19;Vracht/bestel;Lorry/van;5
1954;15 t/m 19;Bus (OV);Bus (public transport);1
1954;20 t/m 24;Lopen;Pedestrian;5
1954;20 t/m 24;Fiets;Bicycle;19
1954;20 t/m 24;Brom/snorfiets;Moped;7
1954;20 t/m 24;Motor/scooter;Motorcycle;35
1954;20 t/m 24;Auto (bestuurder);Car (driver);11
1954;20 t/m 24;Auto (passagier);Car (passenger);8
1954;20 t/m 24;Vracht/bestel;Lorry/van;13
1954;20 t/m 24;Bus (OV);Bus (public transport);2
1954;20 t/m 24;Overig;Other;1
1954;25 t/m 29;Lopen;Pedestrian;5
1954;25 t/m 29;Fiets;Bicycle;13
1954;25 t/m 29;Brom/snorfiets;Moped;4
1954;25 t/m 29;Motor/scooter;Motorcycle;33
1954;25 t/m 29;Auto (bestuurder);Car (driver);7
1954;25 t/m 29;Auto (passagier);Car (passenger);12
1954;25 t/m 29;Vracht/bestel;Lorry/van;5
1954;25 t/m 29;Bus (OV);Bus (public transport);6
1954;25 t/m 29;Overig;Other;2
1954;30 t/m 34;Lopen;Pedestrian;8
1954;30 t/m 34;Fiets;Bicycle;14
1954;30 t/m 34;Brom/snorfiets;Moped;14
1954;30 t/m 34;Motor/scooter;Motorcycle;28
1954;30 t/m 34;Auto (bestuurder);Car (driver);11
1954;30 t/m 34;Auto (passagier);Car (passenger);11
1954;30 t/m 34;Vracht/bestel;Lorry/van;6
1954;30 t/m 34;Bus (OV);Bus (public transport);2
1954;30 t/m 34;Overig;Other;2
1954;35 t/m 39;Lopen;Pedestrian;8
1954;35 t/m 39;Fiets;Bicycle;14
1954;35 t/m 39;Brom/snorfiets;Moped;14
1954;35 t/m 39;Motor/scooter;Motorcycle;27
1954;35 t/m 39;Auto (bestuurder);Car (driver);11
1954;35 t/m 39;Auto (passagier);Car (passenger);11
1954;35 t/m 39;Vracht/bestel;Lorry/van;6
1954;35 t/m 39;Bus (OV);Bus (public transport);1
1954;35 t/m 39;Overig;Other;1
1954;40 t/m 44;Lopen;Pedestrian;10
1954;40 t/m 44;Fiets;Bicycle;25
1954;40 t/m 44;Brom/snorfiets;Moped;8
1954;40 t/m 44;Motor/scooter;Motorcycle;14
1954;40 t/m 44;Auto (bestuurder);Car (driver);7
1954;40 t/m 44;Auto (passagier);Car (passenger);4
1954;40 t/m 44;Vracht/bestel;Lorry/van;1
1954;40 t/m 44;Overig;Other;2
1954;45 t/m 49;Lopen;Pedestrian;9
1954;45 t/m 49;Fiets;Bicycle;20
1954;45 t/m 49;Brom/snorfiets;Moped;17
1954;45 t/m 49;Motor/scooter;Motorcycle;10
1954;45 t/m 49;Auto (bestuurder);Car (driver);16
1954;45 t/m 49;Auto (passagier);Car (passenger);6
1954;45 t/m 49;Vracht/bestel;Lorry/van;6
1954;45 t/m 49;Overig;Other;2
1954;50 t/m 54;Lopen;Pedestrian;13
1954;50 t/m 54;Fiets;Bicycle;27
1954;50 t/m 54;Brom/snorfiets;Moped;20
1954;50 t/m 54;Motor/scooter;Motorcycle;9
1954;50 t/m 54;Auto (bestuurder);Car (driver);11
1954;50 t/m 54;Auto (passagier);Car (passenger);8
1954;50 t/m 54;Vracht/bestel;Lorry/van;3
1954;50 t/m 54;Bus (OV);Bus (public transport);3
1954;50 t/m 54;Overig;Other;4
1954;55 t/m 59;Lopen;Pedestrian;12
1954;55 t/m 59;Fiets;Bicycle;27
1954;55 t/m 59;Brom/snorfiets;Moped;18
1954;55 t/m 59;Motor/scooter;Motorcycle;8
1954;55 t/m 59;Auto (bestuurder);Car (driver);11
1954;55 t/m 59;Auto (passagier);Car (passenger);8
1954;55 t/m 59;Vracht/bestel;Lorry/van;2
1954;55 t/m 59;Bus (OV);Bus (public transport);3
1954;55 t/m 59;Overig;Other;1
1954;60 t/m 64;Lopen;Pedestrian;15
1954;60 t/m 64;Fiets;Bicycle;42
1954;60 t/m 64;Brom/snorfiets;Moped;14
1954;60 t/m 64;Motor/scooter;Motorcycle;3
1954;60 t/m 64;Auto (bestuurder);Car (driver);4
1954;60 t/m 64;Auto (passagier);Car (passenger);5
1954;60 t/m 64;Vracht/bestel;Lorry/van;4
1954;60 t/m 64;Bus (OV);Bus (public transport);2
1954;65 t/m 69;Lopen;Pedestrian;28
1954;65 t/m 69;Fiets;Bicycle;44
1954;65 t/m 69;Brom/snorfiets;Moped;20
1954;65 t/m 69;Motor/scooter;Motorcycle;1
1954;65 t/m 69;Auto (bestuurder);Car (driver);6
1954;65 t/m 69;Auto (passagier);Car (passenger);4
1954;65 t/m 69;Vracht/bestel;Lorry/van;2
1954;65 t/m 69;Bus (OV);Bus (public transport);5
1954;65 t/m 69;Overig;Other;3
1954;70 t/m 74;Lopen;Pedestrian;38
1954;70 t/m 74;Fiets;Bicycle;49
1954;70 t/m 74;Brom/snorfiets;Moped;7
1954;70 t/m 74;Auto (bestuurder);Car (driver);1
1954;70 t/m 74;Auto (passagier);Car (passenger);1
1954;70 t/m 74;Vracht/bestel;Lorry/van;1
1954;70 t/m 74;Bus (OV);Bus (public transport);3
1954;75+;Lopen;Pedestrian;73
1954;75+;Fiets;Bicycle;36
1954;75+;Brom/snorfiets;Moped;2
1954;75+;Auto (bestuurder);Car (driver);1
1954;75+;Auto (passagier);Car (passenger);5
1954;75+;Bus (OV);Bus (public transport);1
1954;75+;Overig;Other;2
1955;0 t/m 4;Lopen;Pedestrian;76
1955;0 t/m 4;Brom/snorfiets;Moped;2
1955;0 t/m 4;Auto (passagier);Car (passenger);3
1955;0 t/m 4;Bus (OV);Bus (public transport);1
1955;5 t/m 9;Lopen;Pedestrian;84
1955;5 t/m 9;Fiets;Bicycle;38
1955;5 t/m 9;Brom/snorfiets;Moped;1
1955;5 t/m 9;Motor/scooter;Motorcycle;1
1955;5 t/m 9;Auto (passagier);Car (passenger);3
1955;5 t/m 9;Overig;Other;3
1955;10 t/m 14;Lopen;Pedestrian;36
1955;10 t/m 14;Fiets;Bicycle;42
1955;10 t/m 14;Auto (passagier);Car (passenger);4
1955;10 t/m 14;Vracht/bestel;Lorry/van;2
1955;10 t/m 14;Overig;Other;1
1955;15 t/m 19;Lopen;Pedestrian;7
1955;15 t/m 19;Fiets;Bicycle;25
1955;15 t/m 19;Brom/snorfiets;Moped;13
1955;15 t/m 19;Motor/scooter;Motorcycle;13
1955;15 t/m 19;Auto (bestuurder);Car (driver);4
1955;15 t/m 19;Auto (passagier);Car (passenger);8
1955;15 t/m 19;Vracht/bestel;Lorry/van;2
1955;15 t/m 19;Overig;Other;1
1955;20 t/m 24;Lopen;Pedestrian;12
1955;20 t/m 24;Fiets;Bicycle;19
1955;20 t/m 24;Brom/snorfiets;Moped;15
1955;20 t/m 24;Motor/scooter;Motorcycle;35
1955;20 t/m 24;Auto (bestuurder);Car (driver);7
1955;20 t/m 24;Auto (passagier);Car (passenger);9
1955;20 t/m 24;Vracht/bestel;Lorry/van;9
1955;20 t/m 24;Bus (OV);Bus (public transport);1
1955;20 t/m 24;Overig;Other;2
1955;25 t/m 29;Lopen;Pedestrian;3
1955;25 t/m 29;Fiets;Bicycle;8
1955;25 t/m 29;Brom/snorfiets;Moped;24
1955;25 t/m 29;Motor/scooter;Motorcycle;29
1955;25 t/m 29;Auto (bestuurder);Car (driver);3
1955;25 t/m 29;Auto (passagier);Car (passenger);8
1955;25 t/m 29;Vracht/bestel;Lorry/van;7
1955;25 t/m 29;Overig;Other;2
1955;30 t/m 34;Lopen;Pedestrian;5
1955;30 t/m 34;Fiets;Bicycle;8
1955;30 t/m 34;Brom/snorfiets;Moped;13
1955;30 t/m 34;Motor/scooter;Motorcycle;25
1955;30 t/m 34;Auto (bestuurder);Car (driver);8
1955;30 t/m 34;Auto (passagier);Car (passenger);9
1955;30 t/m 34;Vracht/bestel;Lorry/van;6
1955;30 t/m 34;Bus (OV);Bus (public transport);2
1955;30 t/m 34;Overig;Other;2
1955;35 t/m 39;Lopen;Pedestrian;5
1955;35 t/m 39;Fiets;Bicycle;7
1955;35 t/m 39;Brom/snorfiets;Moped;12
1955;35 t/m 39;Motor/scooter;Motorcycle;24
1955;35 t/m 39;Auto (bestuurder);Car (driver);8
1955;35 t/m 39;Auto (passagier);Car (passenger);8
1955;35 t/m 39;Vracht/bestel;Lorry/van;4
1955;40 t/m 44;Lopen;Pedestrian;6
1955;40 t/m 44;Fiets;Bicycle;16
1955;40 t/m 44;Brom/snorfiets;Moped;18
1955;40 t/m 44;Motor/scooter;Motorcycle;14
1955;40 t/m 44;Auto (bestuurder);Car (driver);10
1955;40 t/m 44;Auto (passagier);Car (passenger);11
1955;40 t/m 44;Vracht/bestel;Lorry/van;7
1955;40 t/m 44;Overig;Other;2
1955;45 t/m 49;Lopen;Pedestrian;13
1955;45 t/m 49;Fiets;Bicycle;18
1955;45 t/m 49;Brom/snorfiets;Moped;23
1955;45 t/m 49;Motor/scooter;Motorcycle;17
1955;45 t/m 49;Auto (bestuurder);Car (driver);14
1955;45 t/m 49;Auto (passagier);Car (passenger);10
1955;45 t/m 49;Vracht/bestel;Lorry/van;1
1955;45 t/m 49;Overig;Other;2
1955;50 t/m 54;Lopen;Pedestrian;16
1955;50 t/m 54;Fiets;Bicycle;25
1955;50 t/m 54;Brom/snorfiets;Moped;30
1955;50 t/m 54;Motor/scooter;Motorcycle;10
1955;50 t/m 54;Auto (bestuurder);Car (driver);10
1955;50 t/m 54;Auto (passagier);Car (passenger);8
1955;50 t/m 54;Vracht/bestel;Lorry/van;3
1955;50 t/m 54;Overig;Other;2
1955;55 t/m 59;Lopen;Pedestrian;15
1955;55 t/m 59;Fiets;Bicycle;24
1955;55 t/m 59;Brom/snorfiets;Moped;29
1955;55 t/m 59;Motor/scooter;Motorcycle;10
1955;55 t/m 59;Auto (bestuurder);Car (driver);10
1955;55 t/m 59;Auto (passagier);Car (passenger);7
1955;55 t/m 59;Vracht/bestel;Lorry/van;2
1955;55 t/m 59;Overig;Other;2
1955;60 t/m 64;Lopen;Pedestrian;32
1955;60 t/m 64;Fiets;Bicycle;36
1955;60 t/m 64;Brom/snorfiets;Moped;31
1955;60 t/m 64;Motor/scooter;Motorcycle;1
1955;60 t/m 64;Auto (bestuurder);Car (driver);9
1955;60 t/m 64;Auto (passagier);Car (passenger);5
1955;60 t/m 64;Vracht/bestel;Lorry/van;2
1955;60 t/m 64;Overig;Other;2
1955;65 t/m 69;Lopen;Pedestrian;29
1955;65 t/m 69;Fiets;Bicycle;43
1955;65 t/m 69;Brom/snorfiets;Moped;13
1955;65 t/m 69;Auto (bestuurder);Car (driver);4
1955;65 t/m 69;Auto (passagier);Car (passenger);6
1955;65 t/m 69;Vracht/bestel;Lorry/van;1
1955;65 t/m 69;Overig;Other;1
1955;70 t/m 74;Lopen;Pedestrian;32
1955;70 t/m 74;Fiets;Bicycle;36
1955;70 t/m 74;Brom/snorfiets;Moped;10
1955;70 t/m 74;Auto (bestuurder);Car (driver);2
1955;70 t/m 74;Auto (passagier);Car (passenger);5
1955;70 t/m 74;Vracht/bestel;Lorry/van;1
1955;70 t/m 74;Overig;Other;4
1955;75+;Lopen;Pedestrian;99
1955;75+;Fiets;Bicycle;42
1955;75+;Brom/snorfiets;Moped;4
1955;75+;Motor/scooter;Motorcycle;1
1955;75+;Auto (passagier);Car (passenger);4
1955;75+;Overig;Other;3
1956;0 t/m 4;Lopen;Pedestrian;86
1956;0 t/m 4;Fiets;Bicycle;10
1956;0 t/m 4;Auto (passagier);Car (passenger);2
1956;0 t/m 4;Overig;Other;1
1956;5 t/m 9;Lopen;Pedestrian;90
1956;5 t/m 9;Fiets;Bicycle;34
1956;5 t/m 9;Brom/snorfiets;Moped;2
1956;5 t/m 9;Motor/scooter;Motorcycle;1
1956;5 t/m 9;Auto (passagier);Car (passenger);6
1956;5 t/m 9;Vracht/bestel;Lorry/van;2
1956;5 t/m 9;Overig;Other;1
1956;10 t/m 14;Lopen;Pedestrian;41
1956;10 t/m 14;Fiets;Bicycle;41
1956;10 t/m 14;Brom/snorfiets;Moped;1
1956;10 t/m 14;Motor/scooter;Motorcycle;1
1956;10 t/m 14;Auto (passagier);Car (passenger);7
1956;10 t/m 14;Vracht/bestel;Lorry/van;1
1956;10 t/m 14;Overig;Other;1
1956;15 t/m 19;Lopen;Pedestrian;11
1956;15 t/m 19;Fiets;Bicycle;34
1956;15 t/m 19;Brom/snorfiets;Moped;9
1956;15 t/m 19;Motor/scooter;Motorcycle;17
1956;15 t/m 19;Auto (bestuurder);Car (driver);5
1956;15 t/m 19;Auto (passagier);Car (passenger);9
1956;15 t/m 19;Vracht/bestel;Lorry/van;2
1956;15 t/m 19;Overig;Other;2
1956;20 t/m 24;Lopen;Pedestrian;7
1956;20 t/m 24;Fiets;Bicycle;19
1956;20 t/m 24;Brom/snorfiets;Moped;16
1956;20 t/m 24;Motor/scooter;Motorcycle;45
1956;20 t/m 24;Auto (bestuurder);Car (driver);7
1956;20 t/m 24;Auto (passagier);Car (passenger);15
1956;20 t/m 24;Vracht/bestel;Lorry/van;8
1956;20 t/m 24;Bus (OV);Bus (public transport);1
1956;25 t/m 29;Lopen;Pedestrian;3
1956;25 t/m 29;Fiets;Bicycle;5
1956;25 t/m 29;Brom/snorfiets;Moped;14
1956;25 t/m 29;Motor/scooter;Motorcycle;48
1956;25 t/m 29;Auto (bestuurder);Car (driver);11
1956;25 t/m 29;Auto (passagier);Car (passenger);9
1956;25 t/m 29;Vracht/bestel;Lorry/van;8
1956;25 t/m 29;Bus (OV);Bus (public transport);1
1956;30 t/m 34;Lopen;Pedestrian;4
1956;30 t/m 34;Fiets;Bicycle;8
1956;30 t/m 34;Brom/snorfiets;Moped;16
1956;30 t/m 34;Motor/scooter;Motorcycle;26
1956;30 t/m 34;Auto (bestuurder);Car (driver);12
1956;30 t/m 34;Auto (passagier);Car (passenger);8
1956;30 t/m 34;Vracht/bestel;Lorry/van;5
1956;30 t/m 34;Bus (OV);Bus (public transport);2
1956;30 t/m 34;Overig;Other;2
1956;35 t/m 39;Lopen;Pedestrian;4
1956;35 t/m 39;Fiets;Bicycle;8
1956;35 t/m 39;Brom/snorfiets;Moped;16
1956;35 t/m 39;Motor/scooter;Motorcycle;24
1956;35 t/m 39;Auto (bestuurder);Car (driver);11
1956;35 t/m 39;Auto (passagier);Car (passenger);8
1956;35 t/m 39;Vracht/bestel;Lorry/van;4
1956;35 t/m 39;Bus (OV);Bus (public transport);1
1956;40 t/m 44;Lopen;Pedestrian;6
1956;40 t/m 44;Fiets;Bicycle;10
1956;40 t/m 44;Brom/snorfiets;Moped;18
1956;40 t/m 44;Motor/scooter;Motorcycle;19
1956;40 t/m 44;Auto (bestuurder);Car (driver);25
1956;40 t/m 44;Auto (passagier);Car (passenger);13
1956;40 t/m 44;Vracht/bestel;Lorry/van;5
1956;40 t/m 44;Bus (OV);Bus (public transport);2
1956;40 t/m 44;Overig;Other;1
1956;45 t/m 49;Lopen;Pedestrian;9
1956;45 t/m 49;Fiets;Bicycle;14
1956;45 t/m 49;Brom/snorfiets;Moped;22
1956;45 t/m 49;Motor/scooter;Motorcycle;13
1956;45 t/m 49;Auto (bestuurder);Car (driver);10
1956;45 t/m 49;Auto (passagier);Car (passenger);13
1956;45 t/m 49;Vracht/bestel;Lorry/van;2
1956;45 t/m 49;Bus (OV);Bus (public transport);1
1956;45 t/m 49;Overig;Other;3
1956;50 t/m 54;Lopen;Pedestrian;15
1956;50 t/m 54;Fiets;Bicycle;25
1956;50 t/m 54;Brom/snorfiets;Moped;30
1956;50 t/m 54;Motor/scooter;Motorcycle;8
1956;50 t/m 54;Auto (bestuurder);Car (driver);14
1956;50 t/m 54;Auto (passagier);Car (passenger);11
1956;50 t/m 54;Vracht/bestel;Lorry/van;1
1956;50 t/m 54;Bus (OV);Bus (public transport);2
1956;50 t/m 54;Overig;Other;2
1956;55 t/m 59;Lopen;Pedestrian;15
1956;55 t/m 59;Fiets;Bicycle;24
1956;55 t/m 59;Brom/snorfiets;Moped;29
1956;55 t/m 59;Motor/scooter;Motorcycle;7
1956;55 t/m 59;Auto (bestuurder);Car (driver);14
1956;55 t/m 59;Auto (passagier);Car (passenger);10
1956;55 t/m 59;Bus (OV);Bus (public transport);1
1956;60 t/m 64;Lopen;Pedestrian;10
1956;60 t/m 64;Fiets;Bicycle;44
1956;60 t/m 64;Brom/snorfiets;Moped;27
1956;60 t/m 64;Motor/scooter;Motorcycle;4
1956;60 t/m 64;Auto (bestuurder);Car (driver);3
1956;60 t/m 64;Auto (passagier);Car (passenger);5
1956;60 t/m 64;Bus (OV);Bus (public transport);1
1956;60 t/m 64;Overig;Other;3
1956;65 t/m 69;Lopen;Pedestrian;33
1956;65 t/m 69;Fiets;Bicycle;42
1956;65 t/m 69;Brom/snorfiets;Moped;18
1956;65 t/m 69;Auto (bestuurder);Car (driver);1
1956;65 t/m 69;Auto (passagier);Car (passenger);5
1956;65 t/m 69;Overig;Other;2
1956;70 t/m 74;Lopen;Pedestrian;39
1956;70 t/m 74;Fiets;Bicycle;42
1956;70 t/m 74;Brom/snorfiets;Moped;5
1956;70 t/m 74;Auto (bestuurder);Car (driver);3
1956;70 t/m 74;Auto (passagier);Car (passenger);1
1956;75+;Lopen;Pedestrian;94
1956;75+;Fiets;Bicycle;46
1956;75+;Brom/snorfiets;Moped;6
1956;75+;Motor/scooter;Motorcycle;1
1956;75+;Auto (passagier);Car (passenger);6
1957;0 t/m 4;Lopen;Pedestrian;96
1957;0 t/m 4;Fiets;Bicycle;5
1957;0 t/m 4;Brom/snorfiets;Moped;1
1957;0 t/m 4;Motor/scooter;Motorcycle;1
1957;0 t/m 4;Auto (passagier);Car (passenger);4
1957;0 t/m 4;Vracht/bestel;Lorry/van;1
1957;5 t/m 9;Lopen;Pedestrian;69
1957;5 t/m 9;Fiets;Bicycle;30
1957;5 t/m 9;Brom/snorfiets;Moped;3
1957;5 t/m 9;Auto (passagier);Car (passenger);5
1957;5 t/m 9;Vracht/bestel;Lorry/van;4
1957;5 t/m 9;Overig;Other;2
1957;10 t/m 14;Lopen;Pedestrian;32
1957;10 t/m 14;Fiets;Bicycle;41
1957;10 t/m 14;Brom/snorfiets;Moped;3
1957;10 t/m 14;Motor/scooter;Motorcycle;2
1957;10 t/m 14;Auto (passagier);Car (passenger);5
1957;10 t/m 14;Vracht/bestel;Lorry/van;3
1957;15 t/m 19;Lopen;Pedestrian;11
1957;15 t/m 19;Fiets;Bicycle;31
1957;15 t/m 19;Brom/snorfiets;Moped;21
1957;15 t/m 19;Motor/scooter;Motorcycle;13
1957;15 t/m 19;Auto (bestuurder);Car (driver);3
1957;15 t/m 19;Auto (passagier);Car (passenger);12
1957;15 t/m 19;Vracht/bestel;Lorry/van;6
1957;15 t/m 19;Overig;Other;1
1957;20 t/m 24;Lopen;Pedestrian;14
1957;20 t/m 24;Fiets;Bicycle;13
1957;20 t/m 24;Brom/snorfiets;Moped;24
1957;20 t/m 24;Motor/scooter;Motorcycle;45
1957;20 t/m 24;Auto (bestuurder);Car (driver);14
1957;20 t/m 24;Auto (passagier);Car (passenger);14
1957;20 t/m 24;Vracht/bestel;Lorry/van;10
1957;20 t/m 24;Bus (OV);Bus (public transport);1
1957;25 t/m 29;Lopen;Pedestrian;7
1957;25 t/m 29;Fiets;Bicycle;8
1957;25 t/m 29;Brom/snorfiets;Moped;24
1957;25 t/m 29;Motor/scooter;Motorcycle;35
1957;25 t/m 29;Auto (bestuurder);Car (driver);6
1957;25 t/m 29;Auto (passagier);Car (passenger);7
1957;25 t/m 29;Vracht/bestel;Lorry/van;8
1957;25 t/m 29;Bus (OV);Bus (public transport);1
1957;25 t/m 29;Overig;Other;1
1957;30 t/m 34;Lopen;Pedestrian;7
1957;30 t/m 34;Fiets;Bicycle;11
1957;30 t/m 34;Brom/snorfiets;Moped;22
1957;30 t/m 34;Motor/scooter;Motorcycle;27
1957;30 t/m 34;Auto (bestuurder);Car (driver);15
1957;30 t/m 34;Auto (passagier);Car (passenger);10
1957;30 t/m 34;Vracht/bestel;Lorry/van;5
1957;30 t/m 34;Bus (OV);Bus (public transport);1
1957;30 t/m 34;Overig;Other;2
1957;35 t/m 39;Lopen;Pedestrian;7
1957;35 t/m 39;Fiets;Bicycle;10
1957;35 t/m 39;Brom/snorfiets;Moped;20
1957;35 t/m 39;Motor/scooter;Motorcycle;26
1957;35 t/m 39;Auto (bestuurder);Car (driver);14
1957;35 t/m 39;Auto (passagier);Car (passenger);10
1957;35 t/m 39;Vracht/bestel;Lorry/van;5
1957;35 t/m 39;Overig;Other;1
1957;40 t/m 44;Lopen;Pedestrian;6
1957;40 t/m 44;Fiets;Bicycle;6
1957;40 t/m 44;Brom/snorfiets;Moped;23
1957;40 t/m 44;Motor/scooter;Motorcycle;24
1957;40 t/m 44;Auto (bestuurder);Car (driver);16
1957;40 t/m 44;Auto (passagier);Car (passenger);4
1957;40 t/m 44;Vracht/bestel;Lorry/van;10
1957;40 t/m 44;Overig;Other;3
1957;45 t/m 49;Lopen;Pedestrian;6
1957;45 t/m 49;Fiets;Bicycle;14
1957;45 t/m 49;Brom/snorfiets;Moped;30
1957;45 t/m 49;Motor/scooter;Motorcycle;11
1957;45 t/m 49;Auto (bestuurder);Car (driver);12
1957;45 t/m 49;Auto (passagier);Car (passenger);15
1957;45 t/m 49;Vracht/bestel;Lorry/van;7
1957;45 t/m 49;Bus (OV);Bus (public transport);1
1957;50 t/m 54;Lopen;Pedestrian;12
1957;50 t/m 54;Fiets;Bicycle;29
1957;50 t/m 54;Brom/snorfiets;Moped;33
1957;50 t/m 54;Motor/scooter;Motorcycle;10
1957;50 t/m 54;Auto (bestuurder);Car (driver);8
1957;50 t/m 54;Auto (passagier);Car (passenger);8
1957;50 t/m 54;Vracht/bestel;Lorry/van;4
1957;50 t/m 54;Bus (OV);Bus (public transport);1
1957;50 t/m 54;Overig;Other;3
1957;55 t/m 59;Lopen;Pedestrian;12
1957;55 t/m 59;Fiets;Bicycle;28
1957;55 t/m 59;Brom/snorfiets;Moped;31
1957;55 t/m 59;Motor/scooter;Motorcycle;8
1957;55 t/m 59;Auto (bestuurder);Car (driver);8
1957;55 t/m 59;Auto (passagier);Car (passenger);7
1957;55 t/m 59;Vracht/bestel;Lorry/van;3
1957;55 t/m 59;Overig;Other;2
1957;60 t/m 64;Lopen;Pedestrian;24
1957;60 t/m 64;Fiets;Bicycle;30
1957;60 t/m 64;Brom/snorfiets;Moped;27
1957;60 t/m 64;Motor/scooter;Motorcycle;3
1957;60 t/m 64;Auto (bestuurder);Car (driver);2
1957;60 t/m 64;Auto (passagier);Car (passenger);9
1957;60 t/m 64;Vracht/bestel;Lorry/van;4
1957;60 t/m 64;Overig;Other;2
1957;65 t/m 69;Lopen;Pedestrian;29
1957;65 t/m 69;Fiets;Bicycle;47
1957;65 t/m 69;Brom/snorfiets;Moped;22
1957;65 t/m 69;Auto (bestuurder);Car (driver);7
1957;65 t/m 69;Auto (passagier);Car (passenger);5
1957;65 t/m 69;Vracht/bestel;Lorry/van;1
1957;65 t/m 69;Bus (OV);Bus (public transport);1
1957;65 t/m 69;Overig;Other;4
1957;70 t/m 74;Lopen;Pedestrian;37
1957;70 t/m 74;Fiets;Bicycle;51
1957;70 t/m 74;Brom/snorfiets;Moped;14
1957;70 t/m 74;Motor/scooter;Motorcycle;1
1957;70 t/m 74;Auto (bestuurder);Car (driver);1
1957;70 t/m 74;Auto (passagier);Car (passenger);5
1957;70 t/m 74;Bus (OV);Bus (public transport);1
1957;70 t/m 74;Overig;Other;2
1957;75+;Lopen;Pedestrian;96
1957;75+;Fiets;Bicycle;34
1957;75+;Brom/snorfiets;Moped;8
1957;75+;Motor/scooter;Motorcycle;1
1957;75+;Auto (bestuurder);Car (driver);1
1957;75+;Auto (passagier);Car (passenger);6
1957;75+;Overig;Other;1
1958;0 t/m 4;Lopen;Pedestrian;81
1958;0 t/m 4;Fiets;Bicycle;4
1958;0 t/m 4;Auto (passagier);Car (passenger);12
1958;0 t/m 4;Vracht/bestel;Lorry/van;1
1958;0 t/m 4;Overig;Other;1
1958;5 t/m 9;Lopen;Pedestrian;88
1958;5 t/m 9;Fiets;Bicycle;39
1958;5 t/m 9;Brom/snorfiets;Moped;1
1958;5 t/m 9;Auto (passagier);Car (passenger);2
1958;5 t/m 9;Bus (OV);Bus (public transport);1
1958;5 t/m 9;Overig;Other;1
1958;10 t/m 14;Lopen;Pedestrian;24
1958;10 t/m 14;Fiets;Bicycle;46
1958;10 t/m 14;Brom/snorfiets;Moped;10
1958;10 t/m 14;Auto (passagier);Car (passenger);3
1958;10 t/m 14;Vracht/bestel;Lorry/van;2
1958;15 t/m 19;Lopen;Pedestrian;11
1958;15 t/m 19;Fiets;Bicycle;35
1958;15 t/m 19;Brom/snorfiets;Moped;19
1958;15 t/m 19;Motor/scooter;Motorcycle;11
1958;15 t/m 19;Auto (bestuurder);Car (driver);1
1958;15 t/m 19;Auto (passagier);Car (passenger);11
1958;15 t/m 19;Vracht/bestel;Lorry/van;4
1958;15 t/m 19;Bus (OV);Bus (public transport);1
1958;15 t/m 19;Overig;Other;8
1958;20 t/m 24;Lopen;Pedestrian;7
1958;20 t/m 24;Fiets;Bicycle;7
1958;20 t/m 24;Brom/snorfiets;Moped;30
1958;20 t/m 24;Motor/scooter;Motorcycle;48
1958;20 t/m 24;Auto (bestuurder);Car (driver);13
1958;20 t/m 24;Auto (passagier);Car (passenger);18
1958;20 t/m 24;Vracht/bestel;Lorry/van;10
1958;20 t/m 24;Overig;Other;2
1958;25 t/m 29;Lopen;Pedestrian;6
1958;25 t/m 29;Fiets;Bicycle;15
1958;25 t/m 29;Brom/snorfiets;Moped;21
1958;25 t/m 29;Motor/scooter;Motorcycle;45
1958;25 t/m 29;Auto (bestuurder);Car (driver);9
1958;25 t/m 29;Auto (passagier);Car (passenger);15
1958;25 t/m 29;Vracht/bestel;Lorry/van;7
1958;25 t/m 29;Overig;Other;2
1958;30 t/m 34;Lopen;Pedestrian;6
1958;30 t/m 34;Fiets;Bicycle;3
1958;30 t/m 34;Brom/snorfiets;Moped;18
1958;30 t/m 34;Motor/scooter;Motorcycle;18
1958;30 t/m 34;Auto (bestuurder);Car (driver);8
1958;30 t/m 34;Auto (passagier);Car (passenger);5
1958;30 t/m 34;Vracht/bestel;Lorry/van;2
1958;30 t/m 34;Bus (OV);Bus (public transport);1
1958;30 t/m 34;Overig;Other;2
1958;35 t/m 39;Lopen;Pedestrian;2
1958;35 t/m 39;Fiets;Bicycle;6
1958;35 t/m 39;Brom/snorfiets;Moped;17
1958;35 t/m 39;Motor/scooter;Motorcycle;17
1958;35 t/m 39;Auto (bestuurder);Car (driver);17
1958;35 t/m 39;Auto (passagier);Car (passenger);5
1958;35 t/m 39;Vracht/bestel;Lorry/van;4
1958;35 t/m 39;Overig;Other;1
1958;40 t/m 44;Lopen;Pedestrian;9
1958;40 t/m 44;Fiets;Bicycle;7
1958;40 t/m 44;Brom/snorfiets;Moped;16
1958;40 t/m 44;Motor/scooter;Motorcycle;14
1958;40 t/m 44;Auto (bestuurder);Car (driver);16
1958;40 t/m 44;Auto (passagier);Car (passenger);6
1958;40 t/m 44;Vracht/bestel;Lorry/van;6
1958;40 t/m 44;Overig;Other;2
1958;45 t/m 49;Lopen;Pedestrian;10
1958;45 t/m 49;Fiets;Bicycle;12
1958;45 t/m 49;Brom/snorfiets;Moped;30
1958;45 t/m 49;Motor/scooter;Motorcycle;12
1958;45 t/m 49;Auto (bestuurder);Car (driver);11
1958;45 t/m 49;Auto (passagier);Car (passenger);8
1958;45 t/m 49;Vracht/bestel;Lorry/van;2
1958;45 t/m 49;Overig;Other;2
1958;50 t/m 54;Lopen;Pedestrian;9
1958;50 t/m 54;Fiets;Bicycle;12
1958;50 t/m 54;Brom/snorfiets;Moped;34
1958;50 t/m 54;Motor/scooter;Motorcycle;6
1958;50 t/m 54;Auto (bestuurder);Car (driver);12
1958;50 t/m 54;Auto (passagier);Car (passenger);9
1958;50 t/m 54;Vracht/bestel;Lorry/van;2
1958;50 t/m 54;Overig;Other;1
1958;55 t/m 59;Lopen;Pedestrian;15
1958;55 t/m 59;Fiets;Bicycle;22
1958;55 t/m 59;Brom/snorfiets;Moped;29
1958;55 t/m 59;Motor/scooter;Motorcycle;8
1958;55 t/m 59;Auto (bestuurder);Car (driver);7
1958;55 t/m 59;Auto (passagier);Car (passenger);10
1958;55 t/m 59;Vracht/bestel;Lorry/van;1
1958;55 t/m 59;Overig;Other;2
1958;60 t/m 64;Lopen;Pedestrian;20
1958;60 t/m 64;Fiets;Bicycle;40
1958;60 t/m 64;Brom/snorfiets;Moped;30
1958;60 t/m 64;Motor/scooter;Motorcycle;3
1958;60 t/m 64;Auto (bestuurder);Car (driver);8
1958;60 t/m 64;Auto (passagier);Car (passenger);5
1958;60 t/m 64;Vracht/bestel;Lorry/van;4
1958;60 t/m 64;Overig;Other;1
1958;65 t/m 69;Lopen;Pedestrian;32
1958;65 t/m 69;Fiets;Bicycle;39
1958;65 t/m 69;Brom/snorfiets;Moped;18
1958;65 t/m 69;Motor/scooter;Motorcycle;1
1958;65 t/m 69;Auto (bestuurder);Car (driver);3
1958;65 t/m 69;Auto (passagier);Car (passenger);6
1958;70 t/m 74;Lopen;Pedestrian;29
1958;70 t/m 74;Fiets;Bicycle;40
1958;70 t/m 74;Brom/snorfiets;Moped;19
1958;70 t/m 74;Auto (bestuurder);Car (driver);1
1958;70 t/m 74;Auto (passagier);Car (passenger);7
1958;70 t/m 74;Vracht/bestel;Lorry/van;1
1958;70 t/m 74;Overig;Other;1
1958;75+;Lopen;Pedestrian;90
1958;75+;Fiets;Bicycle;48
1958;75+;Brom/snorfiets;Moped;7
1958;75+;Auto (passagier);Car (passenger);3
1958;75+;Bus (OV);Bus (public transport);1
1958;75+;Overig;Other;1
1959;0 t/m 4;Lopen;Pedestrian;87
1959;0 t/m 4;Fiets;Bicycle;5
1959;0 t/m 4;Motor/scooter;Motorcycle;1
1959;0 t/m 4;Auto (passagier);Car (passenger);6
1959;5 t/m 9;Lopen;Pedestrian;98
1959;5 t/m 9;Fiets;Bicycle;49
1959;5 t/m 9;Motor/scooter;Motorcycle;1
1959;5 t/m 9;Auto (passagier);Car (passenger);6
1959;5 t/m 9;Overig;Other;1
1959;10 t/m 14;Lopen;Pedestrian;19
1959;10 t/m 14;Fiets;Bicycle;59
1959;10 t/m 14;Brom/snorfiets;Moped;1
1959;10 t/m 14;Motor/scooter;Motorcycle;1
1959;10 t/m 14;Auto (passagier);Car (passenger);1
1959;10 t/m 14;Vracht/bestel;Lorry/van;1
1959;15 t/m 19;Lopen;Pedestrian;13
1959;15 t/m 19;Fiets;Bicycle;29
1959;15 t/m 19;Brom/snorfiets;Moped;33
1959;15 t/m 19;Motor/scooter;Motorcycle;17
1959;15 t/m 19;Auto (bestuurder);Car (driver);5
1959;15 t/m 19;Auto (passagier);Car (passenger);12
1959;15 t/m 19;Vracht/bestel;Lorry/van;9
1959;15 t/m 19;Overig;Other;3
1959;20 t/m 24;Lopen;Pedestrian;9
1959;20 t/m 24;Fiets;Bicycle;10
1959;20 t/m 24;Brom/snorfiets;Moped;35
1959;20 t/m 24;Motor/scooter;Motorcycle;61
1959;20 t/m 24;Auto (bestuurder);Car (driver);15
1959;20 t/m 24;Auto (passagier);Car (passenger);12
1959;20 t/m 24;Vracht/bestel;Lorry/van;8
1959;25 t/m 29;Lopen;Pedestrian;8
1959;25 t/m 29;Fiets;Bicycle;13
1959;25 t/m 29;Brom/snorfiets;Moped;17
1959;25 t/m 29;Motor/scooter;Motorcycle;30
1959;25 t/m 29;Auto (bestuurder);Car (driver);15
1959;25 t/m 29;Auto (passagier);Car (passenger);8
1959;25 t/m 29;Vracht/bestel;Lorry/van;6
1959;25 t/m 29;Overig;Other;1
1959;30 t/m 34;Lopen;Pedestrian;9
1959;30 t/m 34;Fiets;Bicycle;3
1959;30 t/m 34;Brom/snorfiets;Moped;22
1959;30 t/m 34;Motor/scooter;Motorcycle;24
1959;30 t/m 34;Auto (bestuurder);Car (driver);18
1959;30 t/m 34;Auto (passagier);Car (passenger);8
1959;30 t/m 34;Vracht/bestel;Lorry/van;3
1959;30 t/m 34;Overig;Other;2
1959;35 t/m 39;Lopen;Pedestrian;5
1959;35 t/m 39;Fiets;Bicycle;9
1959;35 t/m 39;Brom/snorfiets;Moped;18
1959;35 t/m 39;Motor/scooter;Motorcycle;22
1959;35 t/m 39;Auto (bestuurder);Car (driver);20
1959;35 t/m 39;Auto (passagier);Car (passenger);9
1959;35 t/m 39;Vracht/bestel;Lorry/van;4
1959;35 t/m 39;Overig;Other;1
1959;40 t/m 44;Lopen;Pedestrian;4
1959;40 t/m 44;Fiets;Bicycle;9
1959;40 t/m 44;Brom/snorfiets;Moped;23
1959;40 t/m 44;Motor/scooter;Motorcycle;15
1959;40 t/m 44;Auto (bestuurder);Car (driver);21
1959;40 t/m 44;Auto (passagier);Car (passenger);3
1959;40 t/m 44;Vracht/bestel;Lorry/van;1
1959;40 t/m 44;Bus (OV);Bus (public transport);2
1959;40 t/m 44;Overig;Other;2
1959;45 t/m 49;Lopen;Pedestrian;6
1959;45 t/m 49;Fiets;Bicycle;13
1959;45 t/m 49;Brom/snorfiets;Moped;23
1959;45 t/m 49;Motor/scooter;Motorcycle;8
1959;45 t/m 49;Auto (bestuurder);Car (driver);19
1959;45 t/m 49;Auto (passagier);Car (passenger);9
1959;45 t/m 49;Vracht/bestel;Lorry/van;5
1959;45 t/m 49;Bus (OV);Bus (public transport);1
1959;45 t/m 49;Overig;Other;3
1959;50 t/m 54;Lopen;Pedestrian;14
1959;50 t/m 54;Fiets;Bicycle;13
1959;50 t/m 54;Brom/snorfiets;Moped;32
1959;50 t/m 54;Motor/scooter;Motorcycle;12
1959;50 t/m 54;Auto (bestuurder);Car (driver);24
1959;50 t/m 54;Auto (passagier);Car (passenger);5
1959;50 t/m 54;Vracht/bestel;Lorry/van;5
1959;50 t/m 54;Bus (OV);Bus (public transport);2
1959;50 t/m 54;Overig;Other;1
1959;55 t/m 59;Lopen;Pedestrian;14
1959;55 t/m 59;Fiets;Bicycle;29
1959;55 t/m 59;Brom/snorfiets;Moped;40
1959;55 t/m 59;Motor/scooter;Motorcycle;9
1959;55 t/m 59;Auto (bestuurder);Car (driver);8
1959;55 t/m 59;Auto (passagier);Car (passenger);9
1959;55 t/m 59;Vracht/bestel;Lorry/van;2
1959;55 t/m 59;Overig;Other;3
1959;60 t/m 64;Lopen;Pedestrian;21
1959;60 t/m 64;Fiets;Bicycle;25
1959;60 t/m 64;Brom/snorfiets;Moped;27
1959;60 t/m 64;Motor/scooter;Motorcycle;7
1959;60 t/m 64;Auto (bestuurder);Car (driver);9
1959;60 t/m 64;Auto (passagier);Car (passenger);9
1959;60 t/m 64;Vracht/bestel;Lorry/van;2
1959;60 t/m 64;Overig;Other;2
1959;65 t/m 69;Lopen;Pedestrian;25
1959;65 t/m 69;Fiets;Bicycle;29
1959;65 t/m 69;Brom/snorfiets;Moped;24
1959;65 t/m 69;Motor/scooter;Motorcycle;2
1959;65 t/m 69;Auto (bestuurder);Car (driver);1
1959;65 t/m 69;Auto (passagier);Car (passenger);6
1959;65 t/m 69;Overig;Other;1
1959;70 t/m 74;Lopen;Pedestrian;39
1959;70 t/m 74;Fiets;Bicycle;31
1959;70 t/m 74;Brom/snorfiets;Moped;16
1959;70 t/m 74;Auto (bestuurder);Car (driver);6
1959;70 t/m 74;Auto (passagier);Car (passenger);7
1959;70 t/m 74;Vracht/bestel;Lorry/van;1
1959;75+;Lopen;Pedestrian;78
1959;75+;Fiets;Bicycle;51
1959;75+;Brom/snorfiets;Moped;12
1959;75+;Auto (passagier);Car (passenger);9
1959;75+;Vracht/bestel;Lorry/van;1
1959;75+;Bus (OV);Bus (public transport);1
1959;75+;Overig;Other;5
1960;0 t/m 4;Lopen;Pedestrian;113
1960;0 t/m 4;Fiets;Bicycle;5
1960;0 t/m 4;Brom/snorfiets;Moped;1
1960;0 t/m 4;Auto (passagier);Car (passenger);3
1960;0 t/m 4;Vracht/bestel;Lorry/van;2
1960;0 t/m 4;Overig;Other;1
1960;5 t/m 9;Lopen;Pedestrian;100
1960;5 t/m 9;Fiets;Bicycle;40
1960;5 t/m 9;Brom/snorfiets;Moped;1
1960;5 t/m 9;Motor/scooter;Motorcycle;1
1960;5 t/m 9;Auto (passagier);Car (passenger);4
1960;5 t/m 9;Overig;Other;2
1960;10 t/m 14;Lopen;Pedestrian;14
1960;10 t/m 14;Fiets;Bicycle;49
1960;10 t/m 14;Brom/snorfiets;Moped;1
1960;10 t/m 14;Auto (passagier);Car (passenger);4
1960;10 t/m 14;Vracht/bestel;Lorry/van;1
1960;10 t/m 14;Overig;Other;1
1960;15 t/m 19;Lopen;Pedestrian;11
1960;15 t/m 19;Fiets;Bicycle;28
1960;15 t/m 19;Brom/snorfiets;Moped;41
1960;15 t/m 19;Motor/scooter;Motorcycle;13
1960;15 t/m 19;Auto (bestuurder);Car (driver);4
1960;15 t/m 19;Auto (passagier);Car (passenger);11
1960;15 t/m 19;Vracht/bestel;Lorry/van;1
1960;15 t/m 19;Bus (OV);Bus (public transport);1
1960;15 t/m 19;Overig;Other;2
1960;20 t/m 24;Lopen;Pedestrian;7
1960;20 t/m 24;Fiets;Bicycle;17
1960;20 t/m 24;Brom/snorfiets;Moped;36
1960;20 t/m 24;Motor/scooter;Motorcycle;56
1960;20 t/m 24;Auto (bestuurder);Car (driver);23
1960;20 t/m 24;Auto (passagier);Car (passenger);27
1960;20 t/m 24;Vracht/bestel;Lorry/van;14
1960;20 t/m 24;Overig;Other;4
1960;25 t/m 29;Lopen;Pedestrian;6
1960;25 t/m 29;Fiets;Bicycle;12
1960;25 t/m 29;Brom/snorfiets;Moped;31
1960;25 t/m 29;Motor/scooter;Motorcycle;41
1960;25 t/m 29;Auto (bestuurder);Car (driver);16
1960;25 t/m 29;Auto (passagier);Car (passenger);10
1960;25 t/m 29;Vracht/bestel;Lorry/van;10
1960;25 t/m 29;Overig;Other;1
1960;30 t/m 34;Lopen;Pedestrian;6
1960;30 t/m 34;Fiets;Bicycle;11
1960;30 t/m 34;Brom/snorfiets;Moped;18
1960;30 t/m 34;Motor/scooter;Motorcycle;11
1960;30 t/m 34;Auto (bestuurder);Car (driver);14
1960;30 t/m 34;Auto (passagier);Car (passenger);15
1960;30 t/m 34;Vracht/bestel;Lorry/van;5
1960;35 t/m 39;Lopen;Pedestrian;6
1960;35 t/m 39;Fiets;Bicycle;3
1960;35 t/m 39;Brom/snorfiets;Moped;18
1960;35 t/m 39;Motor/scooter;Motorcycle;7
1960;35 t/m 39;Auto (bestuurder);Car (driver);23
1960;35 t/m 39;Auto (passagier);Car (passenger);6
1960;35 t/m 39;Vracht/bestel;Lorry/van;8
1960;35 t/m 39;Overig;Other;1
1960;40 t/m 44;Lopen;Pedestrian;10
1960;40 t/m 44;Fiets;Bicycle;10
1960;40 t/m 44;Brom/snorfiets;Moped;31
1960;40 t/m 44;Motor/scooter;Motorcycle;12
1960;40 t/m 44;Auto (bestuurder);Car (driver);19
1960;40 t/m 44;Auto (passagier);Car (passenger);6
1960;40 t/m 44;Vracht/bestel;Lorry/van;7
1960;40 t/m 44;Bus (OV);Bus (public transport);1
1960;45 t/m 49;Lopen;Pedestrian;11
1960;45 t/m 49;Fiets;Bicycle;13
1960;45 t/m 49;Brom/snorfiets;Moped;35
1960;45 t/m 49;Motor/scooter;Motorcycle;8
1960;45 t/m 49;Auto (bestuurder);Car (driver);19
1960;45 t/m 49;Auto (passagier);Car (passenger);4
1960;45 t/m 49;Vracht/bestel;Lorry/van;5
1960;45 t/m 49;Overig;Other;1
1960;50 t/m 54;Lopen;Pedestrian;18
1960;50 t/m 54;Fiets;Bicycle;19
1960;50 t/m 54;Brom/snorfiets;Moped;38
1960;50 t/m 54;Motor/scooter;Motorcycle;5
1960;50 t/m 54;Auto (bestuurder);Car (driver);31
1960;50 t/m 54;Auto (passagier);Car (passenger);12
1960;50 t/m 54;Vracht/bestel;Lorry/van;5
1960;50 t/m 54;Bus (OV);Bus (public transport);1
1960;50 t/m 54;Overig;Other;1
1960;55 t/m 59;Lopen;Pedestrian;21
1960;55 t/m 59;Fiets;Bicycle;23
1960;55 t/m 59;Brom/snorfiets;Moped;42
1960;55 t/m 59;Motor/scooter;Motorcycle;6
1960;55 t/m 59;Auto (bestuurder);Car (driver);16
1960;55 t/m 59;Auto (passagier);Car (passenger);13
1960;55 t/m 59;Overig;Other;2
1960;60 t/m 64;Lopen;Pedestrian;34
1960;60 t/m 64;Fiets;Bicycle;38
1960;60 t/m 64;Brom/snorfiets;Moped;39
1960;60 t/m 64;Motor/scooter;Motorcycle;5
1960;60 t/m 64;Auto (bestuurder);Car (driver);8
1960;60 t/m 64;Auto (passagier);Car (passenger);12
1960;60 t/m 64;Vracht/bestel;Lorry/van;3
1960;60 t/m 64;Overig;Other;2
1960;65 t/m 69;Lopen;Pedestrian;35
1960;65 t/m 69;Fiets;Bicycle;40
1960;65 t/m 69;Brom/snorfiets;Moped;29
1960;65 t/m 69;Auto (bestuurder);Car (driver);6
1960;65 t/m 69;Auto (passagier);Car (passenger);9
1960;65 t/m 69;Vracht/bestel;Lorry/van;2
1960;70 t/m 74;Lopen;Pedestrian;37
1960;70 t/m 74;Fiets;Bicycle;47
1960;70 t/m 74;Brom/snorfiets;Moped;14
1960;70 t/m 74;Auto (bestuurder);Car (driver);3
1960;70 t/m 74;Auto (passagier);Car (passenger);6
1960;70 t/m 74;Bus (OV);Bus (public transport);1
1960;70 t/m 74;Overig;Other;1
1960;75+;Lopen;Pedestrian;101
1960;75+;Fiets;Bicycle;62
1960;75+;Brom/snorfiets;Moped;15
1960;75+;Auto (bestuurder);Car (driver);1
1960;75+;Auto (passagier);Car (passenger);11
1960;75+;Vracht/bestel;Lorry/van;2
1961;0 t/m 4;Lopen;Pedestrian;95
1961;0 t/m 4;Fiets;Bicycle;6
1961;0 t/m 4;Auto (passagier);Car (passenger);6
1961;5 t/m 9;Lopen;Pedestrian;72
1961;5 t/m 9;Fiets;Bicycle;46
1961;5 t/m 9;Brom/snorfiets;Moped;2
1961;5 t/m 9;Motor/scooter;Motorcycle;1
1961;5 t/m 9;Auto (passagier);Car (passenger);6
1961;10 t/m 14;Lopen;Pedestrian;17
1961;10 t/m 14;Fiets;Bicycle;55
1961;10 t/m 14;Brom/snorfiets;Moped;5
1961;10 t/m 14;Auto (passagier);Car (passenger);7
1961;10 t/m 14;Vracht/bestel;Lorry/van;3
1961;10 t/m 14;Overig;Other;1
1961;15 t/m 19;Lopen;Pedestrian;14
1961;15 t/m 19;Fiets;Bicycle;27
1961;15 t/m 19;Brom/snorfiets;Moped;53
1961;15 t/m 19;Motor/scooter;Motorcycle;13
1961;15 t/m 19;Auto (bestuurder);Car (driver);11
1961;15 t/m 19;Auto (passagier);Car (passenger);14
1961;15 t/m 19;Vracht/bestel;Lorry/van;6
1961;15 t/m 19;Bus (OV);Bus (public transport);3
1961;15 t/m 19;Overig;Other;4
1961;20 t/m 24;Lopen;Pedestrian;9
1961;20 t/m 24;Fiets;Bicycle;14
1961;20 t/m 24;Brom/snorfiets;Moped;69
1961;20 t/m 24;Motor/scooter;Motorcycle;65
1961;20 t/m 24;Auto (bestuurder);Car (driver);24
1961;20 t/m 24;Auto (passagier);Car (passenger);21
1961;20 t/m 24;Vracht/bestel;Lorry/van;12
1961;20 t/m 24;Bus (OV);Bus (public transport);1
1961;20 t/m 24;Overig;Other;4
1961;25 t/m 29;Lopen;Pedestrian;11
1961;25 t/m 29;Fiets;Bicycle;4
1961;25 t/m 29;Brom/snorfiets;Moped;30
1961;25 t/m 29;Motor/scooter;Motorcycle;36
1961;25 t/m 29;Auto (bestuurder);Car (driver);24
1961;25 t/m 29;Auto (passagier);Car (passenger);10
1961;25 t/m 29;Vracht/bestel;Lorry/van;13
1961;25 t/m 29;Bus (OV);Bus (public transport);1
1961;25 t/m 29;Overig;Other;1
1961;30 t/m 34;Lopen;Pedestrian;5
1961;30 t/m 34;Fiets;Bicycle;2
1961;30 t/m 34;Brom/snorfiets;Moped;20
1961;30 t/m 34;Motor/scooter;Motorcycle;18
1961;30 t/m 34;Auto (bestuurder);Car (driver);20
1961;30 t/m 34;Auto (passagier);Car (passenger);8
1961;30 t/m 34;Vracht/bestel;Lorry/van;2
1961;30 t/m 34;Overig;Other;3
1961;35 t/m 39;Lopen;Pedestrian;2
1961;35 t/m 39;Fiets;Bicycle;9
1961;35 t/m 39;Brom/snorfiets;Moped;22
1961;35 t/m 39;Motor/scooter;Motorcycle;20
1961;35 t/m 39;Auto (bestuurder);Car (driver);21
1961;35 t/m 39;Auto (passagier);Car (passenger);9
1961;35 t/m 39;Vracht/bestel;Lorry/van;4
1961;35 t/m 39;Overig;Other;2
1961;40 t/m 44;Lopen;Pedestrian;10
1961;40 t/m 44;Fiets;Bicycle;6
1961;40 t/m 44;Brom/snorfiets;Moped;25
1961;40 t/m 44;Motor/scooter;Motorcycle;11
1961;40 t/m 44;Auto (bestuurder);Car (driver);18
1961;40 t/m 44;Auto (passagier);Car (passenger);15
1961;40 t/m 44;Vracht/bestel;Lorry/van;4
1961;40 t/m 44;Bus (OV);Bus (public transport);1
1961;40 t/m 44;Overig;Other;2
1961;45 t/m 49;Lopen;Pedestrian;11
1961;45 t/m 49;Fiets;Bicycle;17
1961;45 t/m 49;Brom/snorfiets;Moped;33
1961;45 t/m 49;Motor/scooter;Motorcycle;20
1961;45 t/m 49;Auto (bestuurder);Car (driver);28
1961;45 t/m 49;Auto (passagier);Car (passenger);16
1961;45 t/m 49;Vracht/bestel;Lorry/van;6
1961;45 t/m 49;Bus (OV);Bus (public transport);1
1961;45 t/m 49;Overig;Other;2
1961;50 t/m 54;Lopen;Pedestrian;18
1961;50 t/m 54;Fiets;Bicycle;12
1961;50 t/m 54;Brom/snorfiets;Moped;45
1961;50 t/m 54;Motor/scooter;Motorcycle;10
1961;50 t/m 54;Auto (bestuurder);Car (driver);16
1961;50 t/m 54;Auto (passagier);Car (passenger);11
1961;50 t/m 54;Vracht/bestel;Lorry/van;4
1961;50 t/m 54;Overig;Other;5
1961;55 t/m 59;Lopen;Pedestrian;16
1961;55 t/m 59;Fiets;Bicycle;26
1961;55 t/m 59;Brom/snorfiets;Moped;39
1961;55 t/m 59;Motor/scooter;Motorcycle;7
1961;55 t/m 59;Auto (bestuurder);Car (driver);12
1961;55 t/m 59;Auto (passagier);Car (passenger);13
1961;55 t/m 59;Vracht/bestel;Lorry/van;6
1961;55 t/m 59;Overig;Other;1
1961;60 t/m 64;Lopen;Pedestrian;24
1961;60 t/m 64;Fiets;Bicycle;35
1961;60 t/m 64;Brom/snorfiets;Moped;38
1961;60 t/m 64;Motor/scooter;Motorcycle;4
1961;60 t/m 64;Auto (bestuurder);Car (driver);10
1961;60 t/m 64;Auto (passagier);Car (passenger);14
1961;60 t/m 64;Vracht/bestel;Lorry/van;2
1961;60 t/m 64;Overig;Other;1
1961;65 t/m 69;Lopen;Pedestrian;31
1961;65 t/m 69;Fiets;Bicycle;38
1961;65 t/m 69;Brom/snorfiets;Moped;33
1961;65 t/m 69;Motor/scooter;Motorcycle;1
1961;65 t/m 69;Auto (bestuurder);Car (driver);8
1961;65 t/m 69;Auto (passagier);Car (passenger);13
1961;65 t/m 69;Vracht/bestel;Lorry/van;1
1961;65 t/m 69;Overig;Other;2
1961;70 t/m 74;Lopen;Pedestrian;40
1961;70 t/m 74;Fiets;Bicycle;40
1961;70 t/m 74;Brom/snorfiets;Moped;19
1961;70 t/m 74;Motor/scooter;Motorcycle;2
1961;70 t/m 74;Auto (bestuurder);Car (driver);9
1961;70 t/m 74;Auto (passagier);Car (passenger);7
1961;70 t/m 74;Bus (OV);Bus (public transport);1
1961;75+;Lopen;Pedestrian;96
1961;75+;Fiets;Bicycle;53
1961;75+;Brom/snorfiets;Moped;7
1961;75+;Auto (bestuurder);Car (driver);4
1961;75+;Auto (passagier);Car (passenger);13
1961;75+;Overig;Other;1
1962;0 t/m 4;Lopen;Pedestrian;96
1962;0 t/m 4;Fiets;Bicycle;7
1962;0 t/m 4;Motor/scooter;Motorcycle;1
1962;0 t/m 4;Auto (passagier);Car (passenger);12
1962;0 t/m 4;Vracht/bestel;Lorry/van;2
1962;0 t/m 4;Overig;Other;1
1962;5 t/m 9;Lopen;Pedestrian;108
1962;5 t/m 9;Fiets;Bicycle;37
1962;5 t/m 9;Auto (passagier);Car (passenger);3
1962;5 t/m 9;Vracht/bestel;Lorry/van;1
1962;10 t/m 14;Lopen;Pedestrian;23
1962;10 t/m 14;Fiets;Bicycle;48
1962;10 t/m 14;Brom/snorfiets;Moped;4
1962;10 t/m 14;Auto (passagier);Car (passenger);6
1962;10 t/m 14;Vracht/bestel;Lorry/van;1
1962;10 t/m 14;Overig;Other;2
1962;15 t/m 19;Lopen;Pedestrian;3
1962;15 t/m 19;Fiets;Bicycle;32
1962;15 t/m 19;Brom/snorfiets;Moped;72
1962;15 t/m 19;Motor/scooter;Motorcycle;13
1962;15 t/m 19;Auto (bestuurder);Car (driver);5
1962;15 t/m 19;Auto (passagier);Car (passenger);29
1962;15 t/m 19;Vracht/bestel;Lorry/van;8
1962;15 t/m 19;Overig;Other;2
1962;20 t/m 24;Lopen;Pedestrian;10
1962;20 t/m 24;Fiets;Bicycle;10
1962;20 t/m 24;Brom/snorfiets;Moped;58
1962;20 t/m 24;Motor/scooter;Motorcycle;47
1962;20 t/m 24;Auto (bestuurder);Car (driver);29
1962;20 t/m 24;Auto (passagier);Car (passenger);26
1962;20 t/m 24;Vracht/bestel;Lorry/van;9
1962;20 t/m 24;Bus (OV);Bus (public transport);1
1962;20 t/m 24;Overig;Other;2
1962;25 t/m 29;Lopen;Pedestrian;8
1962;25 t/m 29;Fiets;Bicycle;13
1962;25 t/m 29;Brom/snorfiets;Moped;32
1962;25 t/m 29;Motor/scooter;Motorcycle;29
1962;25 t/m 29;Auto (bestuurder);Car (driver);30
1962;25 t/m 29;Auto (passagier);Car (passenger);19
1962;25 t/m 29;Vracht/bestel;Lorry/van;8
1962;25 t/m 29;Overig;Other;1
1962;30 t/m 34;Lopen;Pedestrian;5
1962;30 t/m 34;Fiets;Bicycle;9
1962;30 t/m 34;Brom/snorfiets;Moped;19
1962;30 t/m 34;Motor/scooter;Motorcycle;16
1962;30 t/m 34;Auto (bestuurder);Car (driver);27
1962;30 t/m 34;Auto (passagier);Car (passenger);16
1962;30 t/m 34;Vracht/bestel;Lorry/van;7
1962;30 t/m 34;Bus (OV);Bus (public transport);1
1962;30 t/m 34;Overig;Other;2
1962;35 t/m 39;Lopen;Pedestrian;6
1962;35 t/m 39;Fiets;Bicycle;12
1962;35 t/m 39;Brom/snorfiets;Moped;16
1962;35 t/m 39;Motor/scooter;Motorcycle;7
1962;35 t/m 39;Auto (bestuurder);Car (driver);32
1962;35 t/m 39;Auto (passagier);Car (passenger);11
1962;35 t/m 39;Vracht/bestel;Lorry/van;1
1962;35 t/m 39;Overig;Other;5
1962;40 t/m 44;Lopen;Pedestrian;4
1962;40 t/m 44;Fiets;Bicycle;8
1962;40 t/m 44;Brom/snorfiets;Moped;24
1962;40 t/m 44;Motor/scooter;Motorcycle;10
1962;40 t/m 44;Auto (bestuurder);Car (driver);28
1962;40 t/m 44;Auto (passagier);Car (passenger);13
1962;40 t/m 44;Vracht/bestel;Lorry/van;4
1962;40 t/m 44;Overig;Other;1
1962;45 t/m 49;Lopen;Pedestrian;13
1962;45 t/m 49;Fiets;Bicycle;14
1962;45 t/m 49;Brom/snorfiets;Moped;28
1962;45 t/m 49;Motor/scooter;Motorcycle;7
1962;45 t/m 49;Auto (bestuurder);Car (driver);31
1962;45 t/m 49;Auto (passagier);Car (passenger);30
1962;45 t/m 49;Vracht/bestel;Lorry/van;1
1962;45 t/m 49;Bus (OV);Bus (public transport);1
1962;45 t/m 49;Overig;Other;1
1962;50 t/m 54;Lopen;Pedestrian;16
1962;50 t/m 54;Fiets;Bicycle;19
1962;50 t/m 54;Brom/snorfiets;Moped;34
1962;50 t/m 54;Motor/scooter;Motorcycle;9
1962;50 t/m 54;Auto (bestuurder);Car (driver);22
1962;50 t/m 54;Auto (passagier);Car (passenger);10
1962;50 t/m 54;Vracht/bestel;Lorry/van;2
1962;50 t/m 54;Overig;Other;5
1962;55 t/m 59;Lopen;Pedestrian;17
1962;55 t/m 59;Fiets;Bicycle;29
1962;55 t/m 59;Brom/snorfiets;Moped;27
1962;55 t/m 59;Motor/scooter;Motorcycle;9
1962;55 t/m 59;Auto (bestuurder);Car (driver);25
1962;55 t/m 59;Auto (passagier);Car (passenger);13
1962;55 t/m 59;Vracht/bestel;Lorry/van;7
1962;55 t/m 59;Bus (OV);Bus (public transport);1
1962;55 t/m 59;Overig;Other;2
1962;60 t/m 64;Lopen;Pedestrian;24
1962;60 t/m 64;Fiets;Bicycle;34
1962;60 t/m 64;Brom/snorfiets;Moped;35
1962;60 t/m 64;Motor/scooter;Motorcycle;1
1962;60 t/m 64;Auto (bestuurder);Car (driver);7
1962;60 t/m 64;Auto (passagier);Car (passenger);24
1962;60 t/m 64;Vracht/bestel;Lorry/van;2
1962;60 t/m 64;Bus (OV);Bus (public transport);1
1962;60 t/m 64;Overig;Other;4
1962;65 t/m 69;Lopen;Pedestrian;31
1962;65 t/m 69;Fiets;Bicycle;42
1962;65 t/m 69;Brom/snorfiets;Moped;34
1962;65 t/m 69;Auto (bestuurder);Car (driver);10
1962;65 t/m 69;Auto (passagier);Car (passenger);16
1962;65 t/m 69;Vracht/bestel;Lorry/van;1
1962;65 t/m 69;Bus (OV);Bus (public transport);1
1962;65 t/m 69;Overig;Other;1
1962;70 t/m 74;Lopen;Pedestrian;35
1962;70 t/m 74;Fiets;Bicycle;48
1962;70 t/m 74;Brom/snorfiets;Moped;17
1962;70 t/m 74;Auto (bestuurder);Car (driver);2
1962;70 t/m 74;Auto (passagier);Car (passenger);20
1962;70 t/m 74;Vracht/bestel;Lorry/van;1
1962;70 t/m 74;Bus (OV);Bus (public transport);1
1962;75+;Lopen;Pedestrian;86
1962;75+;Fiets;Bicycle;60
1962;75+;Brom/snorfiets;Moped;12
1962;75+;Auto (bestuurder);Car (driver);6
1962;75+;Auto (passagier);Car (passenger);18
1962;75+;Bus (OV);Bus (public transport);1
1962;75+;Overig;Other;2
1963;0 t/m 4;Lopen;Pedestrian;91
1963;0 t/m 4;Fiets;Bicycle;5
1963;0 t/m 4;Auto (passagier);Car (passenger);6
1963;0 t/m 4;Vracht/bestel;Lorry/van;1
1963;5 t/m 9;Lopen;Pedestrian;99
1963;5 t/m 9;Fiets;Bicycle;51
1963;5 t/m 9;Brom/snorfiets;Moped;1
1963;5 t/m 9;Auto (passagier);Car (passenger);15
1963;10 t/m 14;Lopen;Pedestrian;15
1963;10 t/m 14;Fiets;Bicycle;48
1963;10 t/m 14;Brom/snorfiets;Moped;6
1963;10 t/m 14;Motor/scooter;Motorcycle;1
1963;10 t/m 14;Auto (passagier);Car (passenger);9
1963;10 t/m 14;Vracht/bestel;Lorry/van;1
1963;10 t/m 14;Overig;Other;1
1963;15 t/m 19;Lopen;Pedestrian;21
1963;15 t/m 19;Fiets;Bicycle;18
1963;15 t/m 19;Brom/snorfiets;Moped;69
1963;15 t/m 19;Motor/scooter;Motorcycle;15
1963;15 t/m 19;Auto (bestuurder);Car (driver);7
1963;15 t/m 19;Auto (passagier);Car (passenger);25
1963;15 t/m 19;Vracht/bestel;Lorry/van;8
1963;15 t/m 19;Overig;Other;1
1963;20 t/m 24;Lopen;Pedestrian;9
1963;20 t/m 24;Fiets;Bicycle;10
1963;20 t/m 24;Brom/snorfiets;Moped;56
1963;20 t/m 24;Motor/scooter;Motorcycle;40
1963;20 t/m 24;Auto (bestuurder);Car (driver);35
1963;20 t/m 24;Auto (passagier);Car (passenger);34
1963;20 t/m 24;Vracht/bestel;Lorry/van;10
1963;20 t/m 24;Bus (OV);Bus (public transport);1
1963;20 t/m 24;Overig;Other;4
1963;25 t/m 29;Lopen;Pedestrian;5
1963;25 t/m 29;Fiets;Bicycle;6
1963;25 t/m 29;Brom/snorfiets;Moped;36
1963;25 t/m 29;Motor/scooter;Motorcycle;17
1963;25 t/m 29;Auto (bestuurder);Car (driver);40
1963;25 t/m 29;Auto (passagier);Car (passenger);17
1963;25 t/m 29;Vracht/bestel;Lorry/van;18
1963;25 t/m 29;Bus (OV);Bus (public transport);1
1963;30 t/m 34;Lopen;Pedestrian;11
1963;30 t/m 34;Fiets;Bicycle;3
1963;30 t/m 34;Brom/snorfiets;Moped;20
1963;30 t/m 34;Motor/scooter;Motorcycle;12
1963;30 t/m 34;Auto (bestuurder);Car (driver);31
1963;30 t/m 34;Auto (passagier);Car (passenger);8
1963;30 t/m 34;Vracht/bestel;Lorry/van;6
1963;35 t/m 39;Lopen;Pedestrian;4
1963;35 t/m 39;Fiets;Bicycle;4
1963;35 t/m 39;Brom/snorfiets;Moped;16
1963;35 t/m 39;Motor/scooter;Motorcycle;9
1963;35 t/m 39;Auto (bestuurder);Car (driver);21
1963;35 t/m 39;Auto (passagier);Car (passenger);17
1963;35 t/m 39;Vracht/bestel;Lorry/van;10
1963;35 t/m 39;Overig;Other;2
1963;40 t/m 44;Lopen;Pedestrian;11
1963;40 t/m 44;Fiets;Bicycle;14
1963;40 t/m 44;Brom/snorfiets;Moped;22
1963;40 t/m 44;Motor/scooter;Motorcycle;7
1963;40 t/m 44;Auto (bestuurder);Car (driver);26
1963;40 t/m 44;Auto (passagier);Car (passenger);17
1963;40 t/m 44;Vracht/bestel;Lorry/van;11
1963;45 t/m 49;Lopen;Pedestrian;10
1963;45 t/m 49;Fiets;Bicycle;12
1963;45 t/m 49;Brom/snorfiets;Moped;24
1963;45 t/m 49;Motor/scooter;Motorcycle;4
1963;45 t/m 49;Auto (bestuurder);Car (driver);22
1963;45 t/m 49;Auto (passagier);Car (passenger);19
1963;45 t/m 49;Vracht/bestel;Lorry/van;5
1963;50 t/m 54;Lopen;Pedestrian;16
1963;50 t/m 54;Fiets;Bicycle;9
1963;50 t/m 54;Brom/snorfiets;Moped;35
1963;50 t/m 54;Motor/scooter;Motorcycle;3
1963;50 t/m 54;Auto (bestuurder);Car (driver);18
1963;50 t/m 54;Auto (passagier);Car (passenger);12
1963;50 t/m 54;Vracht/bestel;Lorry/van;3
1963;55 t/m 59;Lopen;Pedestrian;14
1963;55 t/m 59;Fiets;Bicycle;25
1963;55 t/m 59;Brom/snorfiets;Moped;44
1963;55 t/m 59;Motor/scooter;Motorcycle;1
1963;55 t/m 59;Auto (bestuurder);Car (driver);21
1963;55 t/m 59;Auto (passagier);Car (passenger);16
1963;55 t/m 59;Vracht/bestel;Lorry/van;3
1963;55 t/m 59;Overig;Other;3
1963;60 t/m 64;Lopen;Pedestrian;21
1963;60 t/m 64;Fiets;Bicycle;36
1963;60 t/m 64;Brom/snorfiets;Moped;33
1963;60 t/m 64;Auto (bestuurder);Car (driver);8
1963;60 t/m 64;Auto (passagier);Car (passenger);13
1963;60 t/m 64;Overig;Other;4
1963;65 t/m 69;Lopen;Pedestrian;25
1963;65 t/m 69;Fiets;Bicycle;40
1963;65 t/m 69;Brom/snorfiets;Moped;28
1963;65 t/m 69;Motor/scooter;Motorcycle;1
1963;65 t/m 69;Auto (bestuurder);Car (driver);7
1963;65 t/m 69;Auto (passagier);Car (passenger);10
1963;65 t/m 69;Vracht/bestel;Lorry/van;3
1963;70 t/m 74;Lopen;Pedestrian;44
1963;70 t/m 74;Fiets;Bicycle;51
1963;70 t/m 74;Brom/snorfiets;Moped;16
1963;70 t/m 74;Motor/scooter;Motorcycle;1
1963;70 t/m 74;Auto (bestuurder);Car (driver);3
1963;70 t/m 74;Auto (passagier);Car (passenger);4
1963;75+;Lopen;Pedestrian;110
1963;75+;Fiets;Bicycle;71
1963;75+;Brom/snorfiets;Moped;11
1963;75+;Auto (bestuurder);Car (driver);4
1963;75+;Auto (passagier);Car (passenger);9
1964;0 t/m 4;Lopen;Pedestrian;97
1964;0 t/m 4;Fiets;Bicycle;7
1964;0 t/m 4;Brom/snorfiets;Moped;1
1964;0 t/m 4;Motor/scooter;Motorcycle;2
1964;0 t/m 4;Auto (passagier);Car (passenger);14
1964;0 t/m 4;Vracht/bestel;Lorry/van;1
1964;0 t/m 4;Bus (OV);Bus (public transport);1
1964;5 t/m 9;Lopen;Pedestrian;83
1964;5 t/m 9;Fiets;Bicycle;50
1964;5 t/m 9;Brom/snorfiets;Moped;2
1964;5 t/m 9;Auto (passagier);Car (passenger);15
1964;5 t/m 9;Vracht/bestel;Lorry/van;4
1964;5 t/m 9;Overig;Other;1
1964;10 t/m 14;Lopen;Pedestrian;24
1964;10 t/m 14;Fiets;Bicycle;67
1964;10 t/m 14;Brom/snorfiets;Moped;3
1964;10 t/m 14;Motor/scooter;Motorcycle;1
1964;10 t/m 14;Auto (passagier);Car (passenger);6
1964;10 t/m 14;Overig;Other;3
1964;15 t/m 19;Lopen;Pedestrian;12
1964;15 t/m 19;Fiets;Bicycle;35
1964;15 t/m 19;Brom/snorfiets;Moped;108
1964;15 t/m 19;Motor/scooter;Motorcycle;14
1964;15 t/m 19;Auto (bestuurder);Car (driver);12
1964;15 t/m 19;Auto (passagier);Car (passenger);36
1964;15 t/m 19;Vracht/bestel;Lorry/van;16
1964;15 t/m 19;Bus (OV);Bus (public transport);1
1964;15 t/m 19;Overig;Other;5
1964;20 t/m 24;Lopen;Pedestrian;12
1964;20 t/m 24;Fiets;Bicycle;17
1964;20 t/m 24;Brom/snorfiets;Moped;46
1964;20 t/m 24;Motor/scooter;Motorcycle;55
1964;20 t/m 24;Auto (bestuurder);Car (driver);51
1964;20 t/m 24;Auto (passagier);Car (passenger);39
1964;20 t/m 24;Vracht/bestel;Lorry/van;14
1964;25 t/m 29;Lopen;Pedestrian;7
1964;25 t/m 29;Fiets;Bicycle;4
1964;25 t/m 29;Brom/snorfiets;Moped;32
1964;25 t/m 29;Motor/scooter;Motorcycle;31
1964;25 t/m 29;Auto (bestuurder);Car (driver);54
1964;25 t/m 29;Auto (passagier);Car (passenger);32
1964;25 t/m 29;Vracht/bestel;Lorry/van;10
1964;25 t/m 29;Bus (OV);Bus (public transport);1
1964;25 t/m 29;Overig;Other;3
1964;30 t/m 34;Lopen;Pedestrian;13
1964;30 t/m 34;Fiets;Bicycle;8
1964;30 t/m 34;Brom/snorfiets;Moped;19
1964;30 t/m 34;Motor/scooter;Motorcycle;8
1964;30 t/m 34;Auto (bestuurder);Car (driver);46
1964;30 t/m 34;Auto (passagier);Car (passenger);19
1964;30 t/m 34;Vracht/bestel;Lorry/van;12
1964;30 t/m 34;Bus (OV);Bus (public transport);1
1964;30 t/m 34;Overig;Other;2
1964;35 t/m 39;Lopen;Pedestrian;7
1964;35 t/m 39;Fiets;Bicycle;12
1964;35 t/m 39;Brom/snorfiets;Moped;19
1964;35 t/m 39;Motor/scooter;Motorcycle;10
1964;35 t/m 39;Auto (bestuurder);Car (driver);37
1964;35 t/m 39;Auto (passagier);Car (passenger);10
1964;35 t/m 39;Vracht/bestel;Lorry/van;11
1964;35 t/m 39;Overig;Other;1
1964;40 t/m 44;Lopen;Pedestrian;10
1964;40 t/m 44;Fiets;Bicycle;8
1964;40 t/m 44;Brom/snorfiets;Moped;24
1964;40 t/m 44;Motor/scooter;Motorcycle;12
1964;40 t/m 44;Auto (bestuurder);Car (driver);41
1964;40 t/m 44;Auto (passagier);Car (passenger);15
1964;40 t/m 44;Vracht/bestel;Lorry/van;4
1964;45 t/m 49;Lopen;Pedestrian;10
1964;45 t/m 49;Fiets;Bicycle;14
1964;45 t/m 49;Brom/snorfiets;Moped;26
1964;45 t/m 49;Motor/scooter;Motorcycle;4
1964;45 t/m 49;Auto (bestuurder);Car (driver);31
1964;45 t/m 49;Auto (passagier);Car (passenger);12
1964;45 t/m 49;Overig;Other;1
1964;50 t/m 54;Lopen;Pedestrian;14
1964;50 t/m 54;Fiets;Bicycle;19
1964;50 t/m 54;Brom/snorfiets;Moped;28
1964;50 t/m 54;Motor/scooter;Motorcycle;2
1964;50 t/m 54;Auto (bestuurder);Car (driver);29
1964;50 t/m 54;Auto (passagier);Car (passenger);15
1964;50 t/m 54;Vracht/bestel;Lorry/van;5
1964;50 t/m 54;Overig;Other;1
1964;55 t/m 59;Lopen;Pedestrian;16
1964;55 t/m 59;Fiets;Bicycle;28
1964;55 t/m 59;Brom/snorfiets;Moped;39
1964;55 t/m 59;Motor/scooter;Motorcycle;3
1964;55 t/m 59;Auto (bestuurder);Car (driver);34
1964;55 t/m 59;Auto (passagier);Car (passenger);22
1964;55 t/m 59;Vracht/bestel;Lorry/van;1
1964;55 t/m 59;Bus (OV);Bus (public transport);1
1964;55 t/m 59;Overig;Other;1
1964;60 t/m 64;Lopen;Pedestrian;28
1964;60 t/m 64;Fiets;Bicycle;47
1964;60 t/m 64;Brom/snorfiets;Moped;29
1964;60 t/m 64;Motor/scooter;Motorcycle;4
1964;60 t/m 64;Auto (bestuurder);Car (driver);17
1964;60 t/m 64;Auto (passagier);Car (passenger);16
1964;60 t/m 64;Vracht/bestel;Lorry/van;4
1964;60 t/m 64;Overig;Other;2
1964;65 t/m 69;Lopen;Pedestrian;43
1964;65 t/m 69;Fiets;Bicycle;44
1964;65 t/m 69;Brom/snorfiets;Moped;34
1964;65 t/m 69;Motor/scooter;Motorcycle;1
1964;65 t/m 69;Auto (bestuurder);Car (driver);10
1964;65 t/m 69;Auto (passagier);Car (passenger);11
1964;65 t/m 69;Vracht/bestel;Lorry/van;4
1964;65 t/m 69;Overig;Other;2
1964;70 t/m 74;Lopen;Pedestrian;53
1964;70 t/m 74;Fiets;Bicycle;36
1964;70 t/m 74;Brom/snorfiets;Moped;26
1964;70 t/m 74;Auto (bestuurder);Car (driver);5
1964;70 t/m 74;Auto (passagier);Car (passenger);13
1964;70 t/m 74;Overig;Other;1
1964;75+;Lopen;Pedestrian;91
1964;75+;Fiets;Bicycle;80
1964;75+;Brom/snorfiets;Moped;13
1964;75+;Auto (bestuurder);Car (driver);7
1964;75+;Auto (passagier);Car (passenger);17
1964;75+;Vracht/bestel;Lorry/van;1
1964;75+;Bus (OV);Bus (public transport);1
1964;75+;Overig;Other;1
1965;0 t/m 4;Lopen;Pedestrian;99
1965;0 t/m 4;Fiets;Bicycle;5
1965;0 t/m 4;Auto (passagier);Car (passenger);16
1965;0 t/m 4;Vracht/bestel;Lorry/van;1
1965;0 t/m 4;Overig;Other;2
1965;5 t/m 9;Lopen;Pedestrian;97
1965;5 t/m 9;Fiets;Bicycle;52
1965;5 t/m 9;Brom/snorfiets;Moped;1
1965;5 t/m 9;Auto (passagier);Car (passenger);11
1965;5 t/m 9;Vracht/bestel;Lorry/van;2
1965;5 t/m 9;Overig;Other;1
1965;10 t/m 14;Lopen;Pedestrian;19
1965;10 t/m 14;Fiets;Bicycle;47
1965;10 t/m 14;Brom/snorfiets;Moped;7
1965;10 t/m 14;Auto (passagier);Car (passenger);4
1965;10 t/m 14;Vracht/bestel;Lorry/van;3
1965;10 t/m 14;Overig;Other;3
1965;15 t/m 19;Lopen;Pedestrian;15
1965;15 t/m 19;Fiets;Bicycle;37
1965;15 t/m 19;Brom/snorfiets;Moped;118
1965;15 t/m 19;Motor/scooter;Motorcycle;14
1965;15 t/m 19;Auto (bestuurder);Car (driver);14
1965;15 t/m 19;Auto (passagier);Car (passenger);47
1965;15 t/m 19;Vracht/bestel;Lorry/van;11
1965;15 t/m 19;Overig;Other;3
1965;20 t/m 24;Lopen;Pedestrian;20
1965;20 t/m 24;Fiets;Bicycle;14
1965;20 t/m 24;Brom/snorfiets;Moped;45
1965;20 t/m 24;Motor/scooter;Motorcycle;39
1965;20 t/m 24;Auto (bestuurder);Car (driver);69
1965;20 t/m 24;Auto (passagier);Car (passenger);53
1965;20 t/m 24;Vracht/bestel;Lorry/van;22
1965;20 t/m 24;Overig;Other;2
1965;25 t/m 29;Lopen;Pedestrian;16
1965;25 t/m 29;Fiets;Bicycle;5
1965;25 t/m 29;Brom/snorfiets;Moped;31
1965;25 t/m 29;Motor/scooter;Motorcycle;24
1965;25 t/m 29;Auto (bestuurder);Car (driver);50
1965;25 t/m 29;Auto (passagier);Car (passenger);24
1965;25 t/m 29;Vracht/bestel;Lorry/van;14
1965;25 t/m 29;Overig;Other;2
1965;30 t/m 34;Lopen;Pedestrian;11
1965;30 t/m 34;Fiets;Bicycle;12
1965;30 t/m 34;Brom/snorfiets;Moped;30
1965;30 t/m 34;Motor/scooter;Motorcycle;9
1965;30 t/m 34;Auto (bestuurder);Car (driver);37
1965;30 t/m 34;Auto (passagier);Car (passenger);19
1965;30 t/m 34;Vracht/bestel;Lorry/van;11
1965;35 t/m 39;Lopen;Pedestrian;9
1965;35 t/m 39;Fiets;Bicycle;8
1965;35 t/m 39;Brom/snorfiets;Moped;20
1965;35 t/m 39;Motor/scooter;Motorcycle;4
1965;35 t/m 39;Auto (bestuurder);Car (driver);39
1965;35 t/m 39;Auto (passagier);Car (passenger);14
1965;35 t/m 39;Vracht/bestel;Lorry/van;5
1965;35 t/m 39;Overig;Other;2
1965;40 t/m 44;Lopen;Pedestrian;11
1965;40 t/m 44;Fiets;Bicycle;6
1965;40 t/m 44;Brom/snorfiets;Moped;18
1965;40 t/m 44;Motor/scooter;Motorcycle;5
1965;40 t/m 44;Auto (bestuurder);Car (driver);43
1965;40 t/m 44;Auto (passagier);Car (passenger);19
1965;40 t/m 44;Vracht/bestel;Lorry/van;7
1965;40 t/m 44;Overig;Other;1
1965;45 t/m 49;Lopen;Pedestrian;10
1965;45 t/m 49;Fiets;Bicycle;13
1965;45 t/m 49;Brom/snorfiets;Moped;27
1965;45 t/m 49;Motor/scooter;Motorcycle;7
1965;45 t/m 49;Auto (bestuurder);Car (driver);36
1965;45 t/m 49;Auto (passagier);Car (passenger);20
1965;45 t/m 49;Vracht/bestel;Lorry/van;5
1965;45 t/m 49;Overig;Other;5
1965;50 t/m 54;Lopen;Pedestrian;18
1965;50 t/m 54;Fiets;Bicycle;18
1965;50 t/m 54;Brom/snorfiets;Moped;36
1965;50 t/m 54;Motor/scooter;Motorcycle;7
1965;50 t/m 54;Auto (bestuurder);Car (driver);34
1965;50 t/m 54;Auto (passagier);Car (passenger);21
1965;50 t/m 54;Vracht/bestel;Lorry/van;3
1965;50 t/m 54;Overig;Other;3
1965;55 t/m 59;Lopen;Pedestrian;29
1965;55 t/m 59;Fiets;Bicycle;29
1965;55 t/m 59;Brom/snorfiets;Moped;34
1965;55 t/m 59;Motor/scooter;Motorcycle;3
1965;55 t/m 59;Auto (bestuurder);Car (driver);22
1965;55 t/m 59;Auto (passagier);Car (passenger);17
1965;55 t/m 59;Vracht/bestel;Lorry/van;3
1965;55 t/m 59;Overig;Other;5
1965;60 t/m 64;Lopen;Pedestrian;34
1965;60 t/m 64;Fiets;Bicycle;30
1965;60 t/m 64;Brom/snorfiets;Moped;46
1965;60 t/m 64;Motor/scooter;Motorcycle;2
1965;60 t/m 64;Auto (bestuurder);Car (driver);20
1965;60 t/m 64;Auto (passagier);Car (passenger);21
1965;60 t/m 64;Vracht/bestel;Lorry/van;6
1965;60 t/m 64;Overig;Other;1
1965;65 t/m 69;Lopen;Pedestrian;32
1965;65 t/m 69;Fiets;Bicycle;50
1965;65 t/m 69;Brom/snorfiets;Moped;27
1965;65 t/m 69;Auto (bestuurder);Car (driver);10
1965;65 t/m 69;Auto (passagier);Car (passenger);19
1965;65 t/m 69;Vracht/bestel;Lorry/van;3
1965;65 t/m 69;Overig;Other;1
1965;70 t/m 74;Lopen;Pedestrian;45
1965;70 t/m 74;Fiets;Bicycle;47
1965;70 t/m 74;Brom/snorfiets;Moped;27
1965;70 t/m 74;Auto (bestuurder);Car (driver);8
1965;70 t/m 74;Auto (passagier);Car (passenger);11
1965;70 t/m 74;Vracht/bestel;Lorry/van;2
1965;70 t/m 74;Overig;Other;1
1965;75+;Lopen;Pedestrian;113
1965;75+;Fiets;Bicycle;58
1965;75+;Brom/snorfiets;Moped;24
1965;75+;Motor/scooter;Motorcycle;1
1965;75+;Auto (bestuurder);Car (driver);7
1965;75+;Auto (passagier);Car (passenger);27
1965;75+;Vracht/bestel;Lorry/van;1
1965;75+;Overig;Other;1
1966;0 t/m 4;Lopen;Pedestrian;98
1966;0 t/m 4;Fiets;Bicycle;8
1966;0 t/m 4;Auto (passagier);Car (passenger);13
1966;0 t/m 4;Overig;Other;1
1966;5 t/m 9;Lopen;Pedestrian;99
1966;5 t/m 9;Fiets;Bicycle;62
1966;5 t/m 9;Brom/snorfiets;Moped;1
1966;5 t/m 9;Auto (passagier);Car (passenger);2
1966;5 t/m 9;Vracht/bestel;Lorry/van;3
1966;10 t/m 14;Lopen;Pedestrian;22
1966;10 t/m 14;Fiets;Bicycle;75
1966;10 t/m 14;Brom/snorfiets;Moped;3
1966;10 t/m 14;Auto (passagier);Car (passenger);3
1966;10 t/m 14;Vracht/bestel;Lorry/van;1
1966;10 t/m 14;Overig;Other;2
1966;15 t/m 19;Lopen;Pedestrian;15
1966;15 t/m 19;Fiets;Bicycle;27
1966;15 t/m 19;Brom/snorfiets;Moped;125
1966;15 t/m 19;Motor/scooter;Motorcycle;21
1966;15 t/m 19;Auto (bestuurder);Car (driver);24
1966;15 t/m 19;Auto (passagier);Car (passenger);42
1966;15 t/m 19;Vracht/bestel;Lorry/van;9
1966;15 t/m 19;Overig;Other;4
1966;20 t/m 24;Lopen;Pedestrian;15
1966;20 t/m 24;Fiets;Bicycle;16
1966;20 t/m 24;Brom/snorfiets;Moped;68
1966;20 t/m 24;Motor/scooter;Motorcycle;48
1966;20 t/m 24;Auto (bestuurder);Car (driver);63
1966;20 t/m 24;Auto (passagier);Car (passenger);72
1966;20 t/m 24;Vracht/bestel;Lorry/van;20
1966;20 t/m 24;Overig;Other;2
1966;25 t/m 29;Lopen;Pedestrian;9
1966;25 t/m 29;Fiets;Bicycle;11
1966;25 t/m 29;Brom/snorfiets;Moped;23
1966;25 t/m 29;Motor/scooter;Motorcycle;16
1966;25 t/m 29;Auto (bestuurder);Car (driver);69
1966;25 t/m 29;Auto (passagier);Car (passenger);20
1966;25 t/m 29;Vracht/bestel;Lorry/van;10
1966;25 t/m 29;Overig;Other;2
1966;30 t/m 34;Lopen;Pedestrian;7
1966;30 t/m 34;Fiets;Bicycle;9
1966;30 t/m 34;Brom/snorfiets;Moped;17
1966;30 t/m 34;Motor/scooter;Motorcycle;14
1966;30 t/m 34;Auto (bestuurder);Car (driver);45
1966;30 t/m 34;Auto (passagier);Car (passenger);29
1966;30 t/m 34;Vracht/bestel;Lorry/van;7
1966;30 t/m 34;Overig;Other;3
1966;35 t/m 39;Lopen;Pedestrian;11
1966;35 t/m 39;Fiets;Bicycle;7
1966;35 t/m 39;Brom/snorfiets;Moped;20
1966;35 t/m 39;Motor/scooter;Motorcycle;7
1966;35 t/m 39;Auto (bestuurder);Car (driver);43
1966;35 t/m 39;Auto (passagier);Car (passenger);13
1966;35 t/m 39;Vracht/bestel;Lorry/van;9
1966;35 t/m 39;Overig;Other;1
1966;40 t/m 44;Lopen;Pedestrian;16
1966;40 t/m 44;Fiets;Bicycle;14
1966;40 t/m 44;Brom/snorfiets;Moped;24
1966;40 t/m 44;Motor/scooter;Motorcycle;2
1966;40 t/m 44;Auto (bestuurder);Car (driver);35
1966;40 t/m 44;Auto (passagier);Car (passenger);17
1966;40 t/m 44;Vracht/bestel;Lorry/van;12
1966;40 t/m 44;Overig;Other;1
1966;45 t/m 49;Lopen;Pedestrian;16
1966;45 t/m 49;Fiets;Bicycle;11
1966;45 t/m 49;Brom/snorfiets;Moped;20
1966;45 t/m 49;Motor/scooter;Motorcycle;2
1966;45 t/m 49;Auto (bestuurder);Car (driver);36
1966;45 t/m 49;Auto (passagier);Car (passenger);21
1966;45 t/m 49;Vracht/bestel;Lorry/van;4
1966;45 t/m 49;Overig;Other;3
1966;50 t/m 54;Lopen;Pedestrian;13
1966;50 t/m 54;Fiets;Bicycle;7
1966;50 t/m 54;Brom/snorfiets;Moped;30
1966;50 t/m 54;Motor/scooter;Motorcycle;4
1966;50 t/m 54;Auto (bestuurder);Car (driver);36
1966;50 t/m 54;Auto (passagier);Car (passenger);19
1966;50 t/m 54;Vracht/bestel;Lorry/van;6
1966;50 t/m 54;Overig;Other;2
1966;55 t/m 59;Lopen;Pedestrian;26
1966;55 t/m 59;Fiets;Bicycle;25
1966;55 t/m 59;Brom/snorfiets;Moped;38
1966;55 t/m 59;Motor/scooter;Motorcycle;1
1966;55 t/m 59;Auto (bestuurder);Car (driver);29
1966;55 t/m 59;Auto (passagier);Car (passenger);20
1966;55 t/m 59;Vracht/bestel;Lorry/van;7
1966;55 t/m 59;Overig;Other;2
1966;60 t/m 64;Lopen;Pedestrian;33
1966;60 t/m 64;Fiets;Bicycle;38
1966;60 t/m 64;Brom/snorfiets;Moped;32
1966;60 t/m 64;Motor/scooter;Motorcycle;2
1966;60 t/m 64;Auto (bestuurder);Car (driver);26
1966;60 t/m 64;Auto (passagier);Car (passenger);22
1966;60 t/m 64;Bus (OV);Bus (public transport);2
1966;60 t/m 64;Overig;Other;3
1966;65 t/m 69;Lopen;Pedestrian;36
1966;65 t/m 69;Fiets;Bicycle;40
1966;65 t/m 69;Brom/snorfiets;Moped;35
1966;65 t/m 69;Motor/scooter;Motorcycle;2
1966;65 t/m 69;Auto (bestuurder);Car (driver);18
1966;65 t/m 69;Auto (passagier);Car (passenger);21
1966;65 t/m 69;Overig;Other;2
1966;70 t/m 74;Lopen;Pedestrian;49
1966;70 t/m 74;Fiets;Bicycle;69
1966;70 t/m 74;Brom/snorfiets;Moped;21
1966;70 t/m 74;Auto (bestuurder);Car (driver);12
1966;70 t/m 74;Auto (passagier);Car (passenger);20
1966;70 t/m 74;Overig;Other;4
1966;75+;Lopen;Pedestrian;141
1966;75+;Fiets;Bicycle;85
1966;75+;Brom/snorfiets;Moped;13
1966;75+;Motor/scooter;Motorcycle;1
1966;75+;Auto (bestuurder);Car (driver);8
1966;75+;Auto (passagier);Car (passenger);18
1966;75+;Vracht/bestel;Lorry/van;1
1966;75+;Overig;Other;1
1967;0 t/m 4;Lopen;Pedestrian;87
1967;0 t/m 4;Fiets;Bicycle;2
1967;0 t/m 4;Brom/snorfiets;Moped;2
1967;0 t/m 4;Auto (passagier);Car (passenger);17
1967;0 t/m 4;Vracht/bestel;Lorry/van;2
1967;0 t/m 4;Overig;Other;2
1967;5 t/m 9;Lopen;Pedestrian;106
1967;5 t/m 9;Fiets;Bicycle;74
1967;5 t/m 9;Auto (passagier);Car (passenger);10
1967;5 t/m 9;Vracht/bestel;Lorry/van;1
1967;10 t/m 14;Lopen;Pedestrian;33
1967;10 t/m 14;Fiets;Bicycle;81
1967;10 t/m 14;Brom/snorfiets;Moped;6
1967;10 t/m 14;Motor/scooter;Motorcycle;1
1967;10 t/m 14;Auto (passagier);Car (passenger);11
1967;10 t/m 14;Vracht/bestel;Lorry/van;1
1967;10 t/m 14;Overig;Other;1
1967;15 t/m 19;Lopen;Pedestrian;28
1967;15 t/m 19;Fiets;Bicycle;31
1967;15 t/m 19;Brom/snorfiets;Moped;174
1967;15 t/m 19;Motor/scooter;Motorcycle;25
1967;15 t/m 19;Auto (bestuurder);Car (driver);28
1967;15 t/m 19;Auto (passagier);Car (passenger);55
1967;15 t/m 19;Vracht/bestel;Lorry/van;10
1967;15 t/m 19;Overig;Other;4
1967;20 t/m 24;Lopen;Pedestrian;11
1967;20 t/m 24;Fiets;Bicycle;11
1967;20 t/m 24;Brom/snorfiets;Moped;67
1967;20 t/m 24;Motor/scooter;Motorcycle;46
1967;20 t/m 24;Auto (bestuurder);Car (driver);104
1967;20 t/m 24;Auto (passagier);Car (passenger);60
1967;20 t/m 24;Vracht/bestel;Lorry/van;27
1967;20 t/m 24;Overig;Other;1
1967;25 t/m 29;Lopen;Pedestrian;12
1967;25 t/m 29;Fiets;Bicycle;3
1967;25 t/m 29;Brom/snorfiets;Moped;39
1967;25 t/m 29;Motor/scooter;Motorcycle;15
1967;25 t/m 29;Auto (bestuurder);Car (driver);78
1967;25 t/m 29;Auto (passagier);Car (passenger);31
1967;25 t/m 29;Vracht/bestel;Lorry/van;8
1967;25 t/m 29;Overig;Other;3
1967;30 t/m 34;Lopen;Pedestrian;13
1967;30 t/m 34;Fiets;Bicycle;9
1967;30 t/m 34;Brom/snorfiets;Moped;28
1967;30 t/m 34;Motor/scooter;Motorcycle;9
1967;30 t/m 34;Auto (bestuurder);Car (driver);56
1967;30 t/m 34;Auto (passagier);Car (passenger);33
1967;30 t/m 34;Vracht/bestel;Lorry/van;8
1967;30 t/m 34;Overig;Other;1
1967;35 t/m 39;Lopen;Pedestrian;8
1967;35 t/m 39;Fiets;Bicycle;11
1967;35 t/m 39;Brom/snorfiets;Moped;14
1967;35 t/m 39;Motor/scooter;Motorcycle;4
1967;35 t/m 39;Auto (bestuurder);Car (driver);48
1967;35 t/m 39;Auto (passagier);Car (passenger);22
1967;35 t/m 39;Vracht/bestel;Lorry/van;8
1967;35 t/m 39;Overig;Other;5
1967;40 t/m 44;Lopen;Pedestrian;9
1967;40 t/m 44;Fiets;Bicycle;10
1967;40 t/m 44;Brom/snorfiets;Moped;21
1967;40 t/m 44;Motor/scooter;Motorcycle;3
1967;40 t/m 44;Auto (bestuurder);Car (driver);40
1967;40 t/m 44;Auto (passagier);Car (passenger);18
1967;40 t/m 44;Vracht/bestel;Lorry/van;7
1967;45 t/m 49;Lopen;Pedestrian;14
1967;45 t/m 49;Fiets;Bicycle;14
1967;45 t/m 49;Brom/snorfiets;Moped;25
1967;45 t/m 49;Motor/scooter;Motorcycle;5
1967;45 t/m 49;Auto (bestuurder);Car (driver);53
1967;45 t/m 49;Auto (passagier);Car (passenger);18
1967;45 t/m 49;Vracht/bestel;Lorry/van;5
1967;45 t/m 49;Overig;Other;3
1967;50 t/m 54;Lopen;Pedestrian;18
1967;50 t/m 54;Fiets;Bicycle;17
1967;50 t/m 54;Brom/snorfiets;Moped;35
1967;50 t/m 54;Motor/scooter;Motorcycle;4
1967;50 t/m 54;Auto (bestuurder);Car (driver);38
1967;50 t/m 54;Auto (passagier);Car (passenger);25
1967;50 t/m 54;Vracht/bestel;Lorry/van;7
1967;50 t/m 54;Overig;Other;3
1967;55 t/m 59;Lopen;Pedestrian;22
1967;55 t/m 59;Fiets;Bicycle;16
1967;55 t/m 59;Brom/snorfiets;Moped;34
1967;55 t/m 59;Motor/scooter;Motorcycle;2
1967;55 t/m 59;Auto (bestuurder);Car (driver);36
1967;55 t/m 59;Auto (passagier);Car (passenger);27
1967;55 t/m 59;Vracht/bestel;Lorry/van;3
1967;55 t/m 59;Overig;Other;3
1967;60 t/m 64;Lopen;Pedestrian;31
1967;60 t/m 64;Fiets;Bicycle;30
1967;60 t/m 64;Brom/snorfiets;Moped;44
1967;60 t/m 64;Motor/scooter;Motorcycle;3
1967;60 t/m 64;Auto (bestuurder);Car (driver);24
1967;60 t/m 64;Auto (passagier);Car (passenger);24
1967;60 t/m 64;Vracht/bestel;Lorry/van;6
1967;60 t/m 64;Overig;Other;2
1967;65 t/m 69;Lopen;Pedestrian;51
1967;65 t/m 69;Fiets;Bicycle;48
1967;65 t/m 69;Brom/snorfiets;Moped;28
1967;65 t/m 69;Auto (bestuurder);Car (driver);19
1967;65 t/m 69;Auto (passagier);Car (passenger);22
1967;65 t/m 69;Vracht/bestel;Lorry/van;1
1967;70 t/m 74;Lopen;Pedestrian;44
1967;70 t/m 74;Fiets;Bicycle;60
1967;70 t/m 74;Brom/snorfiets;Moped;22
1967;70 t/m 74;Auto (bestuurder);Car (driver);7
1967;70 t/m 74;Auto (passagier);Car (passenger);12
1967;70 t/m 74;Vracht/bestel;Lorry/van;2
1967;75+;Lopen;Pedestrian;114
1967;75+;Fiets;Bicycle;90
1967;75+;Brom/snorfiets;Moped;21
1967;75+;Auto (bestuurder);Car (driver);10
1967;75+;Auto (passagier);Car (passenger);24
1967;75+;Vracht/bestel;Lorry/van;1
1967;75+;Overig;Other;2
1968;0 t/m 4;Lopen;Pedestrian;106
1968;0 t/m 4;Fiets;Bicycle;4
1968;0 t/m 4;Brom/snorfiets;Moped;2
1968;0 t/m 4;Auto (passagier);Car (passenger);25
1968;0 t/m 4;Vracht/bestel;Lorry/van;2
1968;0 t/m 4;Overig;Other;1
1968;5 t/m 9;Lopen;Pedestrian;101
1968;5 t/m 9;Fiets;Bicycle;60
1968;5 t/m 9;Brom/snorfiets;Moped;3
1968;5 t/m 9;Auto (passagier);Car (passenger);18
1968;5 t/m 9;Vracht/bestel;Lorry/van;1
1968;5 t/m 9;Overig;Other;2
1968;10 t/m 14;Lopen;Pedestrian;20
1968;10 t/m 14;Fiets;Bicycle;66
1968;10 t/m 14;Brom/snorfiets;Moped;6
1968;10 t/m 14;Auto (passagier);Car (passenger);17
1968;10 t/m 14;Vracht/bestel;Lorry/van;3
1968;10 t/m 14;Overig;Other;2
1968;15 t/m 19;Lopen;Pedestrian;22
1968;15 t/m 19;Fiets;Bicycle;28
1968;15 t/m 19;Brom/snorfiets;Moped;182
1968;15 t/m 19;Motor/scooter;Motorcycle;14
1968;15 t/m 19;Auto (bestuurder);Car (driver);21
1968;15 t/m 19;Auto (passagier);Car (passenger);62
1968;15 t/m 19;Vracht/bestel;Lorry/van;13
1968;15 t/m 19;Overig;Other;3
1968;20 t/m 24;Lopen;Pedestrian;11
1968;20 t/m 24;Fiets;Bicycle;12
1968;20 t/m 24;Brom/snorfiets;Moped;70
1968;20 t/m 24;Motor/scooter;Motorcycle;35
1968;20 t/m 24;Auto (bestuurder);Car (driver);138
1968;20 t/m 24;Auto (passagier);Car (passenger);86
1968;20 t/m 24;Vracht/bestel;Lorry/van;10
1968;20 t/m 24;Overig;Other;2
1968;25 t/m 29;Lopen;Pedestrian;6
1968;25 t/m 29;Fiets;Bicycle;8
1968;25 t/m 29;Brom/snorfiets;Moped;22
1968;25 t/m 29;Motor/scooter;Motorcycle;14
1968;25 t/m 29;Auto (bestuurder);Car (driver);75
1968;25 t/m 29;Auto (passagier);Car (passenger);38
1968;25 t/m 29;Vracht/bestel;Lorry/van;15
1968;25 t/m 29;Overig;Other;2
1968;30 t/m 34;Lopen;Pedestrian;13
1968;30 t/m 34;Fiets;Bicycle;9
1968;30 t/m 34;Brom/snorfiets;Moped;26
1968;30 t/m 34;Motor/scooter;Motorcycle;11
1968;30 t/m 34;Auto (bestuurder);Car (driver);55
1968;30 t/m 34;Auto (passagier);Car (passenger);26
1968;30 t/m 34;Vracht/bestel;Lorry/van;11
1968;30 t/m 34;Overig;Other;2
1968;35 t/m 39;Lopen;Pedestrian;10
1968;35 t/m 39;Fiets;Bicycle;3
1968;35 t/m 39;Brom/snorfiets;Moped;19
1968;35 t/m 39;Motor/scooter;Motorcycle;9
1968;35 t/m 39;Auto (bestuurder);Car (driver);41
1968;35 t/m 39;Auto (passagier);Car (passenger);26
1968;35 t/m 39;Vracht/bestel;Lorry/van;5
1968;40 t/m 44;Lopen;Pedestrian;14
1968;40 t/m 44;Fiets;Bicycle;16
1968;40 t/m 44;Brom/snorfiets;Moped;19
1968;40 t/m 44;Motor/scooter;Motorcycle;3
1968;40 t/m 44;Auto (bestuurder);Car (driver);50
1968;40 t/m 44;Auto (passagier);Car (passenger);24
1968;40 t/m 44;Vracht/bestel;Lorry/van;5
1968;45 t/m 49;Lopen;Pedestrian;8
1968;45 t/m 49;Fiets;Bicycle;11
1968;45 t/m 49;Brom/snorfiets;Moped;12
1968;45 t/m 49;Motor/scooter;Motorcycle;3
1968;45 t/m 49;Auto (bestuurder);Car (driver);43
1968;45 t/m 49;Auto (passagier);Car (passenger);22
1968;45 t/m 49;Vracht/bestel;Lorry/van;3
1968;45 t/m 49;Overig;Other;2
1968;50 t/m 54;Lopen;Pedestrian;13
1968;50 t/m 54;Fiets;Bicycle;21
1968;50 t/m 54;Brom/snorfiets;Moped;25
1968;50 t/m 54;Motor/scooter;Motorcycle;2
1968;50 t/m 54;Auto (bestuurder);Car (driver);40
1968;50 t/m 54;Auto (passagier);Car (passenger);28
1968;50 t/m 54;Vracht/bestel;Lorry/van;4
1968;50 t/m 54;Overig;Other;4
1968;55 t/m 59;Lopen;Pedestrian;22
1968;55 t/m 59;Fiets;Bicycle;26
1968;55 t/m 59;Brom/snorfiets;Moped;29
1968;55 t/m 59;Auto (bestuurder);Car (driver);39
1968;55 t/m 59;Auto (passagier);Car (passenger);27
1968;55 t/m 59;Vracht/bestel;Lorry/van;6
1968;55 t/m 59;Overig;Other;1
1968;60 t/m 64;Lopen;Pedestrian;30
1968;60 t/m 64;Fiets;Bicycle;33
1968;60 t/m 64;Brom/snorfiets;Moped;37
1968;60 t/m 64;Motor/scooter;Motorcycle;1
1968;60 t/m 64;Auto (bestuurder);Car (driver);28
1968;60 t/m 64;Auto (passagier);Car (passenger);24
1968;60 t/m 64;Vracht/bestel;Lorry/van;2
1968;60 t/m 64;Overig;Other;1
1968;65 t/m 69;Lopen;Pedestrian;37
1968;65 t/m 69;Fiets;Bicycle;45
1968;65 t/m 69;Brom/snorfiets;Moped;37
1968;65 t/m 69;Auto (bestuurder);Car (driver);19
1968;65 t/m 69;Auto (passagier);Car (passenger);27
1968;65 t/m 69;Vracht/bestel;Lorry/van;2
1968;65 t/m 69;Overig;Other;2
1968;70 t/m 74;Lopen;Pedestrian;62
1968;70 t/m 74;Fiets;Bicycle;69
1968;70 t/m 74;Brom/snorfiets;Moped;23
1968;70 t/m 74;Auto (bestuurder);Car (driver);8
1968;70 t/m 74;Auto (passagier);Car (passenger);26
1968;70 t/m 74;Vracht/bestel;Lorry/van;1
1968;70 t/m 74;Overig;Other;3
1968;75+;Lopen;Pedestrian;114
1968;75+;Fiets;Bicycle;96
1968;75+;Brom/snorfiets;Moped;26
1968;75+;Auto (bestuurder);Car (driver);11
1968;75+;Auto (passagier);Car (passenger);26
1968;75+;Vracht/bestel;Lorry/van;1
1969;0 t/m 4;Lopen;Pedestrian;98
1969;0 t/m 4;Fiets;Bicycle;11
1969;0 t/m 4;Auto (passagier);Car (passenger);20
1969;0 t/m 4;Vracht/bestel;Lorry/van;1
1969;0 t/m 4;Overig;Other;1
1969;5 t/m 9;Lopen;Pedestrian;92
1969;5 t/m 9;Fiets;Bicycle;67
1969;5 t/m 9;Brom/snorfiets;Moped;1
1969;5 t/m 9;Auto (passagier);Car (passenger);24
1969;5 t/m 9;Vracht/bestel;Lorry/van;2
1969;5 t/m 9;Overig;Other;2
1969;10 t/m 14;Lopen;Pedestrian;32
1969;10 t/m 14;Fiets;Bicycle;77
1969;10 t/m 14;Brom/snorfiets;Moped;11
1969;10 t/m 14;Motor/scooter;Motorcycle;1
1969;10 t/m 14;Auto (passagier);Car (passenger);9
1969;10 t/m 14;Vracht/bestel;Lorry/van;3
1969;10 t/m 14;Overig;Other;2
1969;15 t/m 19;Lopen;Pedestrian;23
1969;15 t/m 19;Fiets;Bicycle;36
1969;15 t/m 19;Brom/snorfiets;Moped;199
1969;15 t/m 19;Motor/scooter;Motorcycle;22
1969;15 t/m 19;Auto (bestuurder);Car (driver);28
1969;15 t/m 19;Auto (passagier);Car (passenger);63
1969;15 t/m 19;Vracht/bestel;Lorry/van;4
1969;15 t/m 19;Overig;Other;3
1969;20 t/m 24;Lopen;Pedestrian;14
1969;20 t/m 24;Fiets;Bicycle;10
1969;20 t/m 24;Brom/snorfiets;Moped;69
1969;20 t/m 24;Motor/scooter;Motorcycle;25
1969;20 t/m 24;Auto (bestuurder);Car (driver);140
1969;20 t/m 24;Auto (passagier);Car (passenger);87
1969;20 t/m 24;Vracht/bestel;Lorry/van;20
1969;20 t/m 24;Overig;Other;1
1969;25 t/m 29;Lopen;Pedestrian;12
1969;25 t/m 29;Fiets;Bicycle;14
1969;25 t/m 29;Brom/snorfiets;Moped;26
1969;25 t/m 29;Motor/scooter;Motorcycle;14
1969;25 t/m 29;Auto (bestuurder);Car (driver);96
1969;25 t/m 29;Auto (passagier);Car (passenger);40
1969;25 t/m 29;Vracht/bestel;Lorry/van;8
1969;25 t/m 29;Overig;Other;2
1969;30 t/m 34;Lopen;Pedestrian;3
1969;30 t/m 34;Fiets;Bicycle;9
1969;30 t/m 34;Brom/snorfiets;Moped;20
1969;30 t/m 34;Motor/scooter;Motorcycle;3
1969;30 t/m 34;Auto (bestuurder);Car (driver);82
1969;30 t/m 34;Auto (passagier);Car (passenger);23
1969;30 t/m 34;Vracht/bestel;Lorry/van;5
1969;35 t/m 39;Lopen;Pedestrian;8
1969;35 t/m 39;Fiets;Bicycle;14
1969;35 t/m 39;Brom/snorfiets;Moped;11
1969;35 t/m 39;Auto (bestuurder);Car (driver);62
1969;35 t/m 39;Auto (passagier);Car (passenger);20
1969;35 t/m 39;Vracht/bestel;Lorry/van;13
1969;35 t/m 39;Overig;Other;1
1969;40 t/m 44;Lopen;Pedestrian;5
1969;40 t/m 44;Fiets;Bicycle;7
1969;40 t/m 44;Brom/snorfiets;Moped;14
1969;40 t/m 44;Motor/scooter;Motorcycle;2
1969;40 t/m 44;Auto (bestuurder);Car (driver);56
1969;40 t/m 44;Auto (passagier);Car (passenger);20
1969;40 t/m 44;Vracht/bestel;Lorry/van;13
1969;40 t/m 44;Overig;Other;1
1969;45 t/m 49;Lopen;Pedestrian;10
1969;45 t/m 49;Fiets;Bicycle;11
1969;45 t/m 49;Brom/snorfiets;Moped;26
1969;45 t/m 49;Motor/scooter;Motorcycle;2
1969;45 t/m 49;Auto (bestuurder);Car (driver);55
1969;45 t/m 49;Auto (passagier);Car (passenger);22
1969;45 t/m 49;Vracht/bestel;Lorry/van;6
1969;45 t/m 49;Overig;Other;2
1969;50 t/m 54;Lopen;Pedestrian;19
1969;50 t/m 54;Fiets;Bicycle;18
1969;50 t/m 54;Brom/snorfiets;Moped;24
1969;50 t/m 54;Motor/scooter;Motorcycle;1
1969;50 t/m 54;Auto (bestuurder);Car (driver);44
1969;50 t/m 54;Auto (passagier);Car (passenger);27
1969;50 t/m 54;Vracht/bestel;Lorry/van;6
1969;55 t/m 59;Lopen;Pedestrian;27
1969;55 t/m 59;Fiets;Bicycle;24
1969;55 t/m 59;Brom/snorfiets;Moped;42
1969;55 t/m 59;Motor/scooter;Motorcycle;1
1969;55 t/m 59;Auto (bestuurder);Car (driver);30
1969;55 t/m 59;Auto (passagier);Car (passenger);29
1969;55 t/m 59;Vracht/bestel;Lorry/van;6
1969;55 t/m 59;Overig;Other;2
1969;60 t/m 64;Lopen;Pedestrian;38
1969;60 t/m 64;Fiets;Bicycle;35
1969;60 t/m 64;Brom/snorfiets;Moped;54
1969;60 t/m 64;Motor/scooter;Motorcycle;4
1969;60 t/m 64;Auto (bestuurder);Car (driver);32
1969;60 t/m 64;Auto (passagier);Car (passenger);31
1969;60 t/m 64;Vracht/bestel;Lorry/van;3
1969;60 t/m 64;Overig;Other;2
1969;65 t/m 69;Lopen;Pedestrian;41
1969;65 t/m 69;Fiets;Bicycle;59
1969;65 t/m 69;Brom/snorfiets;Moped;28
1969;65 t/m 69;Motor/scooter;Motorcycle;1
1969;65 t/m 69;Auto (bestuurder);Car (driver);25
1969;65 t/m 69;Auto (passagier);Car (passenger);30
1969;65 t/m 69;Vracht/bestel;Lorry/van;2
1969;70 t/m 74;Lopen;Pedestrian;55
1969;70 t/m 74;Fiets;Bicycle;47
1969;70 t/m 74;Brom/snorfiets;Moped;32
1969;70 t/m 74;Auto (bestuurder);Car (driver);14
1969;70 t/m 74;Auto (passagier);Car (passenger);26
1969;70 t/m 74;Vracht/bestel;Lorry/van;1
1969;70 t/m 74;Overig;Other;1
1969;75+;Lopen;Pedestrian;120
1969;75+;Fiets;Bicycle;93
1969;75+;Brom/snorfiets;Moped;21
1969;75+;Auto (bestuurder);Car (driver);9
1969;75+;Auto (passagier);Car (passenger);32
1969;75+;Vracht/bestel;Lorry/van;2
1969;75+;Overig;Other;1
1970;0 t/m 4;Lopen;Pedestrian;94
1970;0 t/m 4;Fiets;Bicycle;9
1970;0 t/m 4;Brom/snorfiets;Moped;3
1970;0 t/m 4;Auto (passagier);Car (passenger);31
1970;0 t/m 4;Vracht/bestel;Lorry/van;2
1970;0 t/m 4;Overig;Other;1
1970;5 t/m 9;Lopen;Pedestrian;83
1970;5 t/m 9;Fiets;Bicycle;70
1970;5 t/m 9;Brom/snorfiets;Moped;1
1970;5 t/m 9;Auto (passagier);Car (passenger);21
1970;5 t/m 9;Vracht/bestel;Lorry/van;1
1970;5 t/m 9;Overig;Other;3
1970;10 t/m 14;Lopen;Pedestrian;29
1970;10 t/m 14;Fiets;Bicycle;84
1970;10 t/m 14;Brom/snorfiets;Moped;5
1970;10 t/m 14;Auto (passagier);Car (passenger);17
1970;10 t/m 14;Vracht/bestel;Lorry/van;2
1970;10 t/m 14;Overig;Other;3
1970;15 t/m 19;Lopen;Pedestrian;26
1970;15 t/m 19;Fiets;Bicycle;41
1970;15 t/m 19;Brom/snorfiets;Moped;191
1970;15 t/m 19;Motor/scooter;Motorcycle;20
1970;15 t/m 19;Auto (bestuurder);Car (driver);42
1970;15 t/m 19;Auto (passagier);Car (passenger);73
1970;15 t/m 19;Vracht/bestel;Lorry/van;11
1970;15 t/m 19;Overig;Other;4
1970;20 t/m 24;Lopen;Pedestrian;21
1970;20 t/m 24;Fiets;Bicycle;8
1970;20 t/m 24;Brom/snorfiets;Moped;63
1970;20 t/m 24;Motor/scooter;Motorcycle;42
1970;20 t/m 24;Auto (bestuurder);Car (driver);145
1970;20 t/m 24;Auto (passagier);Car (passenger);95
1970;20 t/m 24;Vracht/bestel;Lorry/van;24
1970;20 t/m 24;Overig;Other;5
1970;25 t/m 29;Lopen;Pedestrian;7
1970;25 t/m 29;Fiets;Bicycle;3
1970;25 t/m 29;Brom/snorfiets;Moped;20
1970;25 t/m 29;Motor/scooter;Motorcycle;9
1970;25 t/m 29;Auto (bestuurder);Car (driver);107
1970;25 t/m 29;Auto (passagier);Car (passenger);44
1970;25 t/m 29;Vracht/bestel;Lorry/van;6
1970;25 t/m 29;Overig;Other;2
1970;30 t/m 34;Lopen;Pedestrian;9
1970;30 t/m 34;Fiets;Bicycle;3
1970;30 t/m 34;Brom/snorfiets;Moped;18
1970;30 t/m 34;Motor/scooter;Motorcycle;3
1970;30 t/m 34;Auto (bestuurder);Car (driver);100
1970;30 t/m 34;Auto (passagier);Car (passenger);36
1970;30 t/m 34;Vracht/bestel;Lorry/van;8
1970;30 t/m 34;Overig;Other;1
1970;35 t/m 39;Lopen;Pedestrian;11
1970;35 t/m 39;Fiets;Bicycle;9
1970;35 t/m 39;Brom/snorfiets;Moped;14
1970;35 t/m 39;Motor/scooter;Motorcycle;3
1970;35 t/m 39;Auto (bestuurder);Car (driver);60
1970;35 t/m 39;Auto (passagier);Car (passenger);24
1970;35 t/m 39;Vracht/bestel;Lorry/van;11
1970;35 t/m 39;Overig;Other;3
1970;40 t/m 44;Lopen;Pedestrian;10
1970;40 t/m 44;Fiets;Bicycle;6
1970;40 t/m 44;Brom/snorfiets;Moped;21
1970;40 t/m 44;Motor/scooter;Motorcycle;2
1970;40 t/m 44;Auto (bestuurder);Car (driver);68
1970;40 t/m 44;Auto (passagier);Car (passenger);24
1970;40 t/m 44;Vracht/bestel;Lorry/van;3
1970;45 t/m 49;Lopen;Pedestrian;14
1970;45 t/m 49;Fiets;Bicycle;13
1970;45 t/m 49;Brom/snorfiets;Moped;23
1970;45 t/m 49;Motor/scooter;Motorcycle;3
1970;45 t/m 49;Auto (bestuurder);Car (driver);49
1970;45 t/m 49;Auto (passagier);Car (passenger);31
1970;45 t/m 49;Vracht/bestel;Lorry/van;2
1970;45 t/m 49;Overig;Other;1
1970;50 t/m 54;Lopen;Pedestrian;13
1970;50 t/m 54;Fiets;Bicycle;19
1970;50 t/m 54;Brom/snorfiets;Moped;28
1970;50 t/m 54;Motor/scooter;Motorcycle;1
1970;50 t/m 54;Auto (bestuurder);Car (driver);34
1970;50 t/m 54;Auto (passagier);Car (passenger);23
1970;50 t/m 54;Vracht/bestel;Lorry/van;3
1970;50 t/m 54;Overig;Other;3
1970;55 t/m 59;Lopen;Pedestrian;25
1970;55 t/m 59;Fiets;Bicycle;29
1970;55 t/m 59;Brom/snorfiets;Moped;38
1970;55 t/m 59;Motor/scooter;Motorcycle;1
1970;55 t/m 59;Auto (bestuurder);Car (driver);44
1970;55 t/m 59;Auto (passagier);Car (passenger);33
1970;55 t/m 59;Vracht/bestel;Lorry/van;1
1970;55 t/m 59;Overig;Other;2
1970;60 t/m 64;Lopen;Pedestrian;51
1970;60 t/m 64;Fiets;Bicycle;37
1970;60 t/m 64;Brom/snorfiets;Moped;33
1970;60 t/m 64;Auto (bestuurder);Car (driver);34
1970;60 t/m 64;Auto (passagier);Car (passenger);25
1970;60 t/m 64;Vracht/bestel;Lorry/van;5
1970;65 t/m 69;Lopen;Pedestrian;36
1970;65 t/m 69;Fiets;Bicycle;54
1970;65 t/m 69;Brom/snorfiets;Moped;27
1970;65 t/m 69;Auto (bestuurder);Car (driver);32
1970;65 t/m 69;Auto (passagier);Car (passenger);42
1970;65 t/m 69;Vracht/bestel;Lorry/van;2
1970;65 t/m 69;Overig;Other;2
1970;70 t/m 74;Lopen;Pedestrian;58
1970;70 t/m 74;Fiets;Bicycle;59
1970;70 t/m 74;Brom/snorfiets;Moped;28
1970;70 t/m 74;Auto (bestuurder);Car (driver);19
1970;70 t/m 74;Auto (passagier);Car (passenger);16
1970;75+;Lopen;Pedestrian;122
1970;75+;Fiets;Bicycle;68
1970;75+;Brom/snorfiets;Moped;27
1970;75+;Motor/scooter;Motorcycle;1
1970;75+;Auto (bestuurder);Car (driver);13
1970;75+;Auto (passagier);Car (passenger);40
1970;75+;Vracht/bestel;Lorry/van;2
1971;0 t/m 4;Lopen;Pedestrian;85
1971;0 t/m 4;Fiets;Bicycle;6
1971;0 t/m 4;Brom/snorfiets;Moped;1
1971;0 t/m 4;Auto (passagier);Car (passenger);34
1971;0 t/m 4;Vracht/bestel;Lorry/van;1
1971;5 t/m 9;Lopen;Pedestrian;81
1971;5 t/m 9;Fiets;Bicycle;79
1971;5 t/m 9;Brom/snorfiets;Moped;2
1971;5 t/m 9;Auto (passagier);Car (passenger);18
1971;10 t/m 14;Lopen;Pedestrian;24
1971;10 t/m 14;Fiets;Bicycle;83
1971;10 t/m 14;Brom/snorfiets;Moped;12
1971;10 t/m 14;Auto (passagier);Car (passenger);16
1971;10 t/m 14;Vracht/bestel;Lorry/van;4
1971;10 t/m 14;Overig;Other;2
1971;15 t/m 19;Lopen;Pedestrian;19
1971;15 t/m 19;Fiets;Bicycle;40
1971;15 t/m 19;Brom/snorfiets;Moped;228
1971;15 t/m 19;Motor/scooter;Motorcycle;21
1971;15 t/m 19;Auto (bestuurder);Car (driver);48
1971;15 t/m 19;Auto (passagier);Car (passenger);73
1971;15 t/m 19;Vracht/bestel;Lorry/van;9
1971;15 t/m 19;Overig;Other;3
1971;20 t/m 24;Lopen;Pedestrian;14
1971;20 t/m 24;Fiets;Bicycle;8
1971;20 t/m 24;Brom/snorfiets;Moped;47
1971;20 t/m 24;Motor/scooter;Motorcycle;40
1971;20 t/m 24;Auto (bestuurder);Car (driver);156
1971;20 t/m 24;Auto (passagier);Car (passenger);74
1971;20 t/m 24;Vracht/bestel;Lorry/van;10
1971;20 t/m 24;Overig;Other;3
1971;25 t/m 29;Lopen;Pedestrian;8
1971;25 t/m 29;Fiets;Bicycle;10
1971;25 t/m 29;Brom/snorfiets;Moped;15
1971;25 t/m 29;Motor/scooter;Motorcycle;15
1971;25 t/m 29;Auto (bestuurder);Car (driver);102
1971;25 t/m 29;Auto (passagier);Car (passenger);49
1971;25 t/m 29;Vracht/bestel;Lorry/van;4
1971;25 t/m 29;Overig;Other;2
1971;30 t/m 34;Lopen;Pedestrian;12
1971;30 t/m 34;Fiets;Bicycle;3
1971;30 t/m 34;Brom/snorfiets;Moped;26
1971;30 t/m 34;Motor/scooter;Motorcycle;5
1971;30 t/m 34;Auto (bestuurder);Car (driver);102
1971;30 t/m 34;Auto (passagier);Car (passenger);41
1971;30 t/m 34;Vracht/bestel;Lorry/van;5
1971;30 t/m 34;Overig;Other;1
1971;35 t/m 39;Lopen;Pedestrian;8
1971;35 t/m 39;Fiets;Bicycle;7
1971;35 t/m 39;Brom/snorfiets;Moped;16
1971;35 t/m 39;Motor/scooter;Motorcycle;2
1971;35 t/m 39;Auto (bestuurder);Car (driver);64
1971;35 t/m 39;Auto (passagier);Car (passenger);19
1971;35 t/m 39;Vracht/bestel;Lorry/van;2
1971;40 t/m 44;Lopen;Pedestrian;16
1971;40 t/m 44;Fiets;Bicycle;11
1971;40 t/m 44;Brom/snorfiets;Moped;18
1971;40 t/m 44;Motor/scooter;Motorcycle;3
1971;40 t/m 44;Auto (bestuurder);Car (driver);51
1971;40 t/m 44;Auto (passagier);Car (passenger);10
1971;40 t/m 44;Vracht/bestel;Lorry/van;5
1971;45 t/m 49;Lopen;Pedestrian;17
1971;45 t/m 49;Fiets;Bicycle;12
1971;45 t/m 49;Brom/snorfiets;Moped;27
1971;45 t/m 49;Motor/scooter;Motorcycle;4
1971;45 t/m 49;Auto (bestuurder);Car (driver);47
1971;45 t/m 49;Auto (passagier);Car (passenger);31
1971;45 t/m 49;Vracht/bestel;Lorry/van;6
1971;50 t/m 54;Lopen;Pedestrian;17
1971;50 t/m 54;Fiets;Bicycle;7
1971;50 t/m 54;Brom/snorfiets;Moped;32
1971;50 t/m 54;Motor/scooter;Motorcycle;2
1971;50 t/m 54;Auto (bestuurder);Car (driver);40
1971;50 t/m 54;Auto (passagier);Car (passenger);27
1971;50 t/m 54;Vracht/bestel;Lorry/van;5
1971;50 t/m 54;Overig;Other;1
1971;55 t/m 59;Lopen;Pedestrian;23
1971;55 t/m 59;Fiets;Bicycle;31
1971;55 t/m 59;Brom/snorfiets;Moped;44
1971;55 t/m 59;Auto (bestuurder);Car (driver);46
1971;55 t/m 59;Auto (passagier);Car (passenger);41
1971;55 t/m 59;Vracht/bestel;Lorry/van;5
1971;60 t/m 64;Lopen;Pedestrian;46
1971;60 t/m 64;Fiets;Bicycle;41
1971;60 t/m 64;Brom/snorfiets;Moped;41
1971;60 t/m 64;Motor/scooter;Motorcycle;1
1971;60 t/m 64;Auto (bestuurder);Car (driver);40
1971;60 t/m 64;Auto (passagier);Car (passenger);32
1971;60 t/m 64;Vracht/bestel;Lorry/van;1
1971;60 t/m 64;Overig;Other;1
1971;65 t/m 69;Lopen;Pedestrian;22
1971;65 t/m 69;Fiets;Bicycle;55
1971;65 t/m 69;Brom/snorfiets;Moped;30
1971;65 t/m 69;Motor/scooter;Motorcycle;1
1971;65 t/m 69;Auto (bestuurder);Car (driver);26
1971;65 t/m 69;Auto (passagier);Car (passenger);25
1971;65 t/m 69;Vracht/bestel;Lorry/van;1
1971;70 t/m 74;Lopen;Pedestrian;51
1971;70 t/m 74;Fiets;Bicycle;71
1971;70 t/m 74;Brom/snorfiets;Moped;29
1971;70 t/m 74;Motor/scooter;Motorcycle;1
1971;70 t/m 74;Auto (bestuurder);Car (driver);11
1971;70 t/m 74;Auto (passagier);Car (passenger);17
1971;70 t/m 74;Overig;Other;3
1971;75+;Lopen;Pedestrian;113
1971;75+;Fiets;Bicycle;85
1971;75+;Brom/snorfiets;Moped;33
1971;75+;Auto (bestuurder);Car (driver);13
1971;75+;Auto (passagier);Car (passenger);37
1971;75+;Vracht/bestel;Lorry/van;2
1972;0 t/m 4;Lopen;Pedestrian;82
1972;0 t/m 4;Fiets;Bicycle;11
1972;0 t/m 4;Brom/snorfiets;Moped;1
1972;0 t/m 4;Auto (passagier);Car (passenger);34
1972;0 t/m 4;Overig;Other;2
1972;5 t/m 9;Lopen;Pedestrian;98
1972;5 t/m 9;Fiets;Bicycle;63
1972;5 t/m 9;Brom/snorfiets;Moped;4
1972;5 t/m 9;Auto (passagier);Car (passenger);13
1972;5 t/m 9;Vracht/bestel;Lorry/van;1
1972;5 t/m 9;Overig;Other;3
1972;10 t/m 14;Lopen;Pedestrian;26
1972;10 t/m 14;Fiets;Bicycle;87
1972;10 t/m 14;Brom/snorfiets;Moped;9
1972;10 t/m 14;Motor/scooter;Motorcycle;2
1972;10 t/m 14;Auto (bestuurder);Car (driver);1
1972;10 t/m 14;Auto (passagier);Car (passenger);14
1972;10 t/m 14;Vracht/bestel;Lorry/van;2
1972;10 t/m 14;Overig;Other;4
1972;15 t/m 19;Lopen;Pedestrian;13
1972;15 t/m 19;Fiets;Bicycle;31
1972;15 t/m 19;Brom/snorfiets;Moped;234
1972;15 t/m 19;Motor/scooter;Motorcycle;28
1972;15 t/m 19;Auto (bestuurder);Car (driver);63
1972;15 t/m 19;Auto (passagier);Car (passenger);89
1972;15 t/m 19;Vracht/bestel;Lorry/van;6
1972;15 t/m 19;Overig;Other;1
1972;20 t/m 24;Lopen;Pedestrian;14
1972;20 t/m 24;Fiets;Bicycle;7
1972;20 t/m 24;Brom/snorfiets;Moped;76
1972;20 t/m 24;Motor/scooter;Motorcycle;44
1972;20 t/m 24;Auto (bestuurder);Car (driver);148
1972;20 t/m 24;Auto (passagier);Car (passenger);73
1972;20 t/m 24;Vracht/bestel;Lorry/van;19
1972;25 t/m 29;Lopen;Pedestrian;11
1972;25 t/m 29;Fiets;Bicycle;16
1972;25 t/m 29;Brom/snorfiets;Moped;24
1972;25 t/m 29;Motor/scooter;Motorcycle;4
1972;25 t/m 29;Auto (bestuurder);Car (driver);128
1972;25 t/m 29;Auto (passagier);Car (passenger);35
1972;25 t/m 29;Vracht/bestel;Lorry/van;15
1972;30 t/m 34;Lopen;Pedestrian;10
1972;30 t/m 34;Fiets;Bicycle;7
1972;30 t/m 34;Brom/snorfiets;Moped;21
1972;30 t/m 34;Motor/scooter;Motorcycle;2
1972;30 t/m 34;Auto (bestuurder);Car (driver);63
1972;30 t/m 34;Auto (passagier);Car (passenger);37
1972;30 t/m 34;Vracht/bestel;Lorry/van;9
1972;35 t/m 39;Lopen;Pedestrian;12
1972;35 t/m 39;Fiets;Bicycle;9
1972;35 t/m 39;Brom/snorfiets;Moped;23
1972;35 t/m 39;Motor/scooter;Motorcycle;3
1972;35 t/m 39;Auto (bestuurder);Car (driver);62
1972;35 t/m 39;Auto (passagier);Car (passenger);24
1972;35 t/m 39;Vracht/bestel;Lorry/van;6
1972;35 t/m 39;Overig;Other;2
1972;40 t/m 44;Lopen;Pedestrian;8
1972;40 t/m 44;Fiets;Bicycle;9
1972;40 t/m 44;Brom/snorfiets;Moped;11
1972;40 t/m 44;Auto (bestuurder);Car (driver);60
1972;40 t/m 44;Auto (passagier);Car (passenger);24
1972;40 t/m 44;Vracht/bestel;Lorry/van;3
1972;40 t/m 44;Overig;Other;3
1972;45 t/m 49;Lopen;Pedestrian;23
1972;45 t/m 49;Fiets;Bicycle;12
1972;45 t/m 49;Brom/snorfiets;Moped;13
1972;45 t/m 49;Motor/scooter;Motorcycle;1
1972;45 t/m 49;Auto (bestuurder);Car (driver);59
1972;45 t/m 49;Auto (passagier);Car (passenger);25
1972;45 t/m 49;Vracht/bestel;Lorry/van;6
1972;50 t/m 54;Lopen;Pedestrian;15
1972;50 t/m 54;Fiets;Bicycle;20
1972;50 t/m 54;Brom/snorfiets;Moped;21
1972;50 t/m 54;Motor/scooter;Motorcycle;4
1972;50 t/m 54;Auto (bestuurder);Car (driver);54
1972;50 t/m 54;Auto (passagier);Car (passenger);31
1972;50 t/m 54;Vracht/bestel;Lorry/van;4
1972;50 t/m 54;Overig;Other;1
1972;55 t/m 59;Lopen;Pedestrian;22
1972;55 t/m 59;Fiets;Bicycle;30
1972;55 t/m 59;Brom/snorfiets;Moped;32
1972;55 t/m 59;Motor/scooter;Motorcycle;1
1972;55 t/m 59;Auto (bestuurder);Car (driver);46
1972;55 t/m 59;Auto (passagier);Car (passenger);29
1972;55 t/m 59;Vracht/bestel;Lorry/van;1
1972;55 t/m 59;Overig;Other;1
1972;60 t/m 64;Lopen;Pedestrian;32
1972;60 t/m 64;Fiets;Bicycle;37
1972;60 t/m 64;Brom/snorfiets;Moped;25
1972;60 t/m 64;Motor/scooter;Motorcycle;3
1972;60 t/m 64;Auto (bestuurder);Car (driver);44
1972;60 t/m 64;Auto (passagier);Car (passenger);36
1972;60 t/m 64;Vracht/bestel;Lorry/van;6
1972;65 t/m 69;Lopen;Pedestrian;41
1972;65 t/m 69;Fiets;Bicycle;57
1972;65 t/m 69;Brom/snorfiets;Moped;33
1972;65 t/m 69;Auto (bestuurder);Car (driver);25
1972;65 t/m 69;Auto (passagier);Car (passenger);37
1972;65 t/m 69;Overig;Other;1
1972;70 t/m 74;Lopen;Pedestrian;53
1972;70 t/m 74;Fiets;Bicycle;55
1972;70 t/m 74;Brom/snorfiets;Moped;20
1972;70 t/m 74;Auto (bestuurder);Car (driver);13
1972;70 t/m 74;Auto (passagier);Car (passenger);30
1972;70 t/m 74;Overig;Other;3
1972;75+;Lopen;Pedestrian;128
1972;75+;Fiets;Bicycle;107
1972;75+;Brom/snorfiets;Moped;27
1972;75+;Motor/scooter;Motorcycle;1
1972;75+;Auto (bestuurder);Car (driver);19
1972;75+;Auto (passagier);Car (passenger);34
1972;75+;Vracht/bestel;Lorry/van;1
1972;75+;Overig;Other;1
1973;0 t/m 4;Lopen;Pedestrian;48
1973;0 t/m 4;Fiets;Bicycle;6
1973;0 t/m 4;Brom/snorfiets;Moped;2
1973;0 t/m 4;Auto (passagier);Car (passenger);16
1973;0 t/m 4;Vracht/bestel;Lorry/van;1
1973;5 t/m 9;Lopen;Pedestrian;75
1973;5 t/m 9;Fiets;Bicycle;59
1973;5 t/m 9;Brom/snorfiets;Moped;3
1973;5 t/m 9;Auto (passagier);Car (passenger);21
1973;5 t/m 9;Vracht/bestel;Lorry/van;4
1973;5 t/m 9;Overig;Other;3
1973;10 t/m 14;Lopen;Pedestrian;19
1973;10 t/m 14;Fiets;Bicycle;75
1973;10 t/m 14;Brom/snorfiets;Moped;8
1973;10 t/m 14;Auto (passagier);Car (passenger);17
1973;10 t/m 14;Vracht/bestel;Lorry/van;2
1973;10 t/m 14;Overig;Other;4
1973;15 t/m 19;Lopen;Pedestrian;27
1973;15 t/m 19;Fiets;Bicycle;40
1973;15 t/m 19;Brom/snorfiets;Moped;244
1973;15 t/m 19;Motor/scooter;Motorcycle;23
1973;15 t/m 19;Auto (bestuurder);Car (driver);42
1973;15 t/m 19;Auto (passagier);Car (passenger);90
1973;15 t/m 19;Vracht/bestel;Lorry/van;6
1973;20 t/m 24;Lopen;Pedestrian;22
1973;20 t/m 24;Fiets;Bicycle;17
1973;20 t/m 24;Brom/snorfiets;Moped;45
1973;20 t/m 24;Motor/scooter;Motorcycle;45
1973;20 t/m 24;Auto (bestuurder);Car (driver);168
1973;20 t/m 24;Auto (passagier);Car (passenger);78
1973;20 t/m 24;Vracht/bestel;Lorry/van;16
1973;20 t/m 24;Overig;Other;2
1973;25 t/m 29;Lopen;Pedestrian;18
1973;25 t/m 29;Fiets;Bicycle;9
1973;25 t/m 29;Brom/snorfiets;Moped;22
1973;25 t/m 29;Motor/scooter;Motorcycle;12
1973;25 t/m 29;Auto (bestuurder);Car (driver);108
1973;25 t/m 29;Auto (passagier);Car (passenger);52
1973;25 t/m 29;Vracht/bestel;Lorry/van;16
1973;30 t/m 34;Lopen;Pedestrian;8
1973;30 t/m 34;Fiets;Bicycle;9
1973;30 t/m 34;Brom/snorfiets;Moped;14
1973;30 t/m 34;Motor/scooter;Motorcycle;5
1973;30 t/m 34;Auto (bestuurder);Car (driver);109
1973;30 t/m 34;Auto (passagier);Car (passenger);34
1973;30 t/m 34;Vracht/bestel;Lorry/van;3
1973;30 t/m 34;Overig;Other;2
1973;35 t/m 39;Lopen;Pedestrian;7
1973;35 t/m 39;Fiets;Bicycle;4
1973;35 t/m 39;Brom/snorfiets;Moped;16
1973;35 t/m 39;Motor/scooter;Motorcycle;1
1973;35 t/m 39;Auto (bestuurder);Car (driver);47
1973;35 t/m 39;Auto (passagier);Car (passenger);32
1973;35 t/m 39;Vracht/bestel;Lorry/van;6
1973;40 t/m 44;Lopen;Pedestrian;9
1973;40 t/m 44;Fiets;Bicycle;7
1973;40 t/m 44;Brom/snorfiets;Moped;15
1973;40 t/m 44;Auto (bestuurder);Car (driver);56
1973;40 t/m 44;Auto (passagier);Car (passenger);24
1973;40 t/m 44;Vracht/bestel;Lorry/van;6
1973;45 t/m 49;Lopen;Pedestrian;14
1973;45 t/m 49;Fiets;Bicycle;10
1973;45 t/m 49;Brom/snorfiets;Moped;17
1973;45 t/m 49;Motor/scooter;Motorcycle;2
1973;45 t/m 49;Auto (bestuurder);Car (driver);54
1973;45 t/m 49;Auto (passagier);Car (passenger);28
1973;45 t/m 49;Vracht/bestel;Lorry/van;1
1973;45 t/m 49;Overig;Other;1
1973;50 t/m 54;Lopen;Pedestrian;23
1973;50 t/m 54;Fiets;Bicycle;14
1973;50 t/m 54;Brom/snorfiets;Moped;22
1973;50 t/m 54;Motor/scooter;Motorcycle;1
1973;50 t/m 54;Auto (bestuurder);Car (driver);48
1973;50 t/m 54;Auto (passagier);Car (passenger);27
1973;50 t/m 54;Vracht/bestel;Lorry/van;3
1973;50 t/m 54;Overig;Other;1
1973;55 t/m 59;Lopen;Pedestrian;24
1973;55 t/m 59;Fiets;Bicycle;28
1973;55 t/m 59;Brom/snorfiets;Moped;13
1973;55 t/m 59;Auto (bestuurder);Car (driver);33
1973;55 t/m 59;Auto (passagier);Car (passenger);23
1973;55 t/m 59;Vracht/bestel;Lorry/van;3
1973;55 t/m 59;Overig;Other;2
1973;60 t/m 64;Lopen;Pedestrian;26
1973;60 t/m 64;Fiets;Bicycle;29
1973;60 t/m 64;Brom/snorfiets;Moped;38
1973;60 t/m 64;Motor/scooter;Motorcycle;1
1973;60 t/m 64;Auto (bestuurder);Car (driver);43
1973;60 t/m 64;Auto (passagier);Car (passenger);34
1973;60 t/m 64;Vracht/bestel;Lorry/van;3
1973;65 t/m 69;Lopen;Pedestrian;27
1973;65 t/m 69;Fiets;Bicycle;53
1973;65 t/m 69;Brom/snorfiets;Moped;35
1973;65 t/m 69;Auto (bestuurder);Car (driver);39
1973;65 t/m 69;Auto (passagier);Car (passenger);29
1973;65 t/m 69;Overig;Other;1
1973;70 t/m 74;Lopen;Pedestrian;44
1973;70 t/m 74;Fiets;Bicycle;48
1973;70 t/m 74;Brom/snorfiets;Moped;23
1973;70 t/m 74;Auto (bestuurder);Car (driver);24
1973;70 t/m 74;Auto (passagier);Car (passenger);26
1973;70 t/m 74;Overig;Other;1
1973;75+;Lopen;Pedestrian;113
1973;75+;Fiets;Bicycle;101
1973;75+;Brom/snorfiets;Moped;21
1973;75+;Auto (bestuurder);Car (driver);21
1973;75+;Auto (passagier);Car (passenger);35
1973;75+;Vracht/bestel;Lorry/van;6
1974;0 t/m 4;Lopen;Pedestrian;42
1974;0 t/m 4;Fiets;Bicycle;5
1974;0 t/m 4;Auto (passagier);Car (passenger);15
1974;0 t/m 4;Vracht/bestel;Lorry/van;1
1974;0 t/m 4;Overig;Other;2
1974;5 t/m 9;Lopen;Pedestrian;64
1974;5 t/m 9;Fiets;Bicycle;42
1974;5 t/m 9;Auto (passagier);Car (passenger);8
1974;5 t/m 9;Vracht/bestel;Lorry/van;3
1974;5 t/m 9;Overig;Other;5
1974;10 t/m 14;Lopen;Pedestrian;30
1974;10 t/m 14;Fiets;Bicycle;73
1974;10 t/m 14;Brom/snorfiets;Moped;8
1974;10 t/m 14;Auto (passagier);Car (passenger);9
1974;10 t/m 14;Vracht/bestel;Lorry/van;3
1974;10 t/m 14;Overig;Other;5
1974;15 t/m 19;Lopen;Pedestrian;21
1974;15 t/m 19;Fiets;Bicycle;41
1974;15 t/m 19;Brom/snorfiets;Moped;257
1974;15 t/m 19;Motor/scooter;Motorcycle;35
1974;15 t/m 19;Auto (bestuurder);Car (driver);49
1974;15 t/m 19;Auto (passagier);Car (passenger);54
1974;15 t/m 19;Vracht/bestel;Lorry/van;7
1974;15 t/m 19;Overig;Other;3
1974;20 t/m 24;Lopen;Pedestrian;6
1974;20 t/m 24;Fiets;Bicycle;15
1974;20 t/m 24;Brom/snorfiets;Moped;41
1974;20 t/m 24;Motor/scooter;Motorcycle;44
1974;20 t/m 24;Auto (bestuurder);Car (driver);122
1974;20 t/m 24;Auto (passagier);Car (passenger);66
1974;20 t/m 24;Vracht/bestel;Lorry/van;12
1974;20 t/m 24;Overig;Other;3
1974;25 t/m 29;Lopen;Pedestrian;11
1974;25 t/m 29;Fiets;Bicycle;8
1974;25 t/m 29;Brom/snorfiets;Moped;12
1974;25 t/m 29;Motor/scooter;Motorcycle;12
1974;25 t/m 29;Auto (bestuurder);Car (driver);100
1974;25 t/m 29;Auto (passagier);Car (passenger);36
1974;25 t/m 29;Vracht/bestel;Lorry/van;13
1974;25 t/m 29;Overig;Other;1
1974;30 t/m 34;Lopen;Pedestrian;12
1974;30 t/m 34;Fiets;Bicycle;5
1974;30 t/m 34;Brom/snorfiets;Moped;10
1974;30 t/m 34;Motor/scooter;Motorcycle;5
1974;30 t/m 34;Auto (bestuurder);Car (driver);58
1974;30 t/m 34;Auto (passagier);Car (passenger);28
1974;30 t/m 34;Vracht/bestel;Lorry/van;6
1974;30 t/m 34;Overig;Other;1
1974;35 t/m 39;Lopen;Pedestrian;10
1974;35 t/m 39;Fiets;Bicycle;8
1974;35 t/m 39;Brom/snorfiets;Moped;10
1974;35 t/m 39;Motor/scooter;Motorcycle;2
1974;35 t/m 39;Auto (bestuurder);Car (driver);45
1974;35 t/m 39;Auto (passagier);Car (passenger);22
1974;35 t/m 39;Vracht/bestel;Lorry/van;2
1974;40 t/m 44;Lopen;Pedestrian;11
1974;40 t/m 44;Fiets;Bicycle;10
1974;40 t/m 44;Brom/snorfiets;Moped;15
1974;40 t/m 44;Motor/scooter;Motorcycle;2
1974;40 t/m 44;Auto (bestuurder);Car (driver);43
1974;40 t/m 44;Auto (passagier);Car (passenger);19
1974;40 t/m 44;Vracht/bestel;Lorry/van;5
1974;40 t/m 44;Overig;Other;2
1974;45 t/m 49;Lopen;Pedestrian;6
1974;45 t/m 49;Fiets;Bicycle;18
1974;45 t/m 49;Brom/snorfiets;Moped;13
1974;45 t/m 49;Motor/scooter;Motorcycle;1
1974;45 t/m 49;Auto (bestuurder);Car (driver);34
1974;45 t/m 49;Auto (passagier);Car (passenger);12
1974;45 t/m 49;Vracht/bestel;Lorry/van;5
1974;50 t/m 54;Lopen;Pedestrian;14
1974;50 t/m 54;Fiets;Bicycle;16
1974;50 t/m 54;Brom/snorfiets;Moped;12
1974;50 t/m 54;Motor/scooter;Motorcycle;2
1974;50 t/m 54;Auto (bestuurder);Car (driver);37
1974;50 t/m 54;Auto (passagier);Car (passenger);10
1974;50 t/m 54;Vracht/bestel;Lorry/van;2
1974;50 t/m 54;Overig;Other;1
1974;55 t/m 59;Lopen;Pedestrian;7
1974;55 t/m 59;Fiets;Bicycle;20
1974;55 t/m 59;Brom/snorfiets;Moped;19
1974;55 t/m 59;Auto (bestuurder);Car (driver);31
1974;55 t/m 59;Auto (passagier);Car (passenger);19
1974;55 t/m 59;Vracht/bestel;Lorry/van;3
1974;60 t/m 64;Lopen;Pedestrian;25
1974;60 t/m 64;Fiets;Bicycle;27
1974;60 t/m 64;Brom/snorfiets;Moped;24
1974;60 t/m 64;Auto (bestuurder);Car (driver);34
1974;60 t/m 64;Auto (passagier);Car (passenger);24
1974;60 t/m 64;Vracht/bestel;Lorry/van;2
1974;60 t/m 64;Overig;Other;1
1974;65 t/m 69;Lopen;Pedestrian;38
1974;65 t/m 69;Fiets;Bicycle;40
1974;65 t/m 69;Brom/snorfiets;Moped;23
1974;65 t/m 69;Auto (bestuurder);Car (driver);24
1974;65 t/m 69;Auto (passagier);Car (passenger);17
1974;70 t/m 74;Lopen;Pedestrian;42
1974;70 t/m 74;Fiets;Bicycle;50
1974;70 t/m 74;Brom/snorfiets;Moped;19
1974;70 t/m 74;Auto (bestuurder);Car (driver);16
1974;70 t/m 74;Auto (passagier);Car (passenger);13
1974;70 t/m 74;Overig;Other;1
1974;75+;Lopen;Pedestrian;85
1974;75+;Fiets;Bicycle;82
1974;75+;Brom/snorfiets;Moped;20
1974;75+;Auto (bestuurder);Car (driver);15
1974;75+;Auto (passagier);Car (passenger);26
1974;75+;Overig;Other;1
1975;0 t/m 4;Lopen;Pedestrian;50
1975;0 t/m 4;Fiets;Bicycle;3
1975;0 t/m 4;Auto (passagier);Car (passenger);16
1975;0 t/m 4;Overig;Other;2
1975;5 t/m 9;Lopen;Pedestrian;71
1975;5 t/m 9;Fiets;Bicycle;41
1975;5 t/m 9;Auto (passagier);Car (passenger);10
1975;10 t/m 14;Lopen;Pedestrian;13
1975;10 t/m 14;Fiets;Bicycle;66
1975;10 t/m 14;Brom/snorfiets;Moped;4
1975;10 t/m 14;Auto (bestuurder);Car (driver);1
1975;10 t/m 14;Auto (passagier);Car (passenger);11
1975;10 t/m 14;Overig;Other;3
1975;15 t/m 19;Lopen;Pedestrian;17
1975;15 t/m 19;Fiets;Bicycle;36
1975;15 t/m 19;Brom/snorfiets;Moped;154
1975;15 t/m 19;Motor/scooter;Motorcycle;29
1975;15 t/m 19;Auto (bestuurder);Car (driver);40
1975;15 t/m 19;Auto (passagier);Car (passenger);52
1975;15 t/m 19;Vracht/bestel;Lorry/van;1
1975;15 t/m 19;Overig;Other;5
1975;20 t/m 24;Lopen;Pedestrian;8
1975;20 t/m 24;Fiets;Bicycle;7
1975;20 t/m 24;Brom/snorfiets;Moped;31
1975;20 t/m 24;Motor/scooter;Motorcycle;40
1975;20 t/m 24;Auto (bestuurder);Car (driver);96
1975;20 t/m 24;Auto (passagier);Car (passenger);55
1975;20 t/m 24;Vracht/bestel;Lorry/van;3
1975;20 t/m 24;Overig;Other;3
1975;25 t/m 29;Lopen;Pedestrian;5
1975;25 t/m 29;Fiets;Bicycle;8
1975;25 t/m 29;Brom/snorfiets;Moped;18
1975;25 t/m 29;Motor/scooter;Motorcycle;16
1975;25 t/m 29;Auto (bestuurder);Car (driver);92
1975;25 t/m 29;Auto (passagier);Car (passenger);24
1975;25 t/m 29;Vracht/bestel;Lorry/van;14
1975;30 t/m 34;Lopen;Pedestrian;5
1975;30 t/m 34;Fiets;Bicycle;4
1975;30 t/m 34;Brom/snorfiets;Moped;10
1975;30 t/m 34;Motor/scooter;Motorcycle;7
1975;30 t/m 34;Auto (bestuurder);Car (driver);52
1975;30 t/m 34;Auto (passagier);Car (passenger);21
1975;30 t/m 34;Vracht/bestel;Lorry/van;13
1975;35 t/m 39;Lopen;Pedestrian;4
1975;35 t/m 39;Fiets;Bicycle;12
1975;35 t/m 39;Brom/snorfiets;Moped;8
1975;35 t/m 39;Motor/scooter;Motorcycle;3
1975;35 t/m 39;Auto (bestuurder);Car (driver);58
1975;35 t/m 39;Auto (passagier);Car (passenger);16
1975;35 t/m 39;Vracht/bestel;Lorry/van;3
1975;40 t/m 44;Lopen;Pedestrian;12
1975;40 t/m 44;Fiets;Bicycle;10
1975;40 t/m 44;Brom/snorfiets;Moped;13
1975;40 t/m 44;Motor/scooter;Motorcycle;2
1975;40 t/m 44;Auto (bestuurder);Car (driver);43
1975;40 t/m 44;Auto (passagier);Car (passenger);11
1975;40 t/m 44;Vracht/bestel;Lorry/van;4
1975;40 t/m 44;Overig;Other;1
1975;45 t/m 49;Lopen;Pedestrian;13
1975;45 t/m 49;Fiets;Bicycle;7
1975;45 t/m 49;Brom/snorfiets;Moped;8
1975;45 t/m 49;Motor/scooter;Motorcycle;1
1975;45 t/m 49;Auto (bestuurder);Car (driver);43
1975;45 t/m 49;Auto (passagier);Car (passenger);17
1975;45 t/m 49;Vracht/bestel;Lorry/van;3
1975;45 t/m 49;Overig;Other;1
1975;50 t/m 54;Lopen;Pedestrian;12
1975;50 t/m 54;Fiets;Bicycle;17
1975;50 t/m 54;Brom/snorfiets;Moped;13
1975;50 t/m 54;Auto (bestuurder);Car (driver);39
1975;50 t/m 54;Auto (passagier);Car (passenger);26
1975;50 t/m 54;Vracht/bestel;Lorry/van;2
1975;55 t/m 59;Lopen;Pedestrian;10
1975;55 t/m 59;Fiets;Bicycle;16
1975;55 t/m 59;Brom/snorfiets;Moped;13
1975;55 t/m 59;Auto (bestuurder);Car (driver);40
1975;55 t/m 59;Auto (passagier);Car (passenger);19
1975;55 t/m 59;Vracht/bestel;Lorry/van;2
1975;55 t/m 59;Overig;Other;2
1975;60 t/m 64;Lopen;Pedestrian;20
1975;60 t/m 64;Fiets;Bicycle;34
1975;60 t/m 64;Brom/snorfiets;Moped;14
1975;60 t/m 64;Motor/scooter;Motorcycle;1
1975;60 t/m 64;Auto (bestuurder);Car (driver);39
1975;60 t/m 64;Auto (passagier);Car (passenger);23
1975;60 t/m 64;Overig;Other;1
1975;65 t/m 69;Lopen;Pedestrian;37
1975;65 t/m 69;Fiets;Bicycle;48
1975;65 t/m 69;Brom/snorfiets;Moped;19
1975;65 t/m 69;Auto (bestuurder);Car (driver);31
1975;65 t/m 69;Auto (passagier);Car (passenger);25
1975;65 t/m 69;Vracht/bestel;Lorry/van;1
1975;65 t/m 69;Overig;Other;1
1975;70 t/m 74;Lopen;Pedestrian;28
1975;70 t/m 74;Fiets;Bicycle;42
1975;70 t/m 74;Brom/snorfiets;Moped;10
1975;70 t/m 74;Motor/scooter;Motorcycle;2
1975;70 t/m 74;Auto (bestuurder);Car (driver);19
1975;70 t/m 74;Auto (passagier);Car (passenger);17
1975;70 t/m 74;Vracht/bestel;Lorry/van;1
1975;75+;Lopen;Pedestrian;91
1975;75+;Fiets;Bicycle;105
1975;75+;Brom/snorfiets;Moped;19
1975;75+;Auto (bestuurder);Car (driver);9
1975;75+;Auto (passagier);Car (passenger);23
1976;0 t/m 4;Lopen;Pedestrian;39
1976;0 t/m 4;Fiets;Bicycle;7
1976;0 t/m 4;Auto (passagier);Car (passenger);15
1976;5 t/m 9;Lopen;Pedestrian;46
1976;5 t/m 9;Fiets;Bicycle;56
1976;5 t/m 9;Brom/snorfiets;Moped;1
1976;5 t/m 9;Auto (passagier);Car (passenger);22
1976;5 t/m 9;Bus (OV);Bus (public transport);1
1976;10 t/m 14;Lopen;Pedestrian;16
1976;10 t/m 14;Fiets;Bicycle;70
1976;10 t/m 14;Brom/snorfiets;Moped;7
1976;10 t/m 14;Auto (passagier);Car (passenger);21
1976;10 t/m 14;Overig;Other;3
1976;15 t/m 19;Lopen;Pedestrian;18
1976;15 t/m 19;Fiets;Bicycle;44
1976;15 t/m 19;Brom/snorfiets;Moped;144
1976;15 t/m 19;Motor/scooter;Motorcycle;40
1976;15 t/m 19;Auto (bestuurder);Car (driver);31
1976;15 t/m 19;Auto (passagier);Car (passenger);50
1976;15 t/m 19;Vracht/bestel;Lorry/van;5
1976;15 t/m 19;Overig;Other;1
1976;20 t/m 24;Lopen;Pedestrian;13
1976;20 t/m 24;Fiets;Bicycle;20
1976;20 t/m 24;Brom/snorfiets;Moped;22
1976;20 t/m 24;Motor/scooter;Motorcycle;55
1976;20 t/m 24;Auto (bestuurder);Car (driver);135
1976;20 t/m 24;Auto (passagier);Car (passenger);60
1976;20 t/m 24;Vracht/bestel;Lorry/van;9
1976;20 t/m 24;Overig;Other;1
1976;25 t/m 29;Lopen;Pedestrian;10
1976;25 t/m 29;Fiets;Bicycle;12
1976;25 t/m 29;Brom/snorfiets;Moped;16
1976;25 t/m 29;Motor/scooter;Motorcycle;13
1976;25 t/m 29;Auto (bestuurder);Car (driver);84
1976;25 t/m 29;Auto (passagier);Car (passenger);36
1976;25 t/m 29;Vracht/bestel;Lorry/van;8
1976;30 t/m 34;Lopen;Pedestrian;6
1976;30 t/m 34;Fiets;Bicycle;7
1976;30 t/m 34;Brom/snorfiets;Moped;6
1976;30 t/m 34;Motor/scooter;Motorcycle;5
1976;30 t/m 34;Auto (bestuurder);Car (driver);72
1976;30 t/m 34;Auto (passagier);Car (passenger);21
1976;30 t/m 34;Vracht/bestel;Lorry/van;5
1976;30 t/m 34;Overig;Other;1
1976;35 t/m 39;Lopen;Pedestrian;11
1976;35 t/m 39;Fiets;Bicycle;11
1976;35 t/m 39;Brom/snorfiets;Moped;8
1976;35 t/m 39;Auto (bestuurder);Car (driver);50
1976;35 t/m 39;Auto (passagier);Car (passenger);20
1976;35 t/m 39;Vracht/bestel;Lorry/van;7
1976;35 t/m 39;Overig;Other;1
1976;40 t/m 44;Lopen;Pedestrian;7
1976;40 t/m 44;Fiets;Bicycle;8
1976;40 t/m 44;Brom/snorfiets;Moped;5
1976;40 t/m 44;Motor/scooter;Motorcycle;1
1976;40 t/m 44;Auto (bestuurder);Car (driver);50
1976;40 t/m 44;Auto (passagier);Car (passenger);21
1976;40 t/m 44;Vracht/bestel;Lorry/van;6
1976;45 t/m 49;Lopen;Pedestrian;10
1976;45 t/m 49;Fiets;Bicycle;11
1976;45 t/m 49;Brom/snorfiets;Moped;3
1976;45 t/m 49;Motor/scooter;Motorcycle;2
1976;45 t/m 49;Auto (bestuurder);Car (driver);51
1976;45 t/m 49;Auto (passagier);Car (passenger);18
1976;45 t/m 49;Vracht/bestel;Lorry/van;3
1976;45 t/m 49;Bus (OV);Bus (public transport);2
1976;45 t/m 49;Overig;Other;2
1976;50 t/m 54;Lopen;Pedestrian;16
1976;50 t/m 54;Fiets;Bicycle;20
1976;50 t/m 54;Brom/snorfiets;Moped;6
1976;50 t/m 54;Motor/scooter;Motorcycle;2
1976;50 t/m 54;Auto (bestuurder);Car (driver);37
1976;50 t/m 54;Auto (passagier);Car (passenger);20
1976;50 t/m 54;Vracht/bestel;Lorry/van;2
1976;55 t/m 59;Lopen;Pedestrian;10
1976;55 t/m 59;Fiets;Bicycle;25
1976;55 t/m 59;Brom/snorfiets;Moped;11
1976;55 t/m 59;Motor/scooter;Motorcycle;2
1976;55 t/m 59;Auto (bestuurder);Car (driver);48
1976;55 t/m 59;Auto (passagier);Car (passenger);21
1976;55 t/m 59;Vracht/bestel;Lorry/van;1
1976;55 t/m 59;Overig;Other;2
1976;60 t/m 64;Lopen;Pedestrian;29
1976;60 t/m 64;Fiets;Bicycle;29
1976;60 t/m 64;Brom/snorfiets;Moped;15
1976;60 t/m 64;Auto (bestuurder);Car (driver);31
1976;60 t/m 64;Auto (passagier);Car (passenger);19
1976;60 t/m 64;Vracht/bestel;Lorry/van;2
1976;60 t/m 64;Overig;Other;1
1976;65 t/m 69;Lopen;Pedestrian;43
1976;65 t/m 69;Fiets;Bicycle;41
1976;65 t/m 69;Brom/snorfiets;Moped;11
1976;65 t/m 69;Auto (bestuurder);Car (driver);30
1976;65 t/m 69;Auto (passagier);Car (passenger);20
1976;65 t/m 69;Vracht/bestel;Lorry/van;1
1976;70 t/m 74;Lopen;Pedestrian;44
1976;70 t/m 74;Fiets;Bicycle;59
1976;70 t/m 74;Brom/snorfiets;Moped;13
1976;70 t/m 74;Auto (bestuurder);Car (driver);20
1976;70 t/m 74;Auto (passagier);Car (passenger);14
1976;70 t/m 74;Overig;Other;1
1976;75+;Lopen;Pedestrian;85
1976;75+;Fiets;Bicycle;80
1976;75+;Brom/snorfiets;Moped;17
1976;75+;Auto (bestuurder);Car (driver);16
1976;75+;Auto (passagier);Car (passenger);25
1976;75+;Overig;Other;1
1977;0 t/m 4;Lopen;Pedestrian;27
1977;0 t/m 4;Fiets;Bicycle;10
1977;0 t/m 4;Auto (passagier);Car (passenger);11
1977;5 t/m 9;Lopen;Pedestrian;55
1977;5 t/m 9;Fiets;Bicycle;49
1977;5 t/m 9;Auto (passagier);Car (passenger);24
1977;5 t/m 9;Vracht/bestel;Lorry/van;3
1977;10 t/m 14;Lopen;Pedestrian;14
1977;10 t/m 14;Fiets;Bicycle;67
1977;10 t/m 14;Brom/snorfiets;Moped;6
1977;10 t/m 14;Motor/scooter;Motorcycle;2
1977;10 t/m 14;Auto (passagier);Car (passenger);16
1977;10 t/m 14;Vracht/bestel;Lorry/van;2
1977;10 t/m 14;Overig;Other;5
1977;15 t/m 19;Lopen;Pedestrian;21
1977;15 t/m 19;Fiets;Bicycle;41
1977;15 t/m 19;Brom/snorfiets;Moped;180
1977;15 t/m 19;Motor/scooter;Motorcycle;46
1977;15 t/m 19;Auto (bestuurder);Car (driver);54
1977;15 t/m 19;Auto (passagier);Car (passenger);81
1977;15 t/m 19;Vracht/bestel;Lorry/van;3
1977;15 t/m 19;Overig;Other;3
1977;20 t/m 24;Lopen;Pedestrian;17
1977;20 t/m 24;Fiets;Bicycle;14
1977;20 t/m 24;Brom/snorfiets;Moped;18
1977;20 t/m 24;Motor/scooter;Motorcycle;71
1977;20 t/m 24;Auto (bestuurder);Car (driver);150
1977;20 t/m 24;Auto (passagier);Car (passenger);67
1977;20 t/m 24;Vracht/bestel;Lorry/van;13
1977;20 t/m 24;Overig;Other;1
1977;25 t/m 29;Lopen;Pedestrian;10
1977;25 t/m 29;Fiets;Bicycle;11
1977;25 t/m 29;Brom/snorfiets;Moped;5
1977;25 t/m 29;Motor/scooter;Motorcycle;10
1977;25 t/m 29;Auto (bestuurder);Car (driver);90
1977;25 t/m 29;Auto (passagier);Car (passenger);25
1977;25 t/m 29;Vracht/bestel;Lorry/van;6
1977;25 t/m 29;Bus (OV);Bus (public transport);1
1977;25 t/m 29;Overig;Other;1
1977;30 t/m 34;Lopen;Pedestrian;14
1977;30 t/m 34;Fiets;Bicycle;7
1977;30 t/m 34;Brom/snorfiets;Moped;2
1977;30 t/m 34;Motor/scooter;Motorcycle;1
1977;30 t/m 34;Auto (bestuurder);Car (driver);79
1977;30 t/m 34;Auto (passagier);Car (passenger);27
1977;30 t/m 34;Vracht/bestel;Lorry/van;9
1977;30 t/m 34;Overig;Other;1
1977;35 t/m 39;Lopen;Pedestrian;10
1977;35 t/m 39;Fiets;Bicycle;8
1977;35 t/m 39;Brom/snorfiets;Moped;4
1977;35 t/m 39;Motor/scooter;Motorcycle;3
1977;35 t/m 39;Auto (bestuurder);Car (driver);63
1977;35 t/m 39;Auto (passagier);Car (passenger);27
1977;35 t/m 39;Vracht/bestel;Lorry/van;3
1977;35 t/m 39;Bus (OV);Bus (public transport);1
1977;40 t/m 44;Lopen;Pedestrian;7
1977;40 t/m 44;Fiets;Bicycle;11
1977;40 t/m 44;Brom/snorfiets;Moped;5
1977;40 t/m 44;Motor/scooter;Motorcycle;2
1977;40 t/m 44;Auto (bestuurder);Car (driver);52
1977;40 t/m 44;Auto (passagier);Car (passenger);11
1977;40 t/m 44;Vracht/bestel;Lorry/van;4
1977;45 t/m 49;Lopen;Pedestrian;12
1977;45 t/m 49;Fiets;Bicycle;19
1977;45 t/m 49;Brom/snorfiets;Moped;6
1977;45 t/m 49;Motor/scooter;Motorcycle;1
1977;45 t/m 49;Auto (bestuurder);Car (driver);39
1977;45 t/m 49;Auto (passagier);Car (passenger);27
1977;45 t/m 49;Vracht/bestel;Lorry/van;6
1977;45 t/m 49;Bus (OV);Bus (public transport);1
1977;50 t/m 54;Lopen;Pedestrian;7
1977;50 t/m 54;Fiets;Bicycle;19
1977;50 t/m 54;Brom/snorfiets;Moped;4
1977;50 t/m 54;Auto (bestuurder);Car (driver);35
1977;50 t/m 54;Auto (passagier);Car (passenger);16
1977;50 t/m 54;Vracht/bestel;Lorry/van;6
1977;50 t/m 54;Bus (OV);Bus (public transport);1
1977;50 t/m 54;Overig;Other;2
1977;55 t/m 59;Lopen;Pedestrian;20
1977;55 t/m 59;Fiets;Bicycle;24
1977;55 t/m 59;Brom/snorfiets;Moped;6
1977;55 t/m 59;Auto (bestuurder);Car (driver);38
1977;55 t/m 59;Auto (passagier);Car (passenger);29
1977;55 t/m 59;Vracht/bestel;Lorry/van;2
1977;55 t/m 59;Overig;Other;2
1977;60 t/m 64;Lopen;Pedestrian;26
1977;60 t/m 64;Fiets;Bicycle;29
1977;60 t/m 64;Brom/snorfiets;Moped;13
1977;60 t/m 64;Motor/scooter;Motorcycle;1
1977;60 t/m 64;Auto (bestuurder);Car (driver);44
1977;60 t/m 64;Auto (passagier);Car (passenger);28
1977;65 t/m 69;Lopen;Pedestrian;27
1977;65 t/m 69;Fiets;Bicycle;38
1977;65 t/m 69;Brom/snorfiets;Moped;8
1977;65 t/m 69;Auto (bestuurder);Car (driver);27
1977;65 t/m 69;Auto (passagier);Car (passenger);27
1977;65 t/m 69;Overig;Other;1
1977;70 t/m 74;Lopen;Pedestrian;34
1977;70 t/m 74;Fiets;Bicycle;51
1977;70 t/m 74;Brom/snorfiets;Moped;5
1977;70 t/m 74;Auto (bestuurder);Car (driver);24
1977;70 t/m 74;Auto (passagier);Car (passenger);34
1977;75+;Lopen;Pedestrian;83
1977;75+;Fiets;Bicycle;102
1977;75+;Brom/snorfiets;Moped;13
1977;75+;Auto (bestuurder);Car (driver);24
1977;75+;Auto (passagier);Car (passenger);35
1977;75+;Vracht/bestel;Lorry/van;2
1977;75+;Overig;Other;4
1978;0 t/m 4;Lopen;Pedestrian;31
1978;0 t/m 4;Fiets;Bicycle;5
1978;0 t/m 4;Brom/snorfiets;Moped;1
1978;0 t/m 4;Auto (passagier);Car (passenger);14
1978;5 t/m 9;Lopen;Pedestrian;55
1978;5 t/m 9;Fiets;Bicycle;38
1978;5 t/m 9;Auto (passagier);Car (passenger);13
1978;5 t/m 9;Vracht/bestel;Lorry/van;1
1978;5 t/m 9;Overig;Other;2
1978;10 t/m 14;Lopen;Pedestrian;20
1978;10 t/m 14;Fiets;Bicycle;79
1978;10 t/m 14;Brom/snorfiets;Moped;3
1978;10 t/m 14;Motor/scooter;Motorcycle;1
1978;10 t/m 14;Auto (passagier);Car (passenger);17
1978;15 t/m 19;Lopen;Pedestrian;18
1978;15 t/m 19;Fiets;Bicycle;53
1978;15 t/m 19;Brom/snorfiets;Moped;152
1978;15 t/m 19;Motor/scooter;Motorcycle;50
1978;15 t/m 19;Auto (bestuurder);Car (driver);37
1978;15 t/m 19;Auto (passagier);Car (passenger);61
1978;15 t/m 19;Vracht/bestel;Lorry/van;5
1978;15 t/m 19;Overig;Other;6
1978;20 t/m 24;Lopen;Pedestrian;15
1978;20 t/m 24;Fiets;Bicycle;18
1978;20 t/m 24;Brom/snorfiets;Moped;22
1978;20 t/m 24;Motor/scooter;Motorcycle;44
1978;20 t/m 24;Auto (bestuurder);Car (driver);144
1978;20 t/m 24;Auto (passagier);Car (passenger);62
1978;20 t/m 24;Vracht/bestel;Lorry/van;10
1978;25 t/m 29;Lopen;Pedestrian;7
1978;25 t/m 29;Fiets;Bicycle;4
1978;25 t/m 29;Brom/snorfiets;Moped;5
1978;25 t/m 29;Motor/scooter;Motorcycle;10
1978;25 t/m 29;Auto (bestuurder);Car (driver);65
1978;25 t/m 29;Auto (passagier);Car (passenger);30
1978;25 t/m 29;Vracht/bestel;Lorry/van;7
1978;30 t/m 34;Lopen;Pedestrian;8
1978;30 t/m 34;Fiets;Bicycle;10
1978;30 t/m 34;Brom/snorfiets;Moped;6
1978;30 t/m 34;Motor/scooter;Motorcycle;3
1978;30 t/m 34;Auto (bestuurder);Car (driver);80
1978;30 t/m 34;Auto (passagier);Car (passenger);21
1978;30 t/m 34;Vracht/bestel;Lorry/van;7
1978;30 t/m 34;Overig;Other;1
1978;35 t/m 39;Lopen;Pedestrian;8
1978;35 t/m 39;Fiets;Bicycle;6
1978;35 t/m 39;Brom/snorfiets;Moped;5
1978;35 t/m 39;Motor/scooter;Motorcycle;2
1978;35 t/m 39;Auto (bestuurder);Car (driver);69
1978;35 t/m 39;Auto (passagier);Car (passenger);11
1978;35 t/m 39;Vracht/bestel;Lorry/van;8
1978;40 t/m 44;Lopen;Pedestrian;11
1978;40 t/m 44;Fiets;Bicycle;13
1978;40 t/m 44;Brom/snorfiets;Moped;2
1978;40 t/m 44;Auto (bestuurder);Car (driver);38
1978;40 t/m 44;Auto (passagier);Car (passenger);15
1978;40 t/m 44;Vracht/bestel;Lorry/van;3
1978;45 t/m 49;Lopen;Pedestrian;11
1978;45 t/m 49;Fiets;Bicycle;16
1978;45 t/m 49;Brom/snorfiets;Moped;6
1978;45 t/m 49;Auto (bestuurder);Car (driver);51
1978;45 t/m 49;Auto (passagier);Car (passenger);17
1978;45 t/m 49;Vracht/bestel;Lorry/van;3
1978;45 t/m 49;Overig;Other;1
1978;50 t/m 54;Lopen;Pedestrian;7
1978;50 t/m 54;Fiets;Bicycle;18
1978;50 t/m 54;Brom/snorfiets;Moped;8
1978;50 t/m 54;Auto (bestuurder);Car (driver);45
1978;50 t/m 54;Auto (passagier);Car (passenger);18
1978;50 t/m 54;Vracht/bestel;Lorry/van;2
1978;55 t/m 59;Lopen;Pedestrian;14
1978;55 t/m 59;Fiets;Bicycle;20
1978;55 t/m 59;Brom/snorfiets;Moped;4
1978;55 t/m 59;Auto (bestuurder);Car (driver);34
1978;55 t/m 59;Auto (passagier);Car (passenger);20
1978;55 t/m 59;Vracht/bestel;Lorry/van;1
1978;55 t/m 59;Overig;Other;2
1978;60 t/m 64;Lopen;Pedestrian;19
1978;60 t/m 64;Fiets;Bicycle;22
1978;60 t/m 64;Brom/snorfiets;Moped;8
1978;60 t/m 64;Auto (bestuurder);Car (driver);24
1978;60 t/m 64;Auto (passagier);Car (passenger);15
1978;60 t/m 64;Vracht/bestel;Lorry/van;2
1978;60 t/m 64;Overig;Other;1
1978;65 t/m 69;Lopen;Pedestrian;29
1978;65 t/m 69;Fiets;Bicycle;38
1978;65 t/m 69;Brom/snorfiets;Moped;7
1978;65 t/m 69;Auto (bestuurder);Car (driver);33
1978;65 t/m 69;Auto (passagier);Car (passenger);19
1978;70 t/m 74;Lopen;Pedestrian;40
1978;70 t/m 74;Fiets;Bicycle;37
1978;70 t/m 74;Brom/snorfiets;Moped;14
1978;70 t/m 74;Auto (bestuurder);Car (driver);23
1978;70 t/m 74;Auto (passagier);Car (passenger);18
1978;70 t/m 74;Vracht/bestel;Lorry/van;2
1978;70 t/m 74;Overig;Other;5
1978;75+;Lopen;Pedestrian;75
1978;75+;Fiets;Bicycle;83
1978;75+;Brom/snorfiets;Moped;10
1978;75+;Auto (bestuurder);Car (driver);20
1978;75+;Auto (passagier);Car (passenger);19
1978;75+;Overig;Other;1
1979;0 t/m 4;Lopen;Pedestrian;17
1979;0 t/m 4;Fiets;Bicycle;3
1979;0 t/m 4;Auto (passagier);Car (passenger);10
1979;0 t/m 4;Overig;Other;1
1979;5 t/m 9;Lopen;Pedestrian;32
1979;5 t/m 9;Fiets;Bicycle;24
1979;5 t/m 9;Auto (passagier);Car (passenger);15
1979;5 t/m 9;Vracht/bestel;Lorry/van;2
1979;5 t/m 9;Overig;Other;1
1979;10 t/m 14;Lopen;Pedestrian;10
1979;10 t/m 14;Fiets;Bicycle;58
1979;10 t/m 14;Brom/snorfiets;Moped;7
1979;10 t/m 14;Auto (passagier);Car (passenger);13
1979;10 t/m 14;Overig;Other;1
1979;15 t/m 19;Lopen;Pedestrian;19
1979;15 t/m 19;Fiets;Bicycle;44
1979;15 t/m 19;Brom/snorfiets;Moped;125
1979;15 t/m 19;Motor/scooter;Motorcycle;50
1979;15 t/m 19;Auto (bestuurder);Car (driver);33
1979;15 t/m 19;Auto (passagier);Car (passenger);60
1979;15 t/m 19;Vracht/bestel;Lorry/van;5
1979;15 t/m 19;Overig;Other;7
1979;20 t/m 24;Lopen;Pedestrian;10
1979;20 t/m 24;Fiets;Bicycle;10
1979;20 t/m 24;Brom/snorfiets;Moped;10
1979;20 t/m 24;Motor/scooter;Motorcycle;47
1979;20 t/m 24;Auto (bestuurder);Car (driver);145
1979;20 t/m 24;Auto (passagier);Car (passenger);66
1979;20 t/m 24;Vracht/bestel;Lorry/van;7
1979;20 t/m 24;Overig;Other;1
1979;25 t/m 29;Lopen;Pedestrian;5
1979;25 t/m 29;Fiets;Bicycle;11
1979;25 t/m 29;Brom/snorfiets;Moped;1
1979;25 t/m 29;Motor/scooter;Motorcycle;8
1979;25 t/m 29;Auto (bestuurder);Car (driver);75
1979;25 t/m 29;Auto (passagier);Car (passenger);19
1979;25 t/m 29;Vracht/bestel;Lorry/van;12
1979;30 t/m 34;Lopen;Pedestrian;6
1979;30 t/m 34;Fiets;Bicycle;11
1979;30 t/m 34;Motor/scooter;Motorcycle;6
1979;30 t/m 34;Auto (bestuurder);Car (driver);76
1979;30 t/m 34;Auto (passagier);Car (passenger);18
1979;30 t/m 34;Vracht/bestel;Lorry/van;9
1979;30 t/m 34;Overig;Other;1
1979;35 t/m 39;Lopen;Pedestrian;7
1979;35 t/m 39;Fiets;Bicycle;5
1979;35 t/m 39;Brom/snorfiets;Moped;4
1979;35 t/m 39;Motor/scooter;Motorcycle;2
1979;35 t/m 39;Auto (bestuurder);Car (driver);56
1979;35 t/m 39;Auto (passagier);Car (passenger);14
1979;35 t/m 39;Vracht/bestel;Lorry/van;6
1979;35 t/m 39;Bus (OV);Bus (public transport);1
1979;35 t/m 39;Overig;Other;1
1979;40 t/m 44;Lopen;Pedestrian;5
1979;40 t/m 44;Fiets;Bicycle;9
1979;40 t/m 44;Brom/snorfiets;Moped;1
1979;40 t/m 44;Motor/scooter;Motorcycle;3
1979;40 t/m 44;Auto (bestuurder);Car (driver);38
1979;40 t/m 44;Auto (passagier);Car (passenger);13
1979;40 t/m 44;Vracht/bestel;Lorry/van;4
1979;40 t/m 44;Overig;Other;3
1979;45 t/m 49;Lopen;Pedestrian;11
1979;45 t/m 49;Fiets;Bicycle;10
1979;45 t/m 49;Motor/scooter;Motorcycle;1
1979;45 t/m 49;Auto (bestuurder);Car (driver);35
1979;45 t/m 49;Auto (passagier);Car (passenger);13
1979;45 t/m 49;Vracht/bestel;Lorry/van;2
1979;50 t/m 54;Lopen;Pedestrian;6
1979;50 t/m 54;Fiets;Bicycle;14
1979;50 t/m 54;Brom/snorfiets;Moped;2
1979;50 t/m 54;Auto (bestuurder);Car (driver);21
1979;50 t/m 54;Auto (passagier);Car (passenger);16
1979;50 t/m 54;Vracht/bestel;Lorry/van;2
1979;50 t/m 54;Overig;Other;2
1979;55 t/m 59;Lopen;Pedestrian;7
1979;55 t/m 59;Fiets;Bicycle;17
1979;55 t/m 59;Brom/snorfiets;Moped;7
1979;55 t/m 59;Auto (bestuurder);Car (driver);33
1979;55 t/m 59;Auto (passagier);Car (passenger);14
1979;55 t/m 59;Vracht/bestel;Lorry/van;4
1979;60 t/m 64;Lopen;Pedestrian;17
1979;60 t/m 64;Fiets;Bicycle;28
1979;60 t/m 64;Brom/snorfiets;Moped;4
1979;60 t/m 64;Auto (bestuurder);Car (driver);26
1979;60 t/m 64;Auto (passagier);Car (passenger);18
1979;60 t/m 64;Vracht/bestel;Lorry/van;1
1979;60 t/m 64;Overig;Other;1
1979;65 t/m 69;Lopen;Pedestrian;21
1979;65 t/m 69;Fiets;Bicycle;35
1979;65 t/m 69;Brom/snorfiets;Moped;5
1979;65 t/m 69;Auto (bestuurder);Car (driver);20
1979;65 t/m 69;Auto (passagier);Car (passenger);14
1979;65 t/m 69;Vracht/bestel;Lorry/van;1
1979;65 t/m 69;Bus (OV);Bus (public transport);1
1979;65 t/m 69;Overig;Other;2
1979;70 t/m 74;Lopen;Pedestrian;24
1979;70 t/m 74;Fiets;Bicycle;37
1979;70 t/m 74;Brom/snorfiets;Moped;8
1979;70 t/m 74;Auto (bestuurder);Car (driver);21
1979;70 t/m 74;Auto (passagier);Car (passenger);16
1979;70 t/m 74;Bus (OV);Bus (public transport);1
1979;75+;Lopen;Pedestrian;66
1979;75+;Fiets;Bicycle;78
1979;75+;Brom/snorfiets;Moped;8
1979;75+;Auto (bestuurder);Car (driver);20
1979;75+;Auto (passagier);Car (passenger);22
1979;75+;Overig;Other;2
1980;0 t/m 4;Lopen;Pedestrian;13
1980;0 t/m 4;Fiets;Bicycle;2
1980;0 t/m 4;Auto (passagier);Car (passenger);9
1980;0 t/m 4;Overig;Other;1
1980;5 t/m 9;Lopen;Pedestrian;43
1980;5 t/m 9;Fiets;Bicycle;39
1980;5 t/m 9;Auto (passagier);Car (passenger);7
1980;10 t/m 14;Lopen;Pedestrian;12
1980;10 t/m 14;Fiets;Bicycle;61
1980;10 t/m 14;Brom/snorfiets;Moped;5
1980;10 t/m 14;Auto (passagier);Car (passenger);11
1980;15 t/m 19;Lopen;Pedestrian;10
1980;15 t/m 19;Fiets;Bicycle;40
1980;15 t/m 19;Brom/snorfiets;Moped;115
1980;15 t/m 19;Motor/scooter;Motorcycle;51
1980;15 t/m 19;Auto (bestuurder);Car (driver);40
1980;15 t/m 19;Auto (passagier);Car (passenger);59
1980;15 t/m 19;Vracht/bestel;Lorry/van;2
1980;15 t/m 19;Overig;Other;2
1980;20 t/m 24;Lopen;Pedestrian;9
1980;20 t/m 24;Fiets;Bicycle;16
1980;20 t/m 24;Brom/snorfiets;Moped;14
1980;20 t/m 24;Motor/scooter;Motorcycle;57
1980;20 t/m 24;Auto (bestuurder);Car (driver);131
1980;20 t/m 24;Auto (passagier);Car (passenger);55
1980;20 t/m 24;Vracht/bestel;Lorry/van;4
1980;20 t/m 24;Overig;Other;1
1980;25 t/m 29;Lopen;Pedestrian;11
1980;25 t/m 29;Fiets;Bicycle;12
1980;25 t/m 29;Brom/snorfiets;Moped;3
1980;25 t/m 29;Motor/scooter;Motorcycle;13
1980;25 t/m 29;Auto (bestuurder);Car (driver);69
1980;25 t/m 29;Auto (passagier);Car (passenger);21
1980;25 t/m 29;Vracht/bestel;Lorry/van;7
1980;30 t/m 34;Lopen;Pedestrian;9
1980;30 t/m 34;Fiets;Bicycle;9
1980;30 t/m 34;Brom/snorfiets;Moped;3
1980;30 t/m 34;Motor/scooter;Motorcycle;5
1980;30 t/m 34;Auto (bestuurder);Car (driver);65
1980;30 t/m 34;Auto (passagier);Car (passenger);20
1980;30 t/m 34;Vracht/bestel;Lorry/van;7
1980;35 t/m 39;Lopen;Pedestrian;6
1980;35 t/m 39;Fiets;Bicycle;8
1980;35 t/m 39;Brom/snorfiets;Moped;4
1980;35 t/m 39;Motor/scooter;Motorcycle;1
1980;35 t/m 39;Auto (bestuurder);Car (driver);50
1980;35 t/m 39;Auto (passagier);Car (passenger);15
1980;35 t/m 39;Vracht/bestel;Lorry/van;3
1980;40 t/m 44;Lopen;Pedestrian;8
1980;40 t/m 44;Fiets;Bicycle;11
1980;40 t/m 44;Brom/snorfiets;Moped;5
1980;40 t/m 44;Auto (bestuurder);Car (driver);43
1980;40 t/m 44;Auto (passagier);Car (passenger);11
1980;40 t/m 44;Vracht/bestel;Lorry/van;3
1980;40 t/m 44;Overig;Other;1
1980;45 t/m 49;Lopen;Pedestrian;6
1980;45 t/m 49;Fiets;Bicycle;10
1980;45 t/m 49;Brom/snorfiets;Moped;2
1980;45 t/m 49;Motor/scooter;Motorcycle;1
1980;45 t/m 49;Auto (bestuurder);Car (driver);28
1980;45 t/m 49;Auto (passagier);Car (passenger);6
1980;45 t/m 49;Vracht/bestel;Lorry/van;3
1980;50 t/m 54;Lopen;Pedestrian;10
1980;50 t/m 54;Fiets;Bicycle;12
1980;50 t/m 54;Brom/snorfiets;Moped;3
1980;50 t/m 54;Auto (bestuurder);Car (driver);35
1980;50 t/m 54;Auto (passagier);Car (passenger);15
1980;50 t/m 54;Vracht/bestel;Lorry/van;4
1980;50 t/m 54;Overig;Other;1
1980;55 t/m 59;Lopen;Pedestrian;14
1980;55 t/m 59;Fiets;Bicycle;16
1980;55 t/m 59;Brom/snorfiets;Moped;2
1980;55 t/m 59;Auto (bestuurder);Car (driver);33
1980;55 t/m 59;Auto (passagier);Car (passenger);17
1980;60 t/m 64;Lopen;Pedestrian;13
1980;60 t/m 64;Fiets;Bicycle;23
1980;60 t/m 64;Brom/snorfiets;Moped;4
1980;60 t/m 64;Motor/scooter;Motorcycle;1
1980;60 t/m 64;Auto (bestuurder);Car (driver);30
1980;60 t/m 64;Auto (passagier);Car (passenger);13
1980;60 t/m 64;Vracht/bestel;Lorry/van;1
1980;65 t/m 69;Lopen;Pedestrian;15
1980;65 t/m 69;Fiets;Bicycle;25
1980;65 t/m 69;Brom/snorfiets;Moped;10
1980;65 t/m 69;Motor/scooter;Motorcycle;1
1980;65 t/m 69;Auto (bestuurder);Car (driver);31
1980;65 t/m 69;Auto (passagier);Car (passenger);17
1980;70 t/m 74;Lopen;Pedestrian;24
1980;70 t/m 74;Fiets;Bicycle;48
1980;70 t/m 74;Brom/snorfiets;Moped;9
1980;70 t/m 74;Auto (bestuurder);Car (driver);23
1980;70 t/m 74;Auto (passagier);Car (passenger);19
1980;70 t/m 74;Bus (OV);Bus (public transport);1
1980;75+;Lopen;Pedestrian;93
1980;75+;Fiets;Bicycle;93
1980;75+;Brom/snorfiets;Moped;14
1980;75+;Auto (bestuurder);Car (driver);11
1980;75+;Auto (passagier);Car (passenger);26
1980;75+;Bus (OV);Bus (public transport);1
1981;0 t/m 4;Lopen;Pedestrian;23
1981;0 t/m 4;Fiets;Bicycle;2
1981;0 t/m 4;Auto (bestuurder);Car (driver);1
1981;0 t/m 4;Auto (passagier);Car (passenger);8
1981;5 t/m 9;Lopen;Pedestrian;34
1981;5 t/m 9;Fiets;Bicycle;21
1981;5 t/m 9;Motor/scooter;Motorcycle;1
1981;5 t/m 9;Auto (passagier);Car (passenger);11
1981;5 t/m 9;Vracht/bestel;Lorry/van;1
1981;10 t/m 14;Lopen;Pedestrian;11
1981;10 t/m 14;Fiets;Bicycle;53
1981;10 t/m 14;Brom/snorfiets;Moped;3
1981;10 t/m 14;Auto (passagier);Car (passenger);13
1981;10 t/m 14;Overig;Other;1
1981;15 t/m 19;Lopen;Pedestrian;14
1981;15 t/m 19;Fiets;Bicycle;28
1981;15 t/m 19;Brom/snorfiets;Moped;95
1981;15 t/m 19;Motor/scooter;Motorcycle;34
1981;15 t/m 19;Auto (bestuurder);Car (driver);44
1981;15 t/m 19;Auto (passagier);Car (passenger);58
1981;15 t/m 19;Vracht/bestel;Lorry/van;2
1981;15 t/m 19;Bus (OV);Bus (public transport);1
1981;15 t/m 19;Overig;Other;1
1981;20 t/m 24;Lopen;Pedestrian;20
1981;20 t/m 24;Fiets;Bicycle;18
1981;20 t/m 24;Brom/snorfiets;Moped;6
1981;20 t/m 24;Motor/scooter;Motorcycle;47
1981;20 t/m 24;Auto (bestuurder);Car (driver);120
1981;20 t/m 24;Auto (passagier);Car (passenger);49
1981;20 t/m 24;Vracht/bestel;Lorry/van;4
1981;25 t/m 29;Lopen;Pedestrian;12
1981;25 t/m 29;Fiets;Bicycle;11
1981;25 t/m 29;Brom/snorfiets;Moped;5
1981;25 t/m 29;Motor/scooter;Motorcycle;13
1981;25 t/m 29;Auto (bestuurder);Car (driver);72
1981;25 t/m 29;Auto (passagier);Car (passenger);22
1981;25 t/m 29;Vracht/bestel;Lorry/van;7
1981;25 t/m 29;Overig;Other;1
1981;30 t/m 34;Lopen;Pedestrian;4
1981;30 t/m 34;Fiets;Bicycle;11
1981;30 t/m 34;Brom/snorfiets;Moped;2
1981;30 t/m 34;Motor/scooter;Motorcycle;6
1981;30 t/m 34;Auto (bestuurder);Car (driver);54
1981;30 t/m 34;Auto (passagier);Car (passenger);12
1981;30 t/m 34;Vracht/bestel;Lorry/van;3
1981;35 t/m 39;Lopen;Pedestrian;10
1981;35 t/m 39;Fiets;Bicycle;15
1981;35 t/m 39;Motor/scooter;Motorcycle;3
1981;35 t/m 39;Auto (bestuurder);Car (driver);53
1981;35 t/m 39;Auto (passagier);Car (passenger);16
1981;35 t/m 39;Vracht/bestel;Lorry/van;6
1981;40 t/m 44;Lopen;Pedestrian;10
1981;40 t/m 44;Fiets;Bicycle;6
1981;40 t/m 44;Brom/snorfiets;Moped;1
1981;40 t/m 44;Auto (bestuurder);Car (driver);29
1981;40 t/m 44;Auto (passagier);Car (passenger);12
1981;40 t/m 44;Vracht/bestel;Lorry/van;2
1981;45 t/m 49;Lopen;Pedestrian;11
1981;45 t/m 49;Fiets;Bicycle;6
1981;45 t/m 49;Brom/snorfiets;Moped;4
1981;45 t/m 49;Motor/scooter;Motorcycle;1
1981;45 t/m 49;Auto (bestuurder);Car (driver);33
1981;45 t/m 49;Auto (passagier);Car (passenger);7
1981;45 t/m 49;Vracht/bestel;Lorry/van;1
1981;50 t/m 54;Lopen;Pedestrian;9
1981;50 t/m 54;Fiets;Bicycle;8
1981;50 t/m 54;Brom/snorfiets;Moped;4
1981;50 t/m 54;Auto (bestuurder);Car (driver);23
1981;50 t/m 54;Auto (passagier);Car (passenger);15
1981;50 t/m 54;Overig;Other;1
1981;55 t/m 59;Lopen;Pedestrian;12
1981;55 t/m 59;Fiets;Bicycle;18
1981;55 t/m 59;Brom/snorfiets;Moped;9
1981;55 t/m 59;Motor/scooter;Motorcycle;1
1981;55 t/m 59;Auto (bestuurder);Car (driver);27
1981;55 t/m 59;Auto (passagier);Car (passenger);8
1981;55 t/m 59;Vracht/bestel;Lorry/van;2
1981;55 t/m 59;Overig;Other;2
1981;60 t/m 64;Lopen;Pedestrian;15
1981;60 t/m 64;Fiets;Bicycle;22
1981;60 t/m 64;Brom/snorfiets;Moped;7
1981;60 t/m 64;Auto (bestuurder);Car (driver);24
1981;60 t/m 64;Auto (passagier);Car (passenger);15
1981;60 t/m 64;Overig;Other;2
1981;65 t/m 69;Lopen;Pedestrian;20
1981;65 t/m 69;Fiets;Bicycle;34
1981;65 t/m 69;Brom/snorfiets;Moped;9
1981;65 t/m 69;Auto (bestuurder);Car (driver);24
1981;65 t/m 69;Auto (passagier);Car (passenger);16
1981;65 t/m 69;Vracht/bestel;Lorry/van;1
1981;70 t/m 74;Lopen;Pedestrian;21
1981;70 t/m 74;Fiets;Bicycle;40
1981;70 t/m 74;Brom/snorfiets;Moped;5
1981;70 t/m 74;Auto (bestuurder);Car (driver);20
1981;70 t/m 74;Auto (passagier);Car (passenger);19
1981;70 t/m 74;Overig;Other;1
1981;75+;Lopen;Pedestrian;70
1981;75+;Fiets;Bicycle;63
1981;75+;Brom/snorfiets;Moped;9
1981;75+;Auto (bestuurder);Car (driver);20
1981;75+;Auto (passagier);Car (passenger);26
1982;0 t/m 4;Lopen;Pedestrian;19
1982;0 t/m 4;Fiets;Bicycle;3
1982;0 t/m 4;Auto (passagier);Car (passenger);12
1982;0 t/m 4;Vracht/bestel;Lorry/van;1
1982;5 t/m 9;Lopen;Pedestrian;31
1982;5 t/m 9;Fiets;Bicycle;17
1982;5 t/m 9;Auto (passagier);Car (passenger);5
1982;10 t/m 14;Lopen;Pedestrian;17
1982;10 t/m 14;Fiets;Bicycle;54
1982;10 t/m 14;Brom/snorfiets;Moped;4
1982;10 t/m 14;Auto (passagier);Car (passenger);9
1982;10 t/m 14;Vracht/bestel;Lorry/van;1
1982;10 t/m 14;Overig;Other;1
1982;15 t/m 19;Lopen;Pedestrian;17
1982;15 t/m 19;Fiets;Bicycle;43
1982;15 t/m 19;Brom/snorfiets;Moped;87
1982;15 t/m 19;Motor/scooter;Motorcycle;23
1982;15 t/m 19;Auto (bestuurder);Car (driver);33
1982;15 t/m 19;Auto (passagier);Car (passenger);43
1982;15 t/m 19;Vracht/bestel;Lorry/van;1
1982;15 t/m 19;Overig;Other;3
1982;20 t/m 24;Lopen;Pedestrian;9
1982;20 t/m 24;Fiets;Bicycle;11
1982;20 t/m 24;Brom/snorfiets;Moped;12
1982;20 t/m 24;Motor/scooter;Motorcycle;49
1982;20 t/m 24;Auto (bestuurder);Car (driver);113
1982;20 t/m 24;Auto (passagier);Car (passenger);40
1982;20 t/m 24;Vracht/bestel;Lorry/van;5
1982;25 t/m 29;Lopen;Pedestrian;7
1982;25 t/m 29;Fiets;Bicycle;5
1982;25 t/m 29;Brom/snorfiets;Moped;2
1982;25 t/m 29;Motor/scooter;Motorcycle;16
1982;25 t/m 29;Auto (bestuurder);Car (driver);51
1982;25 t/m 29;Auto (passagier);Car (passenger);21
1982;25 t/m 29;Vracht/bestel;Lorry/van;2
1982;30 t/m 34;Lopen;Pedestrian;8
1982;30 t/m 34;Fiets;Bicycle;8
1982;30 t/m 34;Brom/snorfiets;Moped;1
1982;30 t/m 34;Motor/scooter;Motorcycle;9
1982;30 t/m 34;Auto (bestuurder);Car (driver);47
1982;30 t/m 34;Auto (passagier);Car (passenger);11
1982;30 t/m 34;Vracht/bestel;Lorry/van;1
1982;35 t/m 39;Lopen;Pedestrian;6
1982;35 t/m 39;Fiets;Bicycle;10
1982;35 t/m 39;Brom/snorfiets;Moped;1
1982;35 t/m 39;Motor/scooter;Motorcycle;3
1982;35 t/m 39;Auto (bestuurder);Car (driver);58
1982;35 t/m 39;Auto (passagier);Car (passenger);14
1982;35 t/m 39;Vracht/bestel;Lorry/van;7
1982;35 t/m 39;Overig;Other;2
1982;40 t/m 44;Lopen;Pedestrian;7
1982;40 t/m 44;Fiets;Bicycle;7
1982;40 t/m 44;Brom/snorfiets;Moped;5
1982;40 t/m 44;Motor/scooter;Motorcycle;2
1982;40 t/m 44;Auto (bestuurder);Car (driver);41
1982;40 t/m 44;Auto (passagier);Car (passenger);14
1982;40 t/m 44;Vracht/bestel;Lorry/van;2
1982;45 t/m 49;Lopen;Pedestrian;8
1982;45 t/m 49;Fiets;Bicycle;13
1982;45 t/m 49;Brom/snorfiets;Moped;1
1982;45 t/m 49;Motor/scooter;Motorcycle;2
1982;45 t/m 49;Auto (bestuurder);Car (driver);24
1982;45 t/m 49;Auto (passagier);Car (passenger);9
1982;45 t/m 49;Vracht/bestel;Lorry/van;3
1982;50 t/m 54;Lopen;Pedestrian;9
1982;50 t/m 54;Fiets;Bicycle;20
1982;50 t/m 54;Brom/snorfiets;Moped;5
1982;50 t/m 54;Motor/scooter;Motorcycle;2
1982;50 t/m 54;Auto (bestuurder);Car (driver);26
1982;50 t/m 54;Auto (passagier);Car (passenger);15
1982;50 t/m 54;Vracht/bestel;Lorry/van;3
1982;50 t/m 54;Overig;Other;1
1982;55 t/m 59;Lopen;Pedestrian;16
1982;55 t/m 59;Fiets;Bicycle;15
1982;55 t/m 59;Brom/snorfiets;Moped;2
1982;55 t/m 59;Auto (bestuurder);Car (driver);27
1982;55 t/m 59;Auto (passagier);Car (passenger);14
1982;55 t/m 59;Vracht/bestel;Lorry/van;1
1982;60 t/m 64;Lopen;Pedestrian;7
1982;60 t/m 64;Fiets;Bicycle;19
1982;60 t/m 64;Brom/snorfiets;Moped;7
1982;60 t/m 64;Auto (bestuurder);Car (driver);33
1982;60 t/m 64;Auto (passagier);Car (passenger);15
1982;60 t/m 64;Vracht/bestel;Lorry/van;2
1982;65 t/m 69;Lopen;Pedestrian;20
1982;65 t/m 69;Fiets;Bicycle;36
1982;65 t/m 69;Brom/snorfiets;Moped;5
1982;65 t/m 69;Auto (bestuurder);Car (driver);25
1982;65 t/m 69;Auto (passagier);Car (passenger);10
1982;65 t/m 69;Overig;Other;1
1982;70 t/m 74;Lopen;Pedestrian;26
1982;70 t/m 74;Fiets;Bicycle;25
1982;70 t/m 74;Brom/snorfiets;Moped;6
1982;70 t/m 74;Auto (bestuurder);Car (driver);20
1982;70 t/m 74;Auto (passagier);Car (passenger);16
1982;75+;Lopen;Pedestrian;56
1982;75+;Fiets;Bicycle;87
1982;75+;Brom/snorfiets;Moped;6
1982;75+;Auto (bestuurder);Car (driver);15
1982;75+;Auto (passagier);Car (passenger);26
1983;0 t/m 4;Lopen;Pedestrian;22
1983;0 t/m 4;Fiets;Bicycle;3
1983;0 t/m 4;Auto (passagier);Car (passenger);5
1983;0 t/m 4;Overig;Other;1
1983;5 t/m 9;Lopen;Pedestrian;30
1983;5 t/m 9;Fiets;Bicycle;24
1983;5 t/m 9;Auto (passagier);Car (passenger);8
1983;5 t/m 9;Vracht/bestel;Lorry/van;1
1983;10 t/m 14;Lopen;Pedestrian;21
1983;10 t/m 14;Fiets;Bicycle;56
1983;10 t/m 14;Brom/snorfiets;Moped;2
1983;10 t/m 14;Motor/scooter;Motorcycle;1
1983;10 t/m 14;Auto (passagier);Car (passenger);9
1983;15 t/m 19;Lopen;Pedestrian;10
1983;15 t/m 19;Fiets;Bicycle;35
1983;15 t/m 19;Brom/snorfiets;Moped;94
1983;15 t/m 19;Motor/scooter;Motorcycle;23
1983;15 t/m 19;Auto (bestuurder);Car (driver);39
1983;15 t/m 19;Auto (passagier);Car (passenger);55
1983;15 t/m 19;Vracht/bestel;Lorry/van;3
1983;15 t/m 19;Overig;Other;1
1983;20 t/m 24;Lopen;Pedestrian;11
1983;20 t/m 24;Fiets;Bicycle;19
1983;20 t/m 24;Brom/snorfiets;Moped;10
1983;20 t/m 24;Motor/scooter;Motorcycle;46
1983;20 t/m 24;Auto (bestuurder);Car (driver);104
1983;20 t/m 24;Auto (passagier);Car (passenger);40
1983;20 t/m 24;Vracht/bestel;Lorry/van;4
1983;20 t/m 24;Bus (OV);Bus (public transport);1
1983;20 t/m 24;Overig;Other;1
1983;25 t/m 29;Lopen;Pedestrian;8
1983;25 t/m 29;Fiets;Bicycle;8
1983;25 t/m 29;Brom/snorfiets;Moped;2
1983;25 t/m 29;Motor/scooter;Motorcycle;15
1983;25 t/m 29;Auto (bestuurder);Car (driver);52
1983;25 t/m 29;Auto (passagier);Car (passenger);19
1983;25 t/m 29;Vracht/bestel;Lorry/van;4
1983;25 t/m 29;Overig;Other;1
1983;30 t/m 34;Lopen;Pedestrian;8
1983;30 t/m 34;Fiets;Bicycle;11
1983;30 t/m 34;Brom/snorfiets;Moped;1
1983;30 t/m 34;Motor/scooter;Motorcycle;2
1983;30 t/m 34;Auto (bestuurder);Car (driver);42
1983;30 t/m 34;Auto (passagier);Car (passenger);10
1983;30 t/m 34;Vracht/bestel;Lorry/van;4
1983;35 t/m 39;Lopen;Pedestrian;8
1983;35 t/m 39;Fiets;Bicycle;8
1983;35 t/m 39;Brom/snorfiets;Moped;6
1983;35 t/m 39;Motor/scooter;Motorcycle;4
1983;35 t/m 39;Auto (bestuurder);Car (driver);47
1983;35 t/m 39;Auto (passagier);Car (passenger);12
1983;35 t/m 39;Vracht/bestel;Lorry/van;2
1983;40 t/m 44;Lopen;Pedestrian;9
1983;40 t/m 44;Fiets;Bicycle;8
1983;40 t/m 44;Brom/snorfiets;Moped;3
1983;40 t/m 44;Motor/scooter;Motorcycle;3
1983;40 t/m 44;Auto (bestuurder);Car (driver);41
1983;40 t/m 44;Auto (passagier);Car (passenger);13
1983;40 t/m 44;Vracht/bestel;Lorry/van;9
1983;40 t/m 44;Overig;Other;1
1983;45 t/m 49;Lopen;Pedestrian;14
1983;45 t/m 49;Fiets;Bicycle;11
1983;45 t/m 49;Motor/scooter;Motorcycle;1
1983;45 t/m 49;Auto (bestuurder);Car (driver);31
1983;45 t/m 49;Auto (passagier);Car (passenger);12
1983;45 t/m 49;Vracht/bestel;Lorry/van;4
1983;50 t/m 54;Lopen;Pedestrian;7
1983;50 t/m 54;Fiets;Bicycle;11
1983;50 t/m 54;Motor/scooter;Motorcycle;1
1983;50 t/m 54;Auto (bestuurder);Car (driver);31
1983;50 t/m 54;Auto (passagier);Car (passenger);16
1983;50 t/m 54;Vracht/bestel;Lorry/van;4
1983;50 t/m 54;Bus (OV);Bus (public transport);1
1983;55 t/m 59;Lopen;Pedestrian;12
1983;55 t/m 59;Fiets;Bicycle;23
1983;55 t/m 59;Brom/snorfiets;Moped;4
1983;55 t/m 59;Motor/scooter;Motorcycle;1
1983;55 t/m 59;Auto (bestuurder);Car (driver);29
1983;55 t/m 59;Auto (passagier);Car (passenger);10
1983;55 t/m 59;Vracht/bestel;Lorry/van;3
1983;60 t/m 64;Lopen;Pedestrian;13
1983;60 t/m 64;Fiets;Bicycle;26
1983;60 t/m 64;Brom/snorfiets;Moped;3
1983;60 t/m 64;Auto (bestuurder);Car (driver);28
1983;60 t/m 64;Auto (passagier);Car (passenger);12
1983;60 t/m 64;Vracht/bestel;Lorry/van;2
1983;60 t/m 64;Bus (OV);Bus (public transport);2
1983;65 t/m 69;Lopen;Pedestrian;18
1983;65 t/m 69;Fiets;Bicycle;30
1983;65 t/m 69;Brom/snorfiets;Moped;2
1983;65 t/m 69;Motor/scooter;Motorcycle;1
1983;65 t/m 69;Auto (bestuurder);Car (driver);16
1983;65 t/m 69;Auto (passagier);Car (passenger);17
1983;65 t/m 69;Vracht/bestel;Lorry/van;1
1983;70 t/m 74;Lopen;Pedestrian;25
1983;70 t/m 74;Fiets;Bicycle;52
1983;70 t/m 74;Brom/snorfiets;Moped;5
1983;70 t/m 74;Auto (bestuurder);Car (driver);15
1983;70 t/m 74;Auto (passagier);Car (passenger);26
1983;75+;Lopen;Pedestrian;73
1983;75+;Fiets;Bicycle;75
1983;75+;Brom/snorfiets;Moped;8
1983;75+;Auto (bestuurder);Car (driver);16
1983;75+;Auto (passagier);Car (passenger);24
1984;0 t/m 4;Lopen;Pedestrian;13
1984;0 t/m 4;Fiets;Bicycle;2
1984;0 t/m 4;Auto (passagier);Car (passenger);8
1984;0 t/m 4;Vracht/bestel;Lorry/van;2
1984;5 t/m 9;Lopen;Pedestrian;16
1984;5 t/m 9;Fiets;Bicycle;15
1984;5 t/m 9;Auto (passagier);Car (passenger);4
1984;5 t/m 9;Vracht/bestel;Lorry/van;1
1984;10 t/m 14;Lopen;Pedestrian;8
1984;10 t/m 14;Fiets;Bicycle;55
1984;10 t/m 14;Brom/snorfiets;Moped;4
1984;10 t/m 14;Auto (passagier);Car (passenger);4
1984;10 t/m 14;Overig;Other;1
1984;15 t/m 19;Lopen;Pedestrian;12
1984;15 t/m 19;Fiets;Bicycle;39
1984;15 t/m 19;Brom/snorfiets;Moped;78
1984;15 t/m 19;Motor/scooter;Motorcycle;13
1984;15 t/m 19;Auto (bestuurder);Car (driver);29
1984;15 t/m 19;Auto (passagier);Car (passenger);39
1984;15 t/m 19;Vracht/bestel;Lorry/van;4
1984;20 t/m 24;Lopen;Pedestrian;5
1984;20 t/m 24;Fiets;Bicycle;13
1984;20 t/m 24;Brom/snorfiets;Moped;8
1984;20 t/m 24;Motor/scooter;Motorcycle;52
1984;20 t/m 24;Auto (bestuurder);Car (driver);119
1984;20 t/m 24;Auto (passagier);Car (passenger);44
1984;20 t/m 24;Vracht/bestel;Lorry/van;2
1984;20 t/m 24;Overig;Other;1
1984;25 t/m 29;Lopen;Pedestrian;5
1984;25 t/m 29;Fiets;Bicycle;8
1984;25 t/m 29;Brom/snorfiets;Moped;5
1984;25 t/m 29;Motor/scooter;Motorcycle;16
1984;25 t/m 29;Auto (bestuurder);Car (driver);60
1984;25 t/m 29;Auto (passagier);Car (passenger);26
1984;25 t/m 29;Vracht/bestel;Lorry/van;4
1984;30 t/m 34;Lopen;Pedestrian;5
1984;30 t/m 34;Fiets;Bicycle;8
1984;30 t/m 34;Brom/snorfiets;Moped;2
1984;30 t/m 34;Motor/scooter;Motorcycle;9
1984;30 t/m 34;Auto (bestuurder);Car (driver);50
1984;30 t/m 34;Auto (passagier);Car (passenger);16
1984;30 t/m 34;Vracht/bestel;Lorry/van;6
1984;35 t/m 39;Lopen;Pedestrian;7
1984;35 t/m 39;Fiets;Bicycle;3
1984;35 t/m 39;Brom/snorfiets;Moped;2
1984;35 t/m 39;Motor/scooter;Motorcycle;3
1984;35 t/m 39;Auto (bestuurder);Car (driver);54
1984;35 t/m 39;Auto (passagier);Car (passenger);13
1984;35 t/m 39;Vracht/bestel;Lorry/van;3
1984;40 t/m 44;Lopen;Pedestrian;5
1984;40 t/m 44;Fiets;Bicycle;14
1984;40 t/m 44;Brom/snorfiets;Moped;1
1984;40 t/m 44;Auto (bestuurder);Car (driver);43
1984;40 t/m 44;Auto (passagier);Car (passenger);10
1984;40 t/m 44;Vracht/bestel;Lorry/van;1
1984;40 t/m 44;Bus (OV);Bus (public transport);1
1984;40 t/m 44;Overig;Other;1
1984;45 t/m 49;Lopen;Pedestrian;2
1984;45 t/m 49;Fiets;Bicycle;10
1984;45 t/m 49;Brom/snorfiets;Moped;1
1984;45 t/m 49;Motor/scooter;Motorcycle;1
1984;45 t/m 49;Auto (bestuurder);Car (driver);29
1984;45 t/m 49;Auto (passagier);Car (passenger);15
1984;45 t/m 49;Vracht/bestel;Lorry/van;6
1984;45 t/m 49;Overig;Other;1
1984;50 t/m 54;Lopen;Pedestrian;8
1984;50 t/m 54;Fiets;Bicycle;10
1984;50 t/m 54;Brom/snorfiets;Moped;3
1984;50 t/m 54;Motor/scooter;Motorcycle;1
1984;50 t/m 54;Auto (bestuurder);Car (driver);35
1984;50 t/m 54;Auto (passagier);Car (passenger);7
1984;55 t/m 59;Lopen;Pedestrian;7
1984;55 t/m 59;Fiets;Bicycle;18
1984;55 t/m 59;Brom/snorfiets;Moped;5
1984;55 t/m 59;Auto (bestuurder);Car (driver);23
1984;55 t/m 59;Auto (passagier);Car (passenger);15
1984;55 t/m 59;Vracht/bestel;Lorry/van;1
1984;60 t/m 64;Lopen;Pedestrian;8
1984;60 t/m 64;Fiets;Bicycle;19
1984;60 t/m 64;Brom/snorfiets;Moped;2
1984;60 t/m 64;Motor/scooter;Motorcycle;1
1984;60 t/m 64;Auto (bestuurder);Car (driver);27
1984;60 t/m 64;Auto (passagier);Car (passenger);12
1984;60 t/m 64;Vracht/bestel;Lorry/van;2
1984;60 t/m 64;Bus (OV);Bus (public transport);1
1984;65 t/m 69;Lopen;Pedestrian;22
1984;65 t/m 69;Fiets;Bicycle;41
1984;65 t/m 69;Brom/snorfiets;Moped;6
1984;65 t/m 69;Auto (bestuurder);Car (driver);19
1984;65 t/m 69;Auto (passagier);Car (passenger);12
1984;65 t/m 69;Overig;Other;1
1984;70 t/m 74;Lopen;Pedestrian;27
1984;70 t/m 74;Fiets;Bicycle;29
1984;70 t/m 74;Brom/snorfiets;Moped;10
1984;70 t/m 74;Motor/scooter;Motorcycle;1
1984;70 t/m 74;Auto (bestuurder);Car (driver);13
1984;70 t/m 74;Auto (passagier);Car (passenger);16
1984;75+;Lopen;Pedestrian;66
1984;75+;Fiets;Bicycle;73
1984;75+;Brom/snorfiets;Moped;4
1984;75+;Auto (bestuurder);Car (driver);11
1984;75+;Auto (passagier);Car (passenger);21
1984;75+;Bus (OV);Bus (public transport);1
1985;0 t/m 4;Lopen;Pedestrian;8
1985;0 t/m 4;Fiets;Bicycle;3
1985;0 t/m 4;Auto (passagier);Car (passenger);7
1985;5 t/m 9;Lopen;Pedestrian;14
1985;5 t/m 9;Fiets;Bicycle;12
1985;5 t/m 9;Motor/scooter;Motorcycle;1
1985;5 t/m 9;Auto (passagier);Car (passenger);3
1985;5 t/m 9;Vracht/bestel;Lorry/van;1
1985;10 t/m 14;Lopen;Pedestrian;10
1985;10 t/m 14;Fiets;Bicycle;28
1985;10 t/m 14;Brom/snorfiets;Moped;2
1985;10 t/m 14;Motor/scooter;Motorcycle;1
1985;10 t/m 14;Auto (passagier);Car (passenger);9
1985;10 t/m 14;Vracht/bestel;Lorry/van;1
1985;15 t/m 19;Lopen;Pedestrian;7
1985;15 t/m 19;Fiets;Bicycle;39
1985;15 t/m 19;Brom/snorfiets;Moped;59
1985;15 t/m 19;Motor/scooter;Motorcycle;10
1985;15 t/m 19;Auto (bestuurder);Car (driver);32
1985;15 t/m 19;Auto (passagier);Car (passenger);46
1985;15 t/m 19;Vracht/bestel;Lorry/van;3
1985;15 t/m 19;Overig;Other;1
1985;20 t/m 24;Lopen;Pedestrian;8
1985;20 t/m 24;Fiets;Bicycle;14
1985;20 t/m 24;Brom/snorfiets;Moped;12
1985;20 t/m 24;Motor/scooter;Motorcycle;36
1985;20 t/m 24;Auto (bestuurder);Car (driver);94
1985;20 t/m 24;Auto (passagier);Car (passenger);39
1985;20 t/m 24;Vracht/bestel;Lorry/van;4
1985;20 t/m 24;Overig;Other;1
1985;25 t/m 29;Lopen;Pedestrian;7
1985;25 t/m 29;Fiets;Bicycle;12
1985;25 t/m 29;Brom/snorfiets;Moped;3
1985;25 t/m 29;Motor/scooter;Motorcycle;12
1985;25 t/m 29;Auto (bestuurder);Car (driver);49
1985;25 t/m 29;Auto (passagier);Car (passenger);17
1985;25 t/m 29;Vracht/bestel;Lorry/van;5
1985;30 t/m 34;Lopen;Pedestrian;8
1985;30 t/m 34;Fiets;Bicycle;10
1985;30 t/m 34;Brom/snorfiets;Moped;2
1985;30 t/m 34;Motor/scooter;Motorcycle;7
1985;30 t/m 34;Auto (bestuurder);Car (driver);55
1985;30 t/m 34;Auto (passagier);Car (passenger);10
1985;30 t/m 34;Vracht/bestel;Lorry/van;3
1985;35 t/m 39;Lopen;Pedestrian;3
1985;35 t/m 39;Fiets;Bicycle;7
1985;35 t/m 39;Brom/snorfiets;Moped;1
1985;35 t/m 39;Motor/scooter;Motorcycle;2
1985;35 t/m 39;Auto (bestuurder);Car (driver);52
1985;35 t/m 39;Auto (passagier);Car (passenger);8
1985;35 t/m 39;Vracht/bestel;Lorry/van;2
1985;40 t/m 44;Lopen;Pedestrian;7
1985;40 t/m 44;Fiets;Bicycle;7
1985;40 t/m 44;Brom/snorfiets;Moped;3
1985;40 t/m 44;Auto (bestuurder);Car (driver);34
1985;40 t/m 44;Auto (passagier);Car (passenger);8
1985;40 t/m 44;Vracht/bestel;Lorry/van;3
1985;40 t/m 44;Bus (OV);Bus (public transport);1
1985;45 t/m 49;Lopen;Pedestrian;7
1985;45 t/m 49;Fiets;Bicycle;10
1985;45 t/m 49;Brom/snorfiets;Moped;3
1985;45 t/m 49;Motor/scooter;Motorcycle;1
1985;45 t/m 49;Auto (bestuurder);Car (driver);29
1985;45 t/m 49;Auto (passagier);Car (passenger);14
1985;45 t/m 49;Vracht/bestel;Lorry/van;3
1985;50 t/m 54;Lopen;Pedestrian;7
1985;50 t/m 54;Fiets;Bicycle;10
1985;50 t/m 54;Brom/snorfiets;Moped;3
1985;50 t/m 54;Motor/scooter;Motorcycle;1
1985;50 t/m 54;Auto (bestuurder);Car (driver);32
1985;50 t/m 54;Auto (passagier);Car (passenger);11
1985;50 t/m 54;Vracht/bestel;Lorry/van;2
1985;55 t/m 59;Lopen;Pedestrian;10
1985;55 t/m 59;Fiets;Bicycle;16
1985;55 t/m 59;Brom/snorfiets;Moped;7
1985;55 t/m 59;Motor/scooter;Motorcycle;1
1985;55 t/m 59;Auto (bestuurder);Car (driver);21
1985;55 t/m 59;Auto (passagier);Car (passenger);8
1985;60 t/m 64;Lopen;Pedestrian;11
1985;60 t/m 64;Fiets;Bicycle;11
1985;60 t/m 64;Brom/snorfiets;Moped;5
1985;60 t/m 64;Auto (bestuurder);Car (driver);26
1985;60 t/m 64;Auto (passagier);Car (passenger);9
1985;60 t/m 64;Vracht/bestel;Lorry/van;2
1985;65 t/m 69;Lopen;Pedestrian;13
1985;65 t/m 69;Fiets;Bicycle;24
1985;65 t/m 69;Brom/snorfiets;Moped;5
1985;65 t/m 69;Auto (bestuurder);Car (driver);17
1985;65 t/m 69;Auto (passagier);Car (passenger);9
1985;65 t/m 69;Vracht/bestel;Lorry/van;1
1985;65 t/m 69;Overig;Other;1
1985;70 t/m 74;Lopen;Pedestrian;18
1985;70 t/m 74;Fiets;Bicycle;31
1985;70 t/m 74;Brom/snorfiets;Moped;5
1985;70 t/m 74;Auto (bestuurder);Car (driver);17
1985;70 t/m 74;Auto (passagier);Car (passenger);15
1985;75+;Lopen;Pedestrian;50
1985;75+;Fiets;Bicycle;81
1985;75+;Brom/snorfiets;Moped;5
1985;75+;Auto (bestuurder);Car (driver);28
1985;75+;Auto (passagier);Car (passenger);15
1986;0 t/m 4;Lopen;Pedestrian;6
1986;0 t/m 4;Auto (passagier);Car (passenger);10
1986;5 t/m 9;Lopen;Pedestrian;12
1986;5 t/m 9;Fiets;Bicycle;8
1986;5 t/m 9;Auto (passagier);Car (passenger);7
1986;5 t/m 9;Vracht/bestel;Lorry/van;1
1986;5 t/m 9;Overig;Other;1
1986;10 t/m 14;Lopen;Pedestrian;10
1986;10 t/m 14;Fiets;Bicycle;39
1986;10 t/m 14;Brom/snorfiets;Moped;1
1986;10 t/m 14;Auto (passagier);Car (passenger);3
1986;10 t/m 14;Overig;Other;2
1986;15 t/m 19;Lopen;Pedestrian;10
1986;15 t/m 19;Fiets;Bicycle;31
1986;15 t/m 19;Brom/snorfiets;Moped;74
1986;15 t/m 19;Motor/scooter;Motorcycle;8
1986;15 t/m 19;Auto (bestuurder);Car (driver);24
1986;15 t/m 19;Auto (passagier);Car (passenger);27
1986;15 t/m 19;Vracht/bestel;Lorry/van;5
1986;15 t/m 19;Overig;Other;1
1986;20 t/m 24;Lopen;Pedestrian;12
1986;20 t/m 24;Fiets;Bicycle;7
1986;20 t/m 24;Brom/snorfiets;Moped;15
1986;20 t/m 24;Motor/scooter;Motorcycle;31
1986;20 t/m 24;Auto (bestuurder);Car (driver);101
1986;20 t/m 24;Auto (passagier);Car (passenger);47
1986;20 t/m 24;Vracht/bestel;Lorry/van;16
1986;20 t/m 24;Overig;Other;1
1986;25 t/m 29;Lopen;Pedestrian;13
1986;25 t/m 29;Fiets;Bicycle;12
1986;25 t/m 29;Brom/snorfiets;Moped;2
1986;25 t/m 29;Motor/scooter;Motorcycle;17
1986;25 t/m 29;Auto (bestuurder);Car (driver);82
1986;25 t/m 29;Auto (passagier);Car (passenger);17
1986;25 t/m 29;Vracht/bestel;Lorry/van;8
1986;30 t/m 34;Lopen;Pedestrian;6
1986;30 t/m 34;Fiets;Bicycle;7
1986;30 t/m 34;Brom/snorfiets;Moped;4
1986;30 t/m 34;Motor/scooter;Motorcycle;2
1986;30 t/m 34;Auto (bestuurder);Car (driver);51
1986;30 t/m 34;Auto (passagier);Car (passenger);15
1986;30 t/m 34;Vracht/bestel;Lorry/van;7
1986;35 t/m 39;Lopen;Pedestrian;12
1986;35 t/m 39;Fiets;Bicycle;13
1986;35 t/m 39;Brom/snorfiets;Moped;3
1986;35 t/m 39;Motor/scooter;Motorcycle;5
1986;35 t/m 39;Auto (bestuurder);Car (driver);41
1986;35 t/m 39;Auto (passagier);Car (passenger);10
1986;35 t/m 39;Vracht/bestel;Lorry/van;5
1986;40 t/m 44;Lopen;Pedestrian;7
1986;40 t/m 44;Fiets;Bicycle;5
1986;40 t/m 44;Brom/snorfiets;Moped;4
1986;40 t/m 44;Auto (bestuurder);Car (driver);41
1986;40 t/m 44;Auto (passagier);Car (passenger);10
1986;40 t/m 44;Vracht/bestel;Lorry/van;6
1986;45 t/m 49;Lopen;Pedestrian;8
1986;45 t/m 49;Fiets;Bicycle;11
1986;45 t/m 49;Brom/snorfiets;Moped;4
1986;45 t/m 49;Auto (bestuurder);Car (driver);38
1986;45 t/m 49;Auto (passagier);Car (passenger);11
1986;45 t/m 49;Vracht/bestel;Lorry/van;1
1986;45 t/m 49;Bus (OV);Bus (public transport);1
1986;50 t/m 54;Lopen;Pedestrian;8
1986;50 t/m 54;Fiets;Bicycle;16
1986;50 t/m 54;Brom/snorfiets;Moped;5
1986;50 t/m 54;Auto (bestuurder);Car (driver);24
1986;50 t/m 54;Auto (passagier);Car (passenger);8
1986;50 t/m 54;Vracht/bestel;Lorry/van;1
1986;50 t/m 54;Overig;Other;1
1986;55 t/m 59;Lopen;Pedestrian;6
1986;55 t/m 59;Fiets;Bicycle;21
1986;55 t/m 59;Brom/snorfiets;Moped;2
1986;55 t/m 59;Auto (bestuurder);Car (driver);30
1986;55 t/m 59;Auto (passagier);Car (passenger);10
1986;55 t/m 59;Vracht/bestel;Lorry/van;2
1986;60 t/m 64;Lopen;Pedestrian;13
1986;60 t/m 64;Fiets;Bicycle;20
1986;60 t/m 64;Brom/snorfiets;Moped;5
1986;60 t/m 64;Motor/scooter;Motorcycle;1
1986;60 t/m 64;Auto (bestuurder);Car (driver);16
1986;60 t/m 64;Auto (passagier);Car (passenger);9
1986;60 t/m 64;Vracht/bestel;Lorry/van;1
1986;65 t/m 69;Lopen;Pedestrian;11
1986;65 t/m 69;Fiets;Bicycle;19
1986;65 t/m 69;Brom/snorfiets;Moped;3
1986;65 t/m 69;Auto (bestuurder);Car (driver);21
1986;65 t/m 69;Auto (passagier);Car (passenger);9
1986;70 t/m 74;Lopen;Pedestrian;27
1986;70 t/m 74;Fiets;Bicycle;31
1986;70 t/m 74;Brom/snorfiets;Moped;4
1986;70 t/m 74;Auto (bestuurder);Car (driver);25
1986;70 t/m 74;Auto (passagier);Car (passenger);9
1986;70 t/m 74;Vracht/bestel;Lorry/van;1
1986;75+;Lopen;Pedestrian;55
1986;75+;Fiets;Bicycle;72
1986;75+;Brom/snorfiets;Moped;8
1986;75+;Auto (bestuurder);Car (driver);23
1986;75+;Auto (passagier);Car (passenger);20
1986;75+;Overig;Other;1
1987;0 t/m 4;Lopen;Pedestrian;10
1987;0 t/m 4;Fiets;Bicycle;3
1987;0 t/m 4;Auto (passagier);Car (passenger);6
1987;5 t/m 9;Lopen;Pedestrian;13
1987;5 t/m 9;Fiets;Bicycle;19
1987;5 t/m 9;Auto (passagier);Car (passenger);2
1987;10 t/m 14;Lopen;Pedestrian;16
1987;10 t/m 14;Fiets;Bicycle;38
1987;10 t/m 14;Brom/snorfiets;Moped;1
1987;10 t/m 14;Auto (passagier);Car (passenger);9
1987;10 t/m 14;Vracht/bestel;Lorry/van;1
1987;10 t/m 14;Overig;Other;1
1987;15 t/m 19;Lopen;Pedestrian;6
1987;15 t/m 19;Fiets;Bicycle;31
1987;15 t/m 19;Brom/snorfiets;Moped;78
1987;15 t/m 19;Motor/scooter;Motorcycle;5
1987;15 t/m 19;Auto (bestuurder);Car (driver);32
1987;15 t/m 19;Auto (passagier);Car (passenger);38
1987;15 t/m 19;Vracht/bestel;Lorry/van;7
1987;15 t/m 19;Overig;Other;1
1987;20 t/m 24;Lopen;Pedestrian;4
1987;20 t/m 24;Fiets;Bicycle;21
1987;20 t/m 24;Brom/snorfiets;Moped;13
1987;20 t/m 24;Motor/scooter;Motorcycle;28
1987;20 t/m 24;Auto (bestuurder);Car (driver);115
1987;20 t/m 24;Auto (passagier);Car (passenger);40
1987;20 t/m 24;Vracht/bestel;Lorry/van;9
1987;25 t/m 29;Lopen;Pedestrian;5
1987;25 t/m 29;Fiets;Bicycle;7
1987;25 t/m 29;Brom/snorfiets;Moped;2
1987;25 t/m 29;Motor/scooter;Motorcycle;11
1987;25 t/m 29;Auto (bestuurder);Car (driver);47
1987;25 t/m 29;Auto (passagier);Car (passenger);16
1987;25 t/m 29;Vracht/bestel;Lorry/van;4
1987;30 t/m 34;Lopen;Pedestrian;8
1987;30 t/m 34;Fiets;Bicycle;7
1987;30 t/m 34;Brom/snorfiets;Moped;2
1987;30 t/m 34;Motor/scooter;Motorcycle;4
1987;30 t/m 34;Auto (bestuurder);Car (driver);32
1987;30 t/m 34;Auto (passagier);Car (passenger);11
1987;30 t/m 34;Vracht/bestel;Lorry/van;1
1987;35 t/m 39;Lopen;Pedestrian;5
1987;35 t/m 39;Fiets;Bicycle;7
1987;35 t/m 39;Brom/snorfiets;Moped;3
1987;35 t/m 39;Motor/scooter;Motorcycle;4
1987;35 t/m 39;Auto (bestuurder);Car (driver);41
1987;35 t/m 39;Auto (passagier);Car (passenger);8
1987;35 t/m 39;Vracht/bestel;Lorry/van;6
1987;40 t/m 44;Lopen;Pedestrian;6
1987;40 t/m 44;Fiets;Bicycle;12
1987;40 t/m 44;Brom/snorfiets;Moped;2
1987;40 t/m 44;Motor/scooter;Motorcycle;4
1987;40 t/m 44;Auto (bestuurder);Car (driver);56
1987;40 t/m 44;Auto (passagier);Car (passenger);10
1987;40 t/m 44;Vracht/bestel;Lorry/van;2
1987;45 t/m 49;Lopen;Pedestrian;8
1987;45 t/m 49;Fiets;Bicycle;7
1987;45 t/m 49;Brom/snorfiets;Moped;6
1987;45 t/m 49;Auto (bestuurder);Car (driver);30
1987;45 t/m 49;Auto (passagier);Car (passenger);20
1987;45 t/m 49;Vracht/bestel;Lorry/van;5
1987;45 t/m 49;Bus (OV);Bus (public transport);1
1987;45 t/m 49;Overig;Other;1
1987;50 t/m 54;Lopen;Pedestrian;11
1987;50 t/m 54;Fiets;Bicycle;9
1987;50 t/m 54;Brom/snorfiets;Moped;1
1987;50 t/m 54;Motor/scooter;Motorcycle;2
1987;50 t/m 54;Auto (bestuurder);Car (driver);25
1987;50 t/m 54;Auto (passagier);Car (passenger);7
1987;50 t/m 54;Vracht/bestel;Lorry/van;2
1987;55 t/m 59;Lopen;Pedestrian;5
1987;55 t/m 59;Fiets;Bicycle;16
1987;55 t/m 59;Brom/snorfiets;Moped;2
1987;55 t/m 59;Auto (bestuurder);Car (driver);32
1987;55 t/m 59;Auto (passagier);Car (passenger);15
1987;55 t/m 59;Vracht/bestel;Lorry/van;3
1987;60 t/m 64;Lopen;Pedestrian;5
1987;60 t/m 64;Fiets;Bicycle;14
1987;60 t/m 64;Brom/snorfiets;Moped;4
1987;60 t/m 64;Auto (bestuurder);Car (driver);23
1987;60 t/m 64;Auto (passagier);Car (passenger);15
1987;60 t/m 64;Vracht/bestel;Lorry/van;1
1987;60 t/m 64;Overig;Other;1
1987;65 t/m 69;Lopen;Pedestrian;16
1987;65 t/m 69;Fiets;Bicycle;23
1987;65 t/m 69;Brom/snorfiets;Moped;3
1987;65 t/m 69;Auto (bestuurder);Car (driver);24
1987;65 t/m 69;Auto (passagier);Car (passenger);14
1987;65 t/m 69;Vracht/bestel;Lorry/van;1
1987;70 t/m 74;Lopen;Pedestrian;14
1987;70 t/m 74;Fiets;Bicycle;31
1987;70 t/m 74;Brom/snorfiets;Moped;2
1987;70 t/m 74;Auto (bestuurder);Car (driver);27
1987;70 t/m 74;Auto (passagier);Car (passenger);19
1987;70 t/m 74;Vracht/bestel;Lorry/van;1
1987;75+;Lopen;Pedestrian;40
1987;75+;Fiets;Bicycle;66
1987;75+;Brom/snorfiets;Moped;7
1987;75+;Auto (bestuurder);Car (driver);34
1987;75+;Auto (passagier);Car (passenger);21
1987;75+;Overig;Other;1
1988;0 t/m 4;Lopen;Pedestrian;12
1988;0 t/m 4;Fiets;Bicycle;2
1988;0 t/m 4;Auto (passagier);Car (passenger);7
1988;0 t/m 4;Vracht/bestel;Lorry/van;1
1988;5 t/m 9;Lopen;Pedestrian;10
1988;5 t/m 9;Fiets;Bicycle;24
1988;5 t/m 9;Auto (passagier);Car (passenger);5
1988;10 t/m 14;Lopen;Pedestrian;4
1988;10 t/m 14;Fiets;Bicycle;24
1988;10 t/m 14;Auto (passagier);Car (passenger);4
1988;15 t/m 19;Lopen;Pedestrian;12
1988;15 t/m 19;Fiets;Bicycle;29
1988;15 t/m 19;Brom/snorfiets;Moped;71
1988;15 t/m 19;Motor/scooter;Motorcycle;6
1988;15 t/m 19;Auto (bestuurder);Car (driver);27
1988;15 t/m 19;Auto (passagier);Car (passenger);23
1988;15 t/m 19;Vracht/bestel;Lorry/van;3
1988;15 t/m 19;Bus (OV);Bus (public transport);1
1988;20 t/m 24;Lopen;Pedestrian;11
1988;20 t/m 24;Fiets;Bicycle;14
1988;20 t/m 24;Brom/snorfiets;Moped;9
1988;20 t/m 24;Motor/scooter;Motorcycle;30
1988;20 t/m 24;Auto (bestuurder);Car (driver);95
1988;20 t/m 24;Auto (passagier);Car (passenger);38
1988;20 t/m 24;Vracht/bestel;Lorry/van;7
1988;20 t/m 24;Bus (OV);Bus (public transport);1
1988;25 t/m 29;Lopen;Pedestrian;8
1988;25 t/m 29;Fiets;Bicycle;8
1988;25 t/m 29;Brom/snorfiets;Moped;4
1988;25 t/m 29;Motor/scooter;Motorcycle;14
1988;25 t/m 29;Auto (bestuurder);Car (driver);64
1988;25 t/m 29;Auto (passagier);Car (passenger);11
1988;25 t/m 29;Vracht/bestel;Lorry/van;8
1988;30 t/m 34;Lopen;Pedestrian;11
1988;30 t/m 34;Fiets;Bicycle;9
1988;30 t/m 34;Brom/snorfiets;Moped;3
1988;30 t/m 34;Motor/scooter;Motorcycle;6
1988;30 t/m 34;Auto (bestuurder);Car (driver);39
1988;30 t/m 34;Auto (passagier);Car (passenger);10
1988;30 t/m 34;Vracht/bestel;Lorry/van;3
1988;30 t/m 34;Overig;Other;1
1988;35 t/m 39;Lopen;Pedestrian;5
1988;35 t/m 39;Fiets;Bicycle;8
1988;35 t/m 39;Brom/snorfiets;Moped;4
1988;35 t/m 39;Motor/scooter;Motorcycle;3
1988;35 t/m 39;Auto (bestuurder);Car (driver);48
1988;35 t/m 39;Auto (passagier);Car (passenger);10
1988;35 t/m 39;Vracht/bestel;Lorry/van;7
1988;40 t/m 44;Lopen;Pedestrian;3
1988;40 t/m 44;Fiets;Bicycle;8
1988;40 t/m 44;Brom/snorfiets;Moped;1
1988;40 t/m 44;Motor/scooter;Motorcycle;2
1988;40 t/m 44;Auto (bestuurder);Car (driver);39
1988;40 t/m 44;Auto (passagier);Car (passenger);10
1988;40 t/m 44;Vracht/bestel;Lorry/van;4
1988;45 t/m 49;Lopen;Pedestrian;10
1988;45 t/m 49;Fiets;Bicycle;10
1988;45 t/m 49;Brom/snorfiets;Moped;3
1988;45 t/m 49;Motor/scooter;Motorcycle;1
1988;45 t/m 49;Auto (bestuurder);Car (driver);30
1988;45 t/m 49;Auto (passagier);Car (passenger);3
1988;45 t/m 49;Vracht/bestel;Lorry/van;8
1988;50 t/m 54;Lopen;Pedestrian;14
1988;50 t/m 54;Fiets;Bicycle;18
1988;50 t/m 54;Brom/snorfiets;Moped;4
1988;50 t/m 54;Auto (bestuurder);Car (driver);25
1988;50 t/m 54;Auto (passagier);Car (passenger);6
1988;50 t/m 54;Vracht/bestel;Lorry/van;6
1988;55 t/m 59;Lopen;Pedestrian;8
1988;55 t/m 59;Fiets;Bicycle;15
1988;55 t/m 59;Brom/snorfiets;Moped;4
1988;55 t/m 59;Auto (bestuurder);Car (driver);21
1988;55 t/m 59;Auto (passagier);Car (passenger);7
1988;55 t/m 59;Vracht/bestel;Lorry/van;3
1988;55 t/m 59;Bus (OV);Bus (public transport);1
1988;60 t/m 64;Lopen;Pedestrian;14
1988;60 t/m 64;Fiets;Bicycle;21
1988;60 t/m 64;Brom/snorfiets;Moped;2
1988;60 t/m 64;Auto (bestuurder);Car (driver);12
1988;60 t/m 64;Auto (passagier);Car (passenger);6
1988;60 t/m 64;Overig;Other;1
1988;65 t/m 69;Lopen;Pedestrian;10
1988;65 t/m 69;Fiets;Bicycle;19
1988;65 t/m 69;Brom/snorfiets;Moped;2
1988;65 t/m 69;Auto (bestuurder);Car (driver);22
1988;65 t/m 69;Auto (passagier);Car (passenger);17
1988;65 t/m 69;Overig;Other;1
1988;70 t/m 74;Lopen;Pedestrian;12
1988;70 t/m 74;Fiets;Bicycle;26
1988;70 t/m 74;Brom/snorfiets;Moped;4
1988;70 t/m 74;Auto (bestuurder);Car (driver);15
1988;70 t/m 74;Auto (passagier);Car (passenger);10
1988;70 t/m 74;Overig;Other;1
1988;75+;Lopen;Pedestrian;57
1988;75+;Fiets;Bicycle;47
1988;75+;Brom/snorfiets;Moped;6
1988;75+;Auto (bestuurder);Car (driver);18
1988;75+;Auto (passagier);Car (passenger);25
1989;0 t/m 4;Lopen;Pedestrian;7
1989;0 t/m 4;Fiets;Bicycle;4
1989;0 t/m 4;Auto (passagier);Car (passenger);11
1989;5 t/m 9;Lopen;Pedestrian;15
1989;5 t/m 9;Fiets;Bicycle;17
1989;5 t/m 9;Auto (passagier);Car (passenger);7
1989;5 t/m 9;Vracht/bestel;Lorry/van;1
1989;10 t/m 14;Lopen;Pedestrian;5
1989;10 t/m 14;Fiets;Bicycle;34
1989;10 t/m 14;Brom/snorfiets;Moped;1
1989;10 t/m 14;Motor/scooter;Motorcycle;1
1989;10 t/m 14;Auto (passagier);Car (passenger);9
1989;10 t/m 14;Vracht/bestel;Lorry/van;2
1989;10 t/m 14;Overig;Other;1
1989;15 t/m 19;Lopen;Pedestrian;8
1989;15 t/m 19;Fiets;Bicycle;31
1989;15 t/m 19;Brom/snorfiets;Moped;80
1989;15 t/m 19;Motor/scooter;Motorcycle;8
1989;15 t/m 19;Auto (bestuurder);Car (driver);28
1989;15 t/m 19;Auto (passagier);Car (passenger);25
1989;15 t/m 19;Vracht/bestel;Lorry/van;3
1989;20 t/m 24;Lopen;Pedestrian;12
1989;20 t/m 24;Fiets;Bicycle;14
1989;20 t/m 24;Brom/snorfiets;Moped;18
1989;20 t/m 24;Motor/scooter;Motorcycle;16
1989;20 t/m 24;Auto (bestuurder);Car (driver);109
1989;20 t/m 24;Auto (passagier);Car (passenger);38
1989;20 t/m 24;Vracht/bestel;Lorry/van;9
1989;20 t/m 24;Overig;Other;2
1989;25 t/m 29;Lopen;Pedestrian;8
1989;25 t/m 29;Fiets;Bicycle;8
1989;25 t/m 29;Brom/snorfiets;Moped;4
1989;25 t/m 29;Motor/scooter;Motorcycle;20
1989;25 t/m 29;Auto (bestuurder);Car (driver);52
1989;25 t/m 29;Auto (passagier);Car (passenger);18
1989;25 t/m 29;Vracht/bestel;Lorry/van;3
1989;30 t/m 34;Lopen;Pedestrian;7
1989;30 t/m 34;Fiets;Bicycle;3
1989;30 t/m 34;Motor/scooter;Motorcycle;9
1989;30 t/m 34;Auto (bestuurder);Car (driver);49
1989;30 t/m 34;Auto (passagier);Car (passenger);15
1989;30 t/m 34;Vracht/bestel;Lorry/van;7
1989;35 t/m 39;Lopen;Pedestrian;12
1989;35 t/m 39;Fiets;Bicycle;5
1989;35 t/m 39;Brom/snorfiets;Moped;2
1989;35 t/m 39;Motor/scooter;Motorcycle;5
1989;35 t/m 39;Auto (bestuurder);Car (driver);34
1989;35 t/m 39;Auto (passagier);Car (passenger);13
1989;35 t/m 39;Vracht/bestel;Lorry/van;8
1989;35 t/m 39;Overig;Other;1
1989;40 t/m 44;Lopen;Pedestrian;6
1989;40 t/m 44;Fiets;Bicycle;14
1989;40 t/m 44;Brom/snorfiets;Moped;3
1989;40 t/m 44;Motor/scooter;Motorcycle;1
1989;40 t/m 44;Auto (bestuurder);Car (driver);34
1989;40 t/m 44;Auto (passagier);Car (passenger);9
1989;40 t/m 44;Vracht/bestel;Lorry/van;9
1989;45 t/m 49;Lopen;Pedestrian;4
1989;45 t/m 49;Fiets;Bicycle;12
1989;45 t/m 49;Brom/snorfiets;Moped;3
1989;45 t/m 49;Motor/scooter;Motorcycle;2
1989;45 t/m 49;Auto (bestuurder);Car (driver);37
1989;45 t/m 49;Auto (passagier);Car (passenger);4
1989;45 t/m 49;Vracht/bestel;Lorry/van;1
1989;45 t/m 49;Bus (OV);Bus (public transport);1
1989;50 t/m 54;Lopen;Pedestrian;7
1989;50 t/m 54;Fiets;Bicycle;16
1989;50 t/m 54;Brom/snorfiets;Moped;3
1989;50 t/m 54;Motor/scooter;Motorcycle;1
1989;50 t/m 54;Auto (bestuurder);Car (driver);27
1989;50 t/m 54;Auto (passagier);Car (passenger);6
1989;50 t/m 54;Vracht/bestel;Lorry/van;5
1989;55 t/m 59;Lopen;Pedestrian;8
1989;55 t/m 59;Fiets;Bicycle;15
1989;55 t/m 59;Brom/snorfiets;Moped;4
1989;55 t/m 59;Motor/scooter;Motorcycle;1
1989;55 t/m 59;Auto (bestuurder);Car (driver);17
1989;55 t/m 59;Auto (passagier);Car (passenger);5
1989;55 t/m 59;Vracht/bestel;Lorry/van;2
1989;55 t/m 59;Overig;Other;3
1989;60 t/m 64;Lopen;Pedestrian;9
1989;60 t/m 64;Fiets;Bicycle;18
1989;60 t/m 64;Brom/snorfiets;Moped;1
1989;60 t/m 64;Auto (bestuurder);Car (driver);20
1989;60 t/m 64;Auto (passagier);Car (passenger);12
1989;60 t/m 64;Vracht/bestel;Lorry/van;1
1989;65 t/m 69;Lopen;Pedestrian;8
1989;65 t/m 69;Fiets;Bicycle;27
1989;65 t/m 69;Brom/snorfiets;Moped;2
1989;65 t/m 69;Auto (bestuurder);Car (driver);13
1989;65 t/m 69;Auto (passagier);Car (passenger);12
1989;65 t/m 69;Vracht/bestel;Lorry/van;1
1989;70 t/m 74;Lopen;Pedestrian;14
1989;70 t/m 74;Fiets;Bicycle;36
1989;70 t/m 74;Brom/snorfiets;Moped;2
1989;70 t/m 74;Auto (bestuurder);Car (driver);19
1989;70 t/m 74;Auto (passagier);Car (passenger);7
1989;75+;Lopen;Pedestrian;60
1989;75+;Fiets;Bicycle;78
1989;75+;Brom/snorfiets;Moped;7
1989;75+;Auto (bestuurder);Car (driver);28
1989;75+;Auto (passagier);Car (passenger);21
1989;75+;Overig;Other;1
1990;0 t/m 4;Lopen;Pedestrian;5
1990;0 t/m 4;Fiets;Bicycle;2
1990;0 t/m 4;Auto (passagier);Car (passenger);9
1990;5 t/m 9;Lopen;Pedestrian;15
1990;5 t/m 9;Fiets;Bicycle;10
1990;5 t/m 9;Auto (passagier);Car (passenger);9
1990;10 t/m 14;Lopen;Pedestrian;5
1990;10 t/m 14;Fiets;Bicycle;39
1990;10 t/m 14;Brom/snorfiets;Moped;1
1990;10 t/m 14;Auto (bestuurder);Car (driver);1
1990;10 t/m 14;Auto (passagier);Car (passenger);3
1990;10 t/m 14;Bus (OV);Bus (public transport);1
1990;15 t/m 19;Lopen;Pedestrian;11
1990;15 t/m 19;Fiets;Bicycle;33
1990;15 t/m 19;Brom/snorfiets;Moped;49
1990;15 t/m 19;Motor/scooter;Motorcycle;6
1990;15 t/m 19;Auto (bestuurder);Car (driver);20
1990;15 t/m 19;Auto (passagier);Car (passenger);32
1990;15 t/m 19;Vracht/bestel;Lorry/van;3
1990;20 t/m 24;Lopen;Pedestrian;12
1990;20 t/m 24;Fiets;Bicycle;11
1990;20 t/m 24;Brom/snorfiets;Moped;9
1990;20 t/m 24;Motor/scooter;Motorcycle;19
1990;20 t/m 24;Auto (bestuurder);Car (driver);96
1990;20 t/m 24;Auto (passagier);Car (passenger);46
1990;20 t/m 24;Vracht/bestel;Lorry/van;15
1990;25 t/m 29;Lopen;Pedestrian;8
1990;25 t/m 29;Fiets;Bicycle;12
1990;25 t/m 29;Brom/snorfiets;Moped;4
1990;25 t/m 29;Motor/scooter;Motorcycle;23
1990;25 t/m 29;Auto (bestuurder);Car (driver);72
1990;25 t/m 29;Auto (passagier);Car (passenger);28
1990;25 t/m 29;Vracht/bestel;Lorry/van;5
1990;30 t/m 34;Lopen;Pedestrian;1
1990;30 t/m 34;Fiets;Bicycle;12
1990;30 t/m 34;Motor/scooter;Motorcycle;9
1990;30 t/m 34;Auto (bestuurder);Car (driver);48
1990;30 t/m 34;Auto (passagier);Car (passenger);13
1990;30 t/m 34;Vracht/bestel;Lorry/van;4
1990;30 t/m 34;Overig;Other;1
1990;35 t/m 39;Lopen;Pedestrian;6
1990;35 t/m 39;Fiets;Bicycle;4
1990;35 t/m 39;Motor/scooter;Motorcycle;5
1990;35 t/m 39;Auto (bestuurder);Car (driver);33
1990;35 t/m 39;Auto (passagier);Car (passenger);5
1990;35 t/m 39;Vracht/bestel;Lorry/van;3
1990;40 t/m 44;Lopen;Pedestrian;7
1990;40 t/m 44;Fiets;Bicycle;10
1990;40 t/m 44;Motor/scooter;Motorcycle;6
1990;40 t/m 44;Auto (bestuurder);Car (driver);36
1990;40 t/m 44;Auto (passagier);Car (passenger);16
1990;40 t/m 44;Vracht/bestel;Lorry/van;7
1990;45 t/m 49;Lopen;Pedestrian;8
1990;45 t/m 49;Fiets;Bicycle;7
1990;45 t/m 49;Brom/snorfiets;Moped;3
1990;45 t/m 49;Motor/scooter;Motorcycle;2
1990;45 t/m 49;Auto (bestuurder);Car (driver);33
1990;45 t/m 49;Auto (passagier);Car (passenger);11
1990;45 t/m 49;Vracht/bestel;Lorry/van;3
1990;50 t/m 54;Lopen;Pedestrian;4
1990;50 t/m 54;Fiets;Bicycle;10
1990;50 t/m 54;Brom/snorfiets;Moped;1
1990;50 t/m 54;Motor/scooter;Motorcycle;2
1990;50 t/m 54;Auto (bestuurder);Car (driver);16
1990;50 t/m 54;Auto (passagier);Car (passenger);10
1990;50 t/m 54;Vracht/bestel;Lorry/van;8
1990;55 t/m 59;Lopen;Pedestrian;6
1990;55 t/m 59;Fiets;Bicycle;17
1990;55 t/m 59;Brom/snorfiets;Moped;1
1990;55 t/m 59;Auto (bestuurder);Car (driver);16
1990;55 t/m 59;Auto (passagier);Car (passenger);5
1990;55 t/m 59;Vracht/bestel;Lorry/van;5
1990;60 t/m 64;Lopen;Pedestrian;10
1990;60 t/m 64;Fiets;Bicycle;21
1990;60 t/m 64;Brom/snorfiets;Moped;4
1990;60 t/m 64;Auto (bestuurder);Car (driver);16
1990;60 t/m 64;Auto (passagier);Car (passenger);10
1990;65 t/m 69;Lopen;Pedestrian;6
1990;65 t/m 69;Fiets;Bicycle;31
1990;65 t/m 69;Brom/snorfiets;Moped;6
1990;65 t/m 69;Auto (bestuurder);Car (driver);23
1990;65 t/m 69;Auto (passagier);Car (passenger);13
1990;70 t/m 74;Lopen;Pedestrian;8
1990;70 t/m 74;Fiets;Bicycle;19
1990;70 t/m 74;Brom/snorfiets;Moped;6
1990;70 t/m 74;Auto (bestuurder);Car (driver);16
1990;70 t/m 74;Auto (passagier);Car (passenger);13
1990;75+;Lopen;Pedestrian;32
1990;75+;Fiets;Bicycle;66
1990;75+;Brom/snorfiets;Moped;11
1990;75+;Auto (bestuurder);Car (driver);30
1990;75+;Auto (passagier);Car (passenger);23
1990;75+;Bus (OV);Bus (public transport);1
1990;75+;Overig;Other;3
1991;0 t/m 4;Lopen;Pedestrian;4
1991;0 t/m 4;Fiets;Bicycle;4
1991;0 t/m 4;Auto (passagier);Car (passenger);8
1991;0 t/m 4;Vracht/bestel;Lorry/van;2
1991;5 t/m 9;Lopen;Pedestrian;16
1991;5 t/m 9;Fiets;Bicycle;10
1991;5 t/m 9;Auto (passagier);Car (passenger);13
1991;10 t/m 14;Lopen;Pedestrian;6
1991;10 t/m 14;Fiets;Bicycle;18
1991;10 t/m 14;Brom/snorfiets;Moped;1
1991;10 t/m 14;Auto (passagier);Car (passenger);4
1991;15 t/m 19;Lopen;Pedestrian;7
1991;15 t/m 19;Fiets;Bicycle;25
1991;15 t/m 19;Brom/snorfiets;Moped;68
1991;15 t/m 19;Motor/scooter;Motorcycle;5
1991;15 t/m 19;Auto (bestuurder);Car (driver);32
1991;15 t/m 19;Auto (passagier);Car (passenger);39
1991;15 t/m 19;Vracht/bestel;Lorry/van;5
1991;15 t/m 19;Overig;Other;4
1991;20 t/m 24;Lopen;Pedestrian;5
1991;20 t/m 24;Fiets;Bicycle;12
1991;20 t/m 24;Brom/snorfiets;Moped;10
1991;20 t/m 24;Motor/scooter;Motorcycle;34
1991;20 t/m 24;Auto (bestuurder);Car (driver);75
1991;20 t/m 24;Auto (passagier);Car (passenger);27
1991;20 t/m 24;Vracht/bestel;Lorry/van;13
1991;20 t/m 24;Overig;Other;1
1991;25 t/m 29;Lopen;Pedestrian;6
1991;25 t/m 29;Fiets;Bicycle;7
1991;25 t/m 29;Brom/snorfiets;Moped;2
1991;25 t/m 29;Motor/scooter;Motorcycle;20
1991;25 t/m 29;Auto (bestuurder);Car (driver);65
1991;25 t/m 29;Auto (passagier);Car (passenger);13
1991;25 t/m 29;Vracht/bestel;Lorry/van;13
1991;30 t/m 34;Lopen;Pedestrian;5
1991;30 t/m 34;Fiets;Bicycle;6
1991;30 t/m 34;Brom/snorfiets;Moped;2
1991;30 t/m 34;Motor/scooter;Motorcycle;11
1991;30 t/m 34;Auto (bestuurder);Car (driver);47
1991;30 t/m 34;Auto (passagier);Car (passenger);12
1991;30 t/m 34;Vracht/bestel;Lorry/van;5
1991;35 t/m 39;Lopen;Pedestrian;7
1991;35 t/m 39;Fiets;Bicycle;5
1991;35 t/m 39;Brom/snorfiets;Moped;1
1991;35 t/m 39;Motor/scooter;Motorcycle;6
1991;35 t/m 39;Auto (bestuurder);Car (driver);25
1991;35 t/m 39;Auto (passagier);Car (passenger);7
1991;35 t/m 39;Vracht/bestel;Lorry/van;2
1991;40 t/m 44;Lopen;Pedestrian;4
1991;40 t/m 44;Fiets;Bicycle;10
1991;40 t/m 44;Brom/snorfiets;Moped;2
1991;40 t/m 44;Motor/scooter;Motorcycle;4
1991;40 t/m 44;Auto (bestuurder);Car (driver);43
1991;40 t/m 44;Auto (passagier);Car (passenger);8
1991;40 t/m 44;Vracht/bestel;Lorry/van;5
1991;40 t/m 44;Overig;Other;1
1991;45 t/m 49;Lopen;Pedestrian;7
1991;45 t/m 49;Fiets;Bicycle;6
1991;45 t/m 49;Brom/snorfiets;Moped;1
1991;45 t/m 49;Motor/scooter;Motorcycle;4
1991;45 t/m 49;Auto (bestuurder);Car (driver);24
1991;45 t/m 49;Auto (passagier);Car (passenger);11
1991;45 t/m 49;Vracht/bestel;Lorry/van;3
1991;45 t/m 49;Overig;Other;2
1991;50 t/m 54;Lopen;Pedestrian;4
1991;50 t/m 54;Fiets;Bicycle;11
1991;50 t/m 54;Brom/snorfiets;Moped;2
1991;50 t/m 54;Motor/scooter;Motorcycle;1
1991;50 t/m 54;Auto (bestuurder);Car (driver);26
1991;50 t/m 54;Auto (passagier);Car (passenger);12
1991;50 t/m 54;Vracht/bestel;Lorry/van;5
1991;55 t/m 59;Lopen;Pedestrian;9
1991;55 t/m 59;Fiets;Bicycle;16
1991;55 t/m 59;Brom/snorfiets;Moped;2
1991;55 t/m 59;Auto (bestuurder);Car (driver);15
1991;55 t/m 59;Auto (passagier);Car (passenger);6
1991;55 t/m 59;Vracht/bestel;Lorry/van;3
1991;60 t/m 64;Lopen;Pedestrian;5
1991;60 t/m 64;Fiets;Bicycle;11
1991;60 t/m 64;Brom/snorfiets;Moped;2
1991;60 t/m 64;Motor/scooter;Motorcycle;1
1991;60 t/m 64;Auto (bestuurder);Car (driver);17
1991;60 t/m 64;Auto (passagier);Car (passenger);10
1991;60 t/m 64;Vracht/bestel;Lorry/van;1
1991;65 t/m 69;Lopen;Pedestrian;7
1991;65 t/m 69;Fiets;Bicycle;23
1991;65 t/m 69;Brom/snorfiets;Moped;5
1991;65 t/m 69;Motor/scooter;Motorcycle;1
1991;65 t/m 69;Auto (bestuurder);Car (driver);11
1991;65 t/m 69;Auto (passagier);Car (passenger);7
1991;65 t/m 69;Vracht/bestel;Lorry/van;1
1991;70 t/m 74;Lopen;Pedestrian;10
1991;70 t/m 74;Fiets;Bicycle;25
1991;70 t/m 74;Brom/snorfiets;Moped;5
1991;70 t/m 74;Motor/scooter;Motorcycle;1
1991;70 t/m 74;Auto (bestuurder);Car (driver);23
1991;70 t/m 74;Auto (passagier);Car (passenger);10
1991;70 t/m 74;Overig;Other;3
1991;75+;Lopen;Pedestrian;42
1991;75+;Fiets;Bicycle;49
1991;75+;Brom/snorfiets;Moped;7
1991;75+;Auto (bestuurder);Car (driver);22
1991;75+;Auto (passagier);Car (passenger);18
1991;75+;Overig;Other;2
1992;0 t/m 4;Lopen;Pedestrian;5
1992;0 t/m 4;Fiets;Bicycle;1
1992;0 t/m 4;Auto (passagier);Car (passenger);13
1992;5 t/m 9;Lopen;Pedestrian;10
1992;5 t/m 9;Fiets;Bicycle;7
1992;5 t/m 9;Auto (passagier);Car (passenger);7
1992;5 t/m 9;Vracht/bestel;Lorry/van;2
1992;10 t/m 14;Lopen;Pedestrian;6
1992;10 t/m 14;Fiets;Bicycle;33
1992;10 t/m 14;Auto (passagier);Car (passenger);8
1992;15 t/m 19;Lopen;Pedestrian;5
1992;15 t/m 19;Fiets;Bicycle;17
1992;15 t/m 19;Brom/snorfiets;Moped;41
1992;15 t/m 19;Motor/scooter;Motorcycle;6
1992;15 t/m 19;Auto (bestuurder);Car (driver);25
1992;15 t/m 19;Auto (passagier);Car (passenger);25
1992;15 t/m 19;Vracht/bestel;Lorry/van;3
1992;15 t/m 19;Overig;Other;1
1992;20 t/m 24;Lopen;Pedestrian;8
1992;20 t/m 24;Fiets;Bicycle;13
1992;20 t/m 24;Brom/snorfiets;Moped;11
1992;20 t/m 24;Motor/scooter;Motorcycle;31
1992;20 t/m 24;Auto (bestuurder);Car (driver);75
1992;20 t/m 24;Auto (passagier);Car (passenger);21
1992;20 t/m 24;Vracht/bestel;Lorry/van;10
1992;25 t/m 29;Lopen;Pedestrian;4
1992;25 t/m 29;Fiets;Bicycle;5
1992;25 t/m 29;Brom/snorfiets;Moped;2
1992;25 t/m 29;Motor/scooter;Motorcycle;26
1992;25 t/m 29;Auto (bestuurder);Car (driver);74
1992;25 t/m 29;Auto (passagier);Car (passenger);18
1992;25 t/m 29;Vracht/bestel;Lorry/van;6
1992;30 t/m 34;Lopen;Pedestrian;5
1992;30 t/m 34;Fiets;Bicycle;4
1992;30 t/m 34;Brom/snorfiets;Moped;4
1992;30 t/m 34;Motor/scooter;Motorcycle;14
1992;30 t/m 34;Auto (bestuurder);Car (driver);37
1992;30 t/m 34;Auto (passagier);Car (passenger);15
1992;30 t/m 34;Vracht/bestel;Lorry/van;4
1992;35 t/m 39;Lopen;Pedestrian;2
1992;35 t/m 39;Fiets;Bicycle;2
1992;35 t/m 39;Brom/snorfiets;Moped;3
1992;35 t/m 39;Motor/scooter;Motorcycle;4
1992;35 t/m 39;Auto (bestuurder);Car (driver);39
1992;35 t/m 39;Auto (passagier);Car (passenger);8
1992;35 t/m 39;Vracht/bestel;Lorry/van;4
1992;40 t/m 44;Lopen;Pedestrian;6
1992;40 t/m 44;Fiets;Bicycle;10
1992;40 t/m 44;Brom/snorfiets;Moped;2
1992;40 t/m 44;Motor/scooter;Motorcycle;5
1992;40 t/m 44;Auto (bestuurder);Car (driver);29
1992;40 t/m 44;Auto (passagier);Car (passenger);9
1992;40 t/m 44;Vracht/bestel;Lorry/van;7
1992;40 t/m 44;Bus (OV);Bus (public transport);1
1992;40 t/m 44;Overig;Other;1
1992;45 t/m 49;Lopen;Pedestrian;3
1992;45 t/m 49;Fiets;Bicycle;14
1992;45 t/m 49;Brom/snorfiets;Moped;3
1992;45 t/m 49;Motor/scooter;Motorcycle;4
1992;45 t/m 49;Auto (bestuurder);Car (driver);32
1992;45 t/m 49;Auto (passagier);Car (passenger);5
1992;45 t/m 49;Vracht/bestel;Lorry/van;2
1992;50 t/m 54;Lopen;Pedestrian;11
1992;50 t/m 54;Fiets;Bicycle;7
1992;50 t/m 54;Brom/snorfiets;Moped;2
1992;50 t/m 54;Motor/scooter;Motorcycle;1
1992;50 t/m 54;Auto (bestuurder);Car (driver);15
1992;50 t/m 54;Auto (passagier);Car (passenger);10
1992;50 t/m 54;Vracht/bestel;Lorry/van;3
1992;50 t/m 54;Bus (OV);Bus (public transport);1
1992;55 t/m 59;Lopen;Pedestrian;7
1992;55 t/m 59;Fiets;Bicycle;10
1992;55 t/m 59;Brom/snorfiets;Moped;3
1992;55 t/m 59;Auto (bestuurder);Car (driver);17
1992;55 t/m 59;Auto (passagier);Car (passenger);6
1992;55 t/m 59;Vracht/bestel;Lorry/van;5
1992;55 t/m 59;Overig;Other;1
1992;60 t/m 64;Lopen;Pedestrian;10
1992;60 t/m 64;Fiets;Bicycle;13
1992;60 t/m 64;Brom/snorfiets;Moped;4
1992;60 t/m 64;Auto (bestuurder);Car (driver);14
1992;60 t/m 64;Auto (passagier);Car (passenger);9
1992;60 t/m 64;Vracht/bestel;Lorry/van;2
1992;60 t/m 64;Bus (OV);Bus (public transport);1
1992;65 t/m 69;Lopen;Pedestrian;11
1992;65 t/m 69;Fiets;Bicycle;24
1992;65 t/m 69;Brom/snorfiets;Moped;6
1992;65 t/m 69;Auto (bestuurder);Car (driver);19
1992;65 t/m 69;Auto (passagier);Car (passenger);14
1992;65 t/m 69;Bus (OV);Bus (public transport);2
1992;70 t/m 74;Lopen;Pedestrian;13
1992;70 t/m 74;Fiets;Bicycle;32
1992;70 t/m 74;Brom/snorfiets;Moped;6
1992;70 t/m 74;Auto (bestuurder);Car (driver);17
1992;70 t/m 74;Auto (passagier);Car (passenger);12
1992;70 t/m 74;Bus (OV);Bus (public transport);2
1992;75+;Lopen;Pedestrian;40
1992;75+;Fiets;Bicycle;52
1992;75+;Brom/snorfiets;Moped;11
1992;75+;Auto (bestuurder);Car (driver);25
1992;75+;Auto (passagier);Car (passenger);16
1992;75+;Vracht/bestel;Lorry/van;1
1992;75+;Overig;Other;1
1993;0 t/m 4;Lopen;Pedestrian;5
1993;0 t/m 4;Fiets;Bicycle;4
1993;0 t/m 4;Brom/snorfiets;Moped;1
1993;0 t/m 4;Auto (passagier);Car (passenger);8
1993;0 t/m 4;Vracht/bestel;Lorry/van;1
1993;0 t/m 4;Overig;Other;1
1993;5 t/m 9;Lopen;Pedestrian;4
1993;5 t/m 9;Fiets;Bicycle;9
1993;5 t/m 9;Auto (passagier);Car (passenger);8
1993;5 t/m 9;Vracht/bestel;Lorry/van;1
1993;10 t/m 14;Lopen;Pedestrian;7
1993;10 t/m 14;Fiets;Bicycle;26
1993;10 t/m 14;Brom/snorfiets;Moped;1
1993;10 t/m 14;Motor/scooter;Motorcycle;1
1993;10 t/m 14;Auto (passagier);Car (passenger);8
1993;10 t/m 14;Overig;Other;1
1993;15 t/m 19;Lopen;Pedestrian;3
1993;15 t/m 19;Fiets;Bicycle;23
1993;15 t/m 19;Brom/snorfiets;Moped;48
1993;15 t/m 19;Motor/scooter;Motorcycle;3
1993;15 t/m 19;Auto (bestuurder);Car (driver);18
1993;15 t/m 19;Auto (passagier);Car (passenger);23
1993;15 t/m 19;Vracht/bestel;Lorry/van;3
1993;15 t/m 19;Overig;Other;1
1993;20 t/m 24;Lopen;Pedestrian;9
1993;20 t/m 24;Fiets;Bicycle;14
1993;20 t/m 24;Brom/snorfiets;Moped;7
1993;20 t/m 24;Motor/scooter;Motorcycle;24
1993;20 t/m 24;Auto (bestuurder);Car (driver);83
1993;20 t/m 24;Auto (passagier);Car (passenger);33
1993;20 t/m 24;Vracht/bestel;Lorry/van;7
1993;20 t/m 24;Overig;Other;1
1993;25 t/m 29;Lopen;Pedestrian;4
1993;25 t/m 29;Fiets;Bicycle;8
1993;25 t/m 29;Brom/snorfiets;Moped;1
1993;25 t/m 29;Motor/scooter;Motorcycle;28
1993;25 t/m 29;Auto (bestuurder);Car (driver);56
1993;25 t/m 29;Auto (passagier);Car (passenger);19
1993;25 t/m 29;Vracht/bestel;Lorry/van;5
1993;25 t/m 29;Overig;Other;1
1993;30 t/m 34;Lopen;Pedestrian;9
1993;30 t/m 34;Fiets;Bicycle;13
1993;30 t/m 34;Brom/snorfiets;Moped;5
1993;30 t/m 34;Motor/scooter;Motorcycle;17
1993;30 t/m 34;Auto (bestuurder);Car (driver);38
1993;30 t/m 34;Auto (passagier);Car (passenger);8
1993;30 t/m 34;Vracht/bestel;Lorry/van;5
1993;35 t/m 39;Lopen;Pedestrian;4
1993;35 t/m 39;Fiets;Bicycle;5
1993;35 t/m 39;Brom/snorfiets;Moped;1
1993;35 t/m 39;Motor/scooter;Motorcycle;11
1993;35 t/m 39;Auto (bestuurder);Car (driver);42
1993;35 t/m 39;Auto (passagier);Car (passenger);4
1993;35 t/m 39;Vracht/bestel;Lorry/van;3
1993;40 t/m 44;Lopen;Pedestrian;6
1993;40 t/m 44;Fiets;Bicycle;11
1993;40 t/m 44;Brom/snorfiets;Moped;1
1993;40 t/m 44;Motor/scooter;Motorcycle;7
1993;40 t/m 44;Auto (bestuurder);Car (driver);29
1993;40 t/m 44;Auto (passagier);Car (passenger);8
1993;40 t/m 44;Vracht/bestel;Lorry/van;5
1993;45 t/m 49;Lopen;Pedestrian;4
1993;45 t/m 49;Fiets;Bicycle;7
1993;45 t/m 49;Motor/scooter;Motorcycle;4
1993;45 t/m 49;Auto (bestuurder);Car (driver);27
1993;45 t/m 49;Auto (passagier);Car (passenger);3
1993;45 t/m 49;Vracht/bestel;Lorry/van;2
1993;45 t/m 49;Overig;Other;2
1993;50 t/m 54;Lopen;Pedestrian;5
1993;50 t/m 54;Fiets;Bicycle;5
1993;50 t/m 54;Brom/snorfiets;Moped;3
1993;50 t/m 54;Motor/scooter;Motorcycle;5
1993;50 t/m 54;Auto (bestuurder);Car (driver);26
1993;50 t/m 54;Auto (passagier);Car (passenger);4
1993;50 t/m 54;Vracht/bestel;Lorry/van;1
1993;50 t/m 54;Bus (OV);Bus (public transport);1
1993;55 t/m 59;Lopen;Pedestrian;5
1993;55 t/m 59;Fiets;Bicycle;15
1993;55 t/m 59;Motor/scooter;Motorcycle;2
1993;55 t/m 59;Auto (bestuurder);Car (driver);15
1993;55 t/m 59;Auto (passagier);Car (passenger);7
1993;55 t/m 59;Vracht/bestel;Lorry/van;1
1993;55 t/m 59;Overig;Other;2
1993;60 t/m 64;Lopen;Pedestrian;5
1993;60 t/m 64;Fiets;Bicycle;7
1993;60 t/m 64;Brom/snorfiets;Moped;3
1993;60 t/m 64;Motor/scooter;Motorcycle;1
1993;60 t/m 64;Auto (bestuurder);Car (driver);10
1993;60 t/m 64;Auto (passagier);Car (passenger);7
1993;60 t/m 64;Vracht/bestel;Lorry/van;2
1993;60 t/m 64;Bus (OV);Bus (public transport);1
1993;60 t/m 64;Overig;Other;1
1993;65 t/m 69;Lopen;Pedestrian;13
1993;65 t/m 69;Fiets;Bicycle;19
1993;65 t/m 69;Brom/snorfiets;Moped;1
1993;65 t/m 69;Auto (bestuurder);Car (driver);17
1993;65 t/m 69;Auto (passagier);Car (passenger);7
1993;65 t/m 69;Vracht/bestel;Lorry/van;1
1993;65 t/m 69;Overig;Other;1
1993;70 t/m 74;Lopen;Pedestrian;18
1993;70 t/m 74;Fiets;Bicycle;22
1993;70 t/m 74;Brom/snorfiets;Moped;3
1993;70 t/m 74;Motor/scooter;Motorcycle;1
1993;70 t/m 74;Auto (bestuurder);Car (driver);23
1993;70 t/m 74;Auto (passagier);Car (passenger);15
1993;70 t/m 74;Overig;Other;1
1993;75+;Lopen;Pedestrian;41
1993;75+;Fiets;Bicycle;53
1993;75+;Brom/snorfiets;Moped;12
1993;75+;Auto (bestuurder);Car (driver);39
1993;75+;Auto (passagier);Car (passenger);21
1993;75+;Vracht/bestel;Lorry/van;1
1993;75+;Overig;Other;3
1994;0 t/m 4;Lopen;Pedestrian;2
1994;0 t/m 4;Fiets;Bicycle;3
1994;0 t/m 4;Auto (passagier);Car (passenger);7
1994;0 t/m 4;Vracht/bestel;Lorry/van;1
1994;5 t/m 9;Lopen;Pedestrian;6
1994;5 t/m 9;Fiets;Bicycle;12
1994;5 t/m 9;Auto (passagier);Car (passenger);8
1994;5 t/m 9;Vracht/bestel;Lorry/van;1
1994;10 t/m 14;Lopen;Pedestrian;7
1994;10 t/m 14;Fiets;Bicycle;39
1994;10 t/m 14;Brom/snorfiets;Moped;2
1994;10 t/m 14;Auto (passagier);Car (passenger);3
1994;10 t/m 14;Vracht/bestel;Lorry/van;2
1994;15 t/m 19;Lopen;Pedestrian;4
1994;15 t/m 19;Fiets;Bicycle;22
1994;15 t/m 19;Brom/snorfiets;Moped;39
1994;15 t/m 19;Motor/scooter;Motorcycle;5
1994;15 t/m 19;Auto (bestuurder);Car (driver);22
1994;15 t/m 19;Auto (passagier);Car (passenger);20
1994;15 t/m 19;Vracht/bestel;Lorry/van;8
1994;20 t/m 24;Lopen;Pedestrian;7
1994;20 t/m 24;Fiets;Bicycle;8
1994;20 t/m 24;Brom/snorfiets;Moped;10
1994;20 t/m 24;Motor/scooter;Motorcycle;24
1994;20 t/m 24;Auto (bestuurder);Car (driver);79
1994;20 t/m 24;Auto (passagier);Car (passenger);31
1994;20 t/m 24;Vracht/bestel;Lorry/van;14
1994;25 t/m 29;Lopen;Pedestrian;8
1994;25 t/m 29;Fiets;Bicycle;7
1994;25 t/m 29;Brom/snorfiets;Moped;2
1994;25 t/m 29;Motor/scooter;Motorcycle;32
1994;25 t/m 29;Auto (bestuurder);Car (driver);70
1994;25 t/m 29;Auto (passagier);Car (passenger);21
1994;25 t/m 29;Vracht/bestel;Lorry/van;14
1994;30 t/m 34;Lopen;Pedestrian;2
1994;30 t/m 34;Fiets;Bicycle;8
1994;30 t/m 34;Brom/snorfiets;Moped;3
1994;30 t/m 34;Motor/scooter;Motorcycle;17
1994;30 t/m 34;Auto (bestuurder);Car (driver);43
1994;30 t/m 34;Auto (passagier);Car (passenger);15
1994;30 t/m 34;Vracht/bestel;Lorry/van;9
1994;30 t/m 34;Overig;Other;1
1994;35 t/m 39;Lopen;Pedestrian;1
1994;35 t/m 39;Fiets;Bicycle;5
1994;35 t/m 39;Brom/snorfiets;Moped;6
1994;35 t/m 39;Motor/scooter;Motorcycle;12
1994;35 t/m 39;Auto (bestuurder);Car (driver);30
1994;35 t/m 39;Auto (passagier);Car (passenger);6
1994;35 t/m 39;Vracht/bestel;Lorry/van;4
1994;35 t/m 39;Overig;Other;1
1994;40 t/m 44;Lopen;Pedestrian;5
1994;40 t/m 44;Fiets;Bicycle;10
1994;40 t/m 44;Brom/snorfiets;Moped;2
1994;40 t/m 44;Motor/scooter;Motorcycle;10
1994;40 t/m 44;Auto (bestuurder);Car (driver);28
1994;40 t/m 44;Auto (passagier);Car (passenger);7
1994;40 t/m 44;Vracht/bestel;Lorry/van;7
1994;40 t/m 44;Overig;Other;1
1994;45 t/m 49;Lopen;Pedestrian;3
1994;45 t/m 49;Fiets;Bicycle;9
1994;45 t/m 49;Brom/snorfiets;Moped;2
1994;45 t/m 49;Motor/scooter;Motorcycle;9
1994;45 t/m 49;Auto (bestuurder);Car (driver);30
1994;45 t/m 49;Auto (passagier);Car (passenger);7
1994;45 t/m 49;Vracht/bestel;Lorry/van;4
1994;50 t/m 54;Lopen;Pedestrian;7
1994;50 t/m 54;Fiets;Bicycle;11
1994;50 t/m 54;Brom/snorfiets;Moped;1
1994;50 t/m 54;Motor/scooter;Motorcycle;1
1994;50 t/m 54;Auto (bestuurder);Car (driver);25
1994;50 t/m 54;Auto (passagier);Car (passenger);4
1994;50 t/m 54;Vracht/bestel;Lorry/van;3
1994;55 t/m 59;Lopen;Pedestrian;5
1994;55 t/m 59;Fiets;Bicycle;14
1994;55 t/m 59;Brom/snorfiets;Moped;1
1994;55 t/m 59;Motor/scooter;Motorcycle;2
1994;55 t/m 59;Auto (bestuurder);Car (driver);20
1994;55 t/m 59;Auto (passagier);Car (passenger);8
1994;55 t/m 59;Vracht/bestel;Lorry/van;3
1994;55 t/m 59;Overig;Other;2
1994;60 t/m 64;Lopen;Pedestrian;4
1994;60 t/m 64;Fiets;Bicycle;18
1994;60 t/m 64;Brom/snorfiets;Moped;1
1994;60 t/m 64;Auto (bestuurder);Car (driver);26
1994;60 t/m 64;Auto (passagier);Car (passenger);10
1994;60 t/m 64;Vracht/bestel;Lorry/van;4
1994;60 t/m 64;Overig;Other;2
1994;65 t/m 69;Lopen;Pedestrian;5
1994;65 t/m 69;Fiets;Bicycle;23
1994;65 t/m 69;Brom/snorfiets;Moped;7
1994;65 t/m 69;Auto (bestuurder);Car (driver);14
1994;65 t/m 69;Auto (passagier);Car (passenger);9
1994;65 t/m 69;Overig;Other;1
1994;70 t/m 74;Lopen;Pedestrian;19
1994;70 t/m 74;Fiets;Bicycle;28
1994;70 t/m 74;Brom/snorfiets;Moped;6
1994;70 t/m 74;Auto (bestuurder);Car (driver);20
1994;70 t/m 74;Auto (passagier);Car (passenger);6
1994;75+;Lopen;Pedestrian;38
1994;75+;Fiets;Bicycle;52
1994;75+;Brom/snorfiets;Moped;11
1994;75+;Auto (bestuurder);Car (driver);30
1994;75+;Auto (passagier);Car (passenger);15
1994;75+;Vracht/bestel;Lorry/van;2
1994;75+;Overig;Other;3
1995;0 t/m 4;Lopen;Pedestrian;10
1995;0 t/m 4;Fiets;Bicycle;4
1995;0 t/m 4;Auto (passagier);Car (passenger);7
1995;0 t/m 4;Vracht/bestel;Lorry/van;2
1995;0 t/m 4;Overig;Other;1
1995;5 t/m 9;Lopen;Pedestrian;4
1995;5 t/m 9;Fiets;Bicycle;10
1995;5 t/m 9;Vracht/bestel;Lorry/van;1
1995;10 t/m 14;Lopen;Pedestrian;9
1995;10 t/m 14;Fiets;Bicycle;30
1995;10 t/m 14;Brom/snorfiets;Moped;2
1995;10 t/m 14;Auto (passagier);Car (passenger);4
1995;10 t/m 14;Vracht/bestel;Lorry/van;1
1995;10 t/m 14;Bus (OV);Bus (public transport);1
1995;10 t/m 14;Overig;Other;1
1995;15 t/m 19;Lopen;Pedestrian;3
1995;15 t/m 19;Fiets;Bicycle;20
1995;15 t/m 19;Brom/snorfiets;Moped;47
1995;15 t/m 19;Motor/scooter;Motorcycle;6
1995;15 t/m 19;Auto (bestuurder);Car (driver);25
1995;15 t/m 19;Auto (passagier);Car (passenger);24
1995;15 t/m 19;Vracht/bestel;Lorry/van;3
1995;20 t/m 24;Lopen;Pedestrian;6
1995;20 t/m 24;Fiets;Bicycle;6
1995;20 t/m 24;Brom/snorfiets;Moped;13
1995;20 t/m 24;Motor/scooter;Motorcycle;21
1995;20 t/m 24;Auto (bestuurder);Car (driver);82
1995;20 t/m 24;Auto (passagier);Car (passenger);28
1995;20 t/m 24;Vracht/bestel;Lorry/van;11
1995;25 t/m 29;Lopen;Pedestrian;3
1995;25 t/m 29;Fiets;Bicycle;7
1995;25 t/m 29;Brom/snorfiets;Moped;6
1995;25 t/m 29;Motor/scooter;Motorcycle;17
1995;25 t/m 29;Auto (bestuurder);Car (driver);63
1995;25 t/m 29;Auto (passagier);Car (passenger);21
1995;25 t/m 29;Vracht/bestel;Lorry/van;6
1995;30 t/m 34;Lopen;Pedestrian;2
1995;30 t/m 34;Fiets;Bicycle;9
1995;30 t/m 34;Brom/snorfiets;Moped;6
1995;30 t/m 34;Motor/scooter;Motorcycle;17
1995;30 t/m 34;Auto (bestuurder);Car (driver);57
1995;30 t/m 34;Auto (passagier);Car (passenger);19
1995;30 t/m 34;Vracht/bestel;Lorry/van;7
1995;35 t/m 39;Lopen;Pedestrian;7
1995;35 t/m 39;Fiets;Bicycle;9
1995;35 t/m 39;Brom/snorfiets;Moped;4
1995;35 t/m 39;Motor/scooter;Motorcycle;10
1995;35 t/m 39;Auto (bestuurder);Car (driver);39
1995;35 t/m 39;Auto (passagier);Car (passenger);9
1995;35 t/m 39;Vracht/bestel;Lorry/van;4
1995;40 t/m 44;Lopen;Pedestrian;12
1995;40 t/m 44;Fiets;Bicycle;16
1995;40 t/m 44;Brom/snorfiets;Moped;3
1995;40 t/m 44;Motor/scooter;Motorcycle;11
1995;40 t/m 44;Auto (bestuurder);Car (driver);36
1995;40 t/m 44;Auto (passagier);Car (passenger);5
1995;40 t/m 44;Vracht/bestel;Lorry/van;5
1995;45 t/m 49;Lopen;Pedestrian;5
1995;45 t/m 49;Fiets;Bicycle;10
1995;45 t/m 49;Brom/snorfiets;Moped;1
1995;45 t/m 49;Motor/scooter;Motorcycle;4
1995;45 t/m 49;Auto (bestuurder);Car (driver);31
1995;45 t/m 49;Auto (passagier);Car (passenger);6
1995;45 t/m 49;Vracht/bestel;Lorry/van;5
1995;50 t/m 54;Lopen;Pedestrian;6
1995;50 t/m 54;Fiets;Bicycle;6
1995;50 t/m 54;Brom/snorfiets;Moped;4
1995;50 t/m 54;Motor/scooter;Motorcycle;2
1995;50 t/m 54;Auto (bestuurder);Car (driver);23
1995;50 t/m 54;Auto (passagier);Car (passenger);8
1995;50 t/m 54;Vracht/bestel;Lorry/van;4
1995;50 t/m 54;Overig;Other;1
1995;55 t/m 59;Lopen;Pedestrian;6
1995;55 t/m 59;Fiets;Bicycle;9
1995;55 t/m 59;Brom/snorfiets;Moped;1
1995;55 t/m 59;Motor/scooter;Motorcycle;1
1995;55 t/m 59;Auto (bestuurder);Car (driver);23
1995;55 t/m 59;Auto (passagier);Car (passenger);5
1995;55 t/m 59;Vracht/bestel;Lorry/van;5
1995;60 t/m 64;Lopen;Pedestrian;8
1995;60 t/m 64;Fiets;Bicycle;21
1995;60 t/m 64;Brom/snorfiets;Moped;6
1995;60 t/m 64;Auto (bestuurder);Car (driver);23
1995;60 t/m 64;Auto (passagier);Car (passenger);8
1995;60 t/m 64;Vracht/bestel;Lorry/van;1
1995;65 t/m 69;Lopen;Pedestrian;11
1995;65 t/m 69;Fiets;Bicycle;25
1995;65 t/m 69;Brom/snorfiets;Moped;6
1995;65 t/m 69;Motor/scooter;Motorcycle;1
1995;65 t/m 69;Auto (bestuurder);Car (driver);17
1995;65 t/m 69;Auto (passagier);Car (passenger);10
1995;65 t/m 69;Vracht/bestel;Lorry/van;1
1995;70 t/m 74;Lopen;Pedestrian;10
1995;70 t/m 74;Fiets;Bicycle;29
1995;70 t/m 74;Auto (bestuurder);Car (driver);23
1995;70 t/m 74;Auto (passagier);Car (passenger);13
1995;70 t/m 74;Vracht/bestel;Lorry/van;1
1995;70 t/m 74;Overig;Other;1
1995;75+;Lopen;Pedestrian;39
1995;75+;Fiets;Bicycle;56
1995;75+;Brom/snorfiets;Moped;18
1995;75+;Auto (bestuurder);Car (driver);23
1995;75+;Auto (passagier);Car (passenger);25
1996;0 t/m 4;Lopen;Pedestrian;3
1996;0 t/m 4;Auto (passagier);Car (passenger);5
1996;5 t/m 9;Lopen;Pedestrian;3
1996;5 t/m 9;Fiets;Bicycle;8
1996;5 t/m 9;Auto (passagier);Car (passenger);3
1996;10 t/m 14;Lopen;Pedestrian;2
1996;10 t/m 14;Fiets;Bicycle;29
1996;10 t/m 14;Brom/snorfiets;Moped;4
1996;10 t/m 14;Auto (passagier);Car (passenger);8
1996;10 t/m 14;Overig;Other;1
1996;15 t/m 19;Lopen;Pedestrian;12
1996;15 t/m 19;Fiets;Bicycle;26
1996;15 t/m 19;Brom/snorfiets;Moped;48
1996;15 t/m 19;Motor/scooter;Motorcycle;2
1996;15 t/m 19;Auto (bestuurder);Car (driver);16
1996;15 t/m 19;Auto (passagier);Car (passenger);19
1996;15 t/m 19;Vracht/bestel;Lorry/van;2
1996;20 t/m 24;Lopen;Pedestrian;7
1996;20 t/m 24;Fiets;Bicycle;6
1996;20 t/m 24;Brom/snorfiets;Moped;9
1996;20 t/m 24;Motor/scooter;Motorcycle;21
1996;20 t/m 24;Auto (bestuurder);Car (driver);73
1996;20 t/m 24;Auto (passagier);Car (passenger);36
1996;20 t/m 24;Vracht/bestel;Lorry/van;13
1996;20 t/m 24;Overig;Other;1
1996;25 t/m 29;Lopen;Pedestrian;8
1996;25 t/m 29;Fiets;Bicycle;5
1996;25 t/m 29;Brom/snorfiets;Moped;4
1996;25 t/m 29;Motor/scooter;Motorcycle;15
1996;25 t/m 29;Auto (bestuurder);Car (driver);70
1996;25 t/m 29;Auto (passagier);Car (passenger);17
1996;25 t/m 29;Vracht/bestel;Lorry/van;10
1996;25 t/m 29;Overig;Other;2
1996;30 t/m 34;Lopen;Pedestrian;7
1996;30 t/m 34;Fiets;Bicycle;4
1996;30 t/m 34;Brom/snorfiets;Moped;3
1996;30 t/m 34;Motor/scooter;Motorcycle;16
1996;30 t/m 34;Auto (bestuurder);Car (driver);43
1996;30 t/m 34;Auto (passagier);Car (passenger);10
1996;30 t/m 34;Vracht/bestel;Lorry/van;7
1996;35 t/m 39;Lopen;Pedestrian;2
1996;35 t/m 39;Fiets;Bicycle;3
1996;35 t/m 39;Brom/snorfiets;Moped;1
1996;35 t/m 39;Motor/scooter;Motorcycle;13
1996;35 t/m 39;Auto (bestuurder);Car (driver);34
1996;35 t/m 39;Auto (passagier);Car (passenger);7
1996;35 t/m 39;Vracht/bestel;Lorry/van;4
1996;40 t/m 44;Lopen;Pedestrian;6
1996;40 t/m 44;Fiets;Bicycle;5
1996;40 t/m 44;Brom/snorfiets;Moped;4
1996;40 t/m 44;Motor/scooter;Motorcycle;11
1996;40 t/m 44;Auto (bestuurder);Car (driver);31
1996;40 t/m 44;Auto (passagier);Car (passenger);6
1996;40 t/m 44;Vracht/bestel;Lorry/van;7
1996;45 t/m 49;Lopen;Pedestrian;5
1996;45 t/m 49;Fiets;Bicycle;7
1996;45 t/m 49;Brom/snorfiets;Moped;1
1996;45 t/m 49;Motor/scooter;Motorcycle;2
1996;45 t/m 49;Auto (bestuurder);Car (driver);31
1996;45 t/m 49;Auto (passagier);Car (passenger);5
1996;45 t/m 49;Vracht/bestel;Lorry/van;4
1996;45 t/m 49;Overig;Other;2
1996;50 t/m 54;Lopen;Pedestrian;4
1996;50 t/m 54;Fiets;Bicycle;12
1996;50 t/m 54;Brom/snorfiets;Moped;2
1996;50 t/m 54;Motor/scooter;Motorcycle;7
1996;50 t/m 54;Auto (bestuurder);Car (driver);23
1996;50 t/m 54;Auto (passagier);Car (passenger);7
1996;50 t/m 54;Vracht/bestel;Lorry/van;3
1996;55 t/m 59;Lopen;Pedestrian;4
1996;55 t/m 59;Fiets;Bicycle;8
1996;55 t/m 59;Brom/snorfiets;Moped;3
1996;55 t/m 59;Motor/scooter;Motorcycle;4
1996;55 t/m 59;Auto (bestuurder);Car (driver);16
1996;55 t/m 59;Auto (passagier);Car (passenger);3
1996;55 t/m 59;Vracht/bestel;Lorry/van;5
1996;55 t/m 59;Bus (OV);Bus (public transport);1
1996;60 t/m 64;Lopen;Pedestrian;5
1996;60 t/m 64;Fiets;Bicycle;9
1996;60 t/m 64;Brom/snorfiets;Moped;1
1996;60 t/m 64;Auto (bestuurder);Car (driver);14
1996;60 t/m 64;Auto (passagier);Car (passenger);4
1996;60 t/m 64;Vracht/bestel;Lorry/van;3
1996;65 t/m 69;Lopen;Pedestrian;6
1996;65 t/m 69;Fiets;Bicycle;16
1996;65 t/m 69;Brom/snorfiets;Moped;2
1996;65 t/m 69;Auto (bestuurder);Car (driver);18
1996;65 t/m 69;Auto (passagier);Car (passenger);4
1996;65 t/m 69;Vracht/bestel;Lorry/van;1
1996;65 t/m 69;Overig;Other;1
1996;70 t/m 74;Lopen;Pedestrian;6
1996;70 t/m 74;Fiets;Bicycle;35
1996;70 t/m 74;Brom/snorfiets;Moped;6
1996;70 t/m 74;Auto (bestuurder);Car (driver);13
1996;70 t/m 74;Auto (passagier);Car (passenger);7
1996;70 t/m 74;Overig;Other;2
1996;75+;Lopen;Pedestrian;29
1996;75+;Fiets;Bicycle;59
1996;75+;Brom/snorfiets;Moped;15
1996;75+;Auto (bestuurder);Car (driver);32
1996;75+;Auto (passagier);Car (passenger);20
1996;75+;Overig;Other;1
1997;0 t/m 4;Lopen;Pedestrian;3
1997;0 t/m 4;Fiets;Bicycle;2
1997;0 t/m 4;Auto (passagier);Car (passenger);5
1997;5 t/m 9;Lopen;Pedestrian;10
1997;5 t/m 9;Fiets;Bicycle;3
1997;5 t/m 9;Auto (passagier);Car (passenger);4
1997;10 t/m 14;Lopen;Pedestrian;6
1997;10 t/m 14;Fiets;Bicycle;27
1997;10 t/m 14;Brom/snorfiets;Moped;1
1997;10 t/m 14;Auto (passagier);Car (passenger);4
1997;10 t/m 14;Vracht/bestel;Lorry/van;1
1997;15 t/m 19;Lopen;Pedestrian;4
1997;15 t/m 19;Fiets;Bicycle;29
1997;15 t/m 19;Brom/snorfiets;Moped;42
1997;15 t/m 19;Motor/scooter;Motorcycle;5
1997;15 t/m 19;Auto (bestuurder);Car (driver);15
1997;15 t/m 19;Auto (passagier);Car (passenger);17
1997;15 t/m 19;Vracht/bestel;Lorry/van;4
1997;15 t/m 19;Bus (OV);Bus (public transport);1
1997;15 t/m 19;Overig;Other;2
1997;20 t/m 24;Lopen;Pedestrian;4
1997;20 t/m 24;Fiets;Bicycle;8
1997;20 t/m 24;Brom/snorfiets;Moped;4
1997;20 t/m 24;Motor/scooter;Motorcycle;19
1997;20 t/m 24;Auto (bestuurder);Car (driver);77
1997;20 t/m 24;Auto (passagier);Car (passenger);20
1997;20 t/m 24;Vracht/bestel;Lorry/van;7
1997;20 t/m 24;Bus (OV);Bus (public transport);1
1997;25 t/m 29;Lopen;Pedestrian;3
1997;25 t/m 29;Fiets;Bicycle;9
1997;25 t/m 29;Brom/snorfiets;Moped;1
1997;25 t/m 29;Motor/scooter;Motorcycle;19
1997;25 t/m 29;Auto (bestuurder);Car (driver);68
1997;25 t/m 29;Auto (passagier);Car (passenger);23
1997;25 t/m 29;Vracht/bestel;Lorry/van;16
1997;25 t/m 29;Bus (OV);Bus (public transport);1
1997;30 t/m 34;Lopen;Pedestrian;1
1997;30 t/m 34;Fiets;Bicycle;9
1997;30 t/m 34;Brom/snorfiets;Moped;6
1997;30 t/m 34;Motor/scooter;Motorcycle;22
1997;30 t/m 34;Auto (bestuurder);Car (driver);50
1997;30 t/m 34;Auto (passagier);Car (passenger);5
1997;30 t/m 34;Vracht/bestel;Lorry/van;6
1997;35 t/m 39;Lopen;Pedestrian;5
1997;35 t/m 39;Fiets;Bicycle;6
1997;35 t/m 39;Brom/snorfiets;Moped;3
1997;35 t/m 39;Motor/scooter;Motorcycle;10
1997;35 t/m 39;Auto (bestuurder);Car (driver);29
1997;35 t/m 39;Auto (passagier);Car (passenger);4
1997;35 t/m 39;Vracht/bestel;Lorry/van;9
1997;40 t/m 44;Lopen;Pedestrian;4
1997;40 t/m 44;Fiets;Bicycle;14
1997;40 t/m 44;Brom/snorfiets;Moped;2
1997;40 t/m 44;Motor/scooter;Motorcycle;7
1997;40 t/m 44;Auto (bestuurder);Car (driver);24
1997;40 t/m 44;Auto (passagier);Car (passenger);8
1997;40 t/m 44;Vracht/bestel;Lorry/van;7
1997;40 t/m 44;Overig;Other;1
1997;45 t/m 49;Lopen;Pedestrian;3
1997;45 t/m 49;Fiets;Bicycle;7
1997;45 t/m 49;Brom/snorfiets;Moped;4
1997;45 t/m 49;Motor/scooter;Motorcycle;5
1997;45 t/m 49;Auto (bestuurder);Car (driver);22
1997;45 t/m 49;Auto (passagier);Car (passenger);6
1997;45 t/m 49;Vracht/bestel;Lorry/van;11
1997;50 t/m 54;Lopen;Pedestrian;7
1997;50 t/m 54;Fiets;Bicycle;13
1997;50 t/m 54;Brom/snorfiets;Moped;3
1997;50 t/m 54;Motor/scooter;Motorcycle;2
1997;50 t/m 54;Auto (bestuurder);Car (driver);22
1997;50 t/m 54;Auto (passagier);Car (passenger);5
1997;50 t/m 54;Vracht/bestel;Lorry/van;3
1997;55 t/m 59;Lopen;Pedestrian;8
1997;55 t/m 59;Fiets;Bicycle;9
1997;55 t/m 59;Motor/scooter;Motorcycle;2
1997;55 t/m 59;Auto (bestuurder);Car (driver);17
1997;55 t/m 59;Auto (passagier);Car (passenger);8
1997;55 t/m 59;Vracht/bestel;Lorry/van;1
1997;60 t/m 64;Lopen;Pedestrian;6
1997;60 t/m 64;Fiets;Bicycle;12
1997;60 t/m 64;Brom/snorfiets;Moped;3
1997;60 t/m 64;Auto (bestuurder);Car (driver);15
1997;60 t/m 64;Auto (passagier);Car (passenger);3
1997;60 t/m 64;Vracht/bestel;Lorry/van;2
1997;60 t/m 64;Overig;Other;1
1997;65 t/m 69;Lopen;Pedestrian;8
1997;65 t/m 69;Fiets;Bicycle;16
1997;65 t/m 69;Brom/snorfiets;Moped;3
1997;65 t/m 69;Motor/scooter;Motorcycle;1
1997;65 t/m 69;Auto (bestuurder);Car (driver);15
1997;65 t/m 69;Auto (passagier);Car (passenger);6
1997;70 t/m 74;Lopen;Pedestrian;13
1997;70 t/m 74;Fiets;Bicycle;21
1997;70 t/m 74;Brom/snorfiets;Moped;3
1997;70 t/m 74;Auto (bestuurder);Car (driver);18
1997;70 t/m 74;Auto (passagier);Car (passenger);11
1997;70 t/m 74;Overig;Other;2
1997;75+;Lopen;Pedestrian;34
1997;75+;Fiets;Bicycle;55
1997;75+;Brom/snorfiets;Moped;9
1997;75+;Auto (bestuurder);Car (driver);27
1997;75+;Auto (passagier);Car (passenger);19
1997;75+;Vracht/bestel;Lorry/van;1
1997;75+;Overig;Other;4
1998;0 t/m 4;Lopen;Pedestrian;3
1998;0 t/m 4;Fiets;Bicycle;1
1998;0 t/m 4;Auto (passagier);Car (passenger);8
1998;5 t/m 9;Lopen;Pedestrian;3
1998;5 t/m 9;Fiets;Bicycle;5
1998;5 t/m 9;Auto (passagier);Car (passenger);2
1998;10 t/m 14;Lopen;Pedestrian;3
1998;10 t/m 14;Fiets;Bicycle;16
1998;10 t/m 14;Auto (passagier);Car (passenger);6
1998;15 t/m 19;Lopen;Pedestrian;6
1998;15 t/m 19;Fiets;Bicycle;21
1998;15 t/m 19;Brom/snorfiets;Moped;50
1998;15 t/m 19;Motor/scooter;Motorcycle;2
1998;15 t/m 19;Auto (bestuurder);Car (driver);16
1998;15 t/m 19;Auto (passagier);Car (passenger);25
1998;15 t/m 19;Vracht/bestel;Lorry/van;4
1998;15 t/m 19;Bus (OV);Bus (public transport);2
1998;15 t/m 19;Overig;Other;1
1998;20 t/m 24;Lopen;Pedestrian;8
1998;20 t/m 24;Fiets;Bicycle;6
1998;20 t/m 24;Brom/snorfiets;Moped;8
1998;20 t/m 24;Motor/scooter;Motorcycle;14
1998;20 t/m 24;Auto (bestuurder);Car (driver);68
1998;20 t/m 24;Auto (passagier);Car (passenger);28
1998;20 t/m 24;Vracht/bestel;Lorry/van;3
1998;20 t/m 24;Overig;Other;1
1998;25 t/m 29;Lopen;Pedestrian;8
1998;25 t/m 29;Fiets;Bicycle;6
1998;25 t/m 29;Brom/snorfiets;Moped;3
1998;25 t/m 29;Motor/scooter;Motorcycle;13
1998;25 t/m 29;Auto (bestuurder);Car (driver);71
1998;25 t/m 29;Auto (passagier);Car (passenger);16
1998;25 t/m 29;Vracht/bestel;Lorry/van;3
1998;25 t/m 29;Overig;Other;1
1998;30 t/m 34;Lopen;Pedestrian;2
1998;30 t/m 34;Fiets;Bicycle;7
1998;30 t/m 34;Brom/snorfiets;Moped;2
1998;30 t/m 34;Motor/scooter;Motorcycle;18
1998;30 t/m 34;Auto (bestuurder);Car (driver);43
1998;30 t/m 34;Auto (passagier);Car (passenger);9
1998;30 t/m 34;Vracht/bestel;Lorry/van;7
1998;35 t/m 39;Lopen;Pedestrian;5
1998;35 t/m 39;Fiets;Bicycle;4
1998;35 t/m 39;Brom/snorfiets;Moped;4
1998;35 t/m 39;Motor/scooter;Motorcycle;6
1998;35 t/m 39;Auto (bestuurder);Car (driver);34
1998;35 t/m 39;Auto (passagier);Car (passenger);6
1998;35 t/m 39;Vracht/bestel;Lorry/van;6
1998;40 t/m 44;Lopen;Pedestrian;2
1998;40 t/m 44;Fiets;Bicycle;3
1998;40 t/m 44;Brom/snorfiets;Moped;1
1998;40 t/m 44;Motor/scooter;Motorcycle;10
1998;40 t/m 44;Auto (bestuurder);Car (driver);28
1998;40 t/m 44;Auto (passagier);Car (passenger);2
1998;40 t/m 44;Vracht/bestel;Lorry/van;4
1998;45 t/m 49;Lopen;Pedestrian;7
1998;45 t/m 49;Fiets;Bicycle;5
1998;45 t/m 49;Brom/snorfiets;Moped;1
1998;45 t/m 49;Motor/scooter;Motorcycle;10
1998;45 t/m 49;Auto (bestuurder);Car (driver);22
1998;45 t/m 49;Auto (passagier);Car (passenger);9
1998;45 t/m 49;Vracht/bestel;Lorry/van;5
1998;50 t/m 54;Lopen;Pedestrian;6
1998;50 t/m 54;Fiets;Bicycle;21
1998;50 t/m 54;Brom/snorfiets;Moped;4
1998;50 t/m 54;Motor/scooter;Motorcycle;2
1998;50 t/m 54;Auto (bestuurder);Car (driver);23
1998;50 t/m 54;Auto (passagier);Car (passenger);6
1998;50 t/m 54;Vracht/bestel;Lorry/van;2
1998;55 t/m 59;Lopen;Pedestrian;9
1998;55 t/m 59;Fiets;Bicycle;8
1998;55 t/m 59;Brom/snorfiets;Moped;1
1998;55 t/m 59;Auto (bestuurder);Car (driver);13
1998;55 t/m 59;Auto (passagier);Car (passenger);5
1998;55 t/m 59;Vracht/bestel;Lorry/van;1
1998;55 t/m 59;Overig;Other;1
1998;60 t/m 64;Lopen;Pedestrian;7
1998;60 t/m 64;Fiets;Bicycle;13
1998;60 t/m 64;Brom/snorfiets;Moped;1
1998;60 t/m 64;Motor/scooter;Motorcycle;1
1998;60 t/m 64;Auto (bestuurder);Car (driver);16
1998;60 t/m 64;Auto (passagier);Car (passenger);3
1998;60 t/m 64;Vracht/bestel;Lorry/van;3
1998;65 t/m 69;Lopen;Pedestrian;4
1998;65 t/m 69;Fiets;Bicycle;22
1998;65 t/m 69;Brom/snorfiets;Moped;3
1998;65 t/m 69;Auto (bestuurder);Car (driver);14
1998;65 t/m 69;Auto (passagier);Car (passenger);7
1998;65 t/m 69;Vracht/bestel;Lorry/van;1
1998;65 t/m 69;Overig;Other;1
1998;70 t/m 74;Lopen;Pedestrian;8
1998;70 t/m 74;Fiets;Bicycle;24
1998;70 t/m 74;Brom/snorfiets;Moped;1
1998;70 t/m 74;Auto (bestuurder);Car (driver);22
1998;70 t/m 74;Auto (passagier);Car (passenger);7
1998;70 t/m 74;Vracht/bestel;Lorry/van;1
1998;70 t/m 74;Overig;Other;2
1998;75+;Lopen;Pedestrian;28
1998;75+;Fiets;Bicycle;32
1998;75+;Brom/snorfiets;Moped;5
1998;75+;Auto (bestuurder);Car (driver);31
1998;75+;Auto (passagier);Car (passenger);11
1998;75+;Overig;Other;3
1999;0 t/m 4;Lopen;Pedestrian;4
1999;0 t/m 4;Fiets;Bicycle;1
1999;0 t/m 4;Auto (passagier);Car (passenger);10
1999;0 t/m 4;Vracht/bestel;Lorry/van;1
1999;5 t/m 9;Lopen;Pedestrian;9
1999;5 t/m 9;Fiets;Bicycle;10
1999;5 t/m 9;Auto (passagier);Car (passenger);9
1999;10 t/m 14;Lopen;Pedestrian;4
1999;10 t/m 14;Fiets;Bicycle;26
1999;10 t/m 14;Brom/snorfiets;Moped;1
1999;10 t/m 14;Auto (passagier);Car (passenger);2
1999;15 t/m 19;Lopen;Pedestrian;2
1999;15 t/m 19;Fiets;Bicycle;17
1999;15 t/m 19;Brom/snorfiets;Moped;40
1999;15 t/m 19;Auto (bestuurder);Car (driver);22
1999;15 t/m 19;Auto (passagier);Car (passenger);26
1999;15 t/m 19;Vracht/bestel;Lorry/van;6
1999;15 t/m 19;Overig;Other;1
1999;20 t/m 24;Lopen;Pedestrian;6
1999;20 t/m 24;Fiets;Bicycle;6
1999;20 t/m 24;Brom/snorfiets;Moped;6
1999;20 t/m 24;Motor/scooter;Motorcycle;20
1999;20 t/m 24;Auto (bestuurder);Car (driver);70
1999;20 t/m 24;Auto (passagier);Car (passenger);21
1999;20 t/m 24;Vracht/bestel;Lorry/van;7
1999;20 t/m 24;Overig;Other;2
1999;25 t/m 29;Lopen;Pedestrian;6
1999;25 t/m 29;Fiets;Bicycle;4
1999;25 t/m 29;Brom/snorfiets;Moped;3
1999;25 t/m 29;Motor/scooter;Motorcycle;13
1999;25 t/m 29;Auto (bestuurder);Car (driver);59
1999;25 t/m 29;Auto (passagier);Car (passenger);16
1999;25 t/m 29;Vracht/bestel;Lorry/van;10
1999;25 t/m 29;Overig;Other;1
1999;30 t/m 34;Lopen;Pedestrian;3
1999;30 t/m 34;Brom/snorfiets;Moped;5
1999;30 t/m 34;Motor/scooter;Motorcycle;13
1999;30 t/m 34;Auto (bestuurder);Car (driver);32
1999;30 t/m 34;Auto (passagier);Car (passenger);21
1999;30 t/m 34;Vracht/bestel;Lorry/van;7
1999;30 t/m 34;Overig;Other;1
1999;35 t/m 39;Lopen;Pedestrian;5
1999;35 t/m 39;Fiets;Bicycle;9
1999;35 t/m 39;Brom/snorfiets;Moped;7
1999;35 t/m 39;Motor/scooter;Motorcycle;12
1999;35 t/m 39;Auto (bestuurder);Car (driver);27
1999;35 t/m 39;Auto (passagier);Car (passenger);5
1999;35 t/m 39;Vracht/bestel;Lorry/van;9
1999;40 t/m 44;Lopen;Pedestrian;1
1999;40 t/m 44;Fiets;Bicycle;5
1999;40 t/m 44;Brom/snorfiets;Moped;4
1999;40 t/m 44;Motor/scooter;Motorcycle;5
1999;40 t/m 44;Auto (bestuurder);Car (driver);30
1999;40 t/m 44;Auto (passagier);Car (passenger);1
1999;40 t/m 44;Vracht/bestel;Lorry/van;4
1999;45 t/m 49;Lopen;Pedestrian;2
1999;45 t/m 49;Fiets;Bicycle;11
1999;45 t/m 49;Brom/snorfiets;Moped;1
1999;45 t/m 49;Motor/scooter;Motorcycle;4
1999;45 t/m 49;Auto (bestuurder);Car (driver);27
1999;45 t/m 49;Auto (passagier);Car (passenger);6
1999;45 t/m 49;Vracht/bestel;Lorry/van;4
1999;50 t/m 54;Lopen;Pedestrian;2
1999;50 t/m 54;Fiets;Bicycle;12
1999;50 t/m 54;Brom/snorfiets;Moped;5
1999;50 t/m 54;Motor/scooter;Motorcycle;5
1999;50 t/m 54;Auto (bestuurder);Car (driver);20
1999;50 t/m 54;Auto (passagier);Car (passenger);5
1999;50 t/m 54;Vracht/bestel;Lorry/van;7
1999;55 t/m 59;Lopen;Pedestrian;7
1999;55 t/m 59;Fiets;Bicycle;10
1999;55 t/m 59;Brom/snorfiets;Moped;2
1999;55 t/m 59;Motor/scooter;Motorcycle;2
1999;55 t/m 59;Auto (bestuurder);Car (driver);17
1999;55 t/m 59;Auto (passagier);Car (passenger);3
1999;55 t/m 59;Vracht/bestel;Lorry/van;4
1999;60 t/m 64;Lopen;Pedestrian;8
1999;60 t/m 64;Fiets;Bicycle;12
1999;60 t/m 64;Brom/snorfiets;Moped;5
1999;60 t/m 64;Motor/scooter;Motorcycle;1
1999;60 t/m 64;Auto (bestuurder);Car (driver);11
1999;60 t/m 64;Auto (passagier);Car (passenger);5
1999;60 t/m 64;Vracht/bestel;Lorry/van;2
1999;60 t/m 64;Overig;Other;1
1999;65 t/m 69;Lopen;Pedestrian;8
1999;65 t/m 69;Fiets;Bicycle;16
1999;65 t/m 69;Brom/snorfiets;Moped;2
1999;65 t/m 69;Auto (bestuurder);Car (driver);15
1999;65 t/m 69;Auto (passagier);Car (passenger);3
1999;65 t/m 69;Vracht/bestel;Lorry/van;2
1999;70 t/m 74;Lopen;Pedestrian;12
1999;70 t/m 74;Fiets;Bicycle;16
1999;70 t/m 74;Brom/snorfiets;Moped;8
1999;70 t/m 74;Auto (bestuurder);Car (driver);15
1999;70 t/m 74;Auto (passagier);Car (passenger);9
1999;70 t/m 74;Vracht/bestel;Lorry/van;1
1999;75+;Lopen;Pedestrian;32
1999;75+;Fiets;Bicycle;39
1999;75+;Brom/snorfiets;Moped;12
1999;75+;Auto (bestuurder);Car (driver);32
1999;75+;Auto (passagier);Car (passenger);16
1999;75+;Overig;Other;4
2000;0 t/m 4;Lopen;Pedestrian;3
2000;0 t/m 4;Auto (passagier);Car (passenger);8
2000;0 t/m 4;Vracht/bestel;Lorry/van;1
2000;5 t/m 9;Lopen;Pedestrian;4
2000;5 t/m 9;Fiets;Bicycle;9
2000;5 t/m 9;Auto (passagier);Car (passenger);1
2000;5 t/m 9;Vracht/bestel;Lorry/van;3
2000;10 t/m 14;Lopen;Pedestrian;4
2000;10 t/m 14;Fiets;Bicycle;20
2000;10 t/m 14;Brom/snorfiets;Moped;2
2000;10 t/m 14;Auto (passagier);Car (passenger);1
2000;15 t/m 19;Lopen;Pedestrian;6
2000;15 t/m 19;Fiets;Bicycle;17
2000;15 t/m 19;Brom/snorfiets;Moped;44
2000;15 t/m 19;Motor/scooter;Motorcycle;6
2000;15 t/m 19;Auto (bestuurder);Car (driver);25
2000;15 t/m 19;Auto (passagier);Car (passenger);27
2000;15 t/m 19;Vracht/bestel;Lorry/van;8
2000;15 t/m 19;Overig;Other;2
2000;20 t/m 24;Lopen;Pedestrian;8
2000;20 t/m 24;Fiets;Bicycle;8
2000;20 t/m 24;Brom/snorfiets;Moped;6
2000;20 t/m 24;Motor/scooter;Motorcycle;12
2000;20 t/m 24;Auto (bestuurder);Car (driver);68
2000;20 t/m 24;Auto (passagier);Car (passenger);32
2000;20 t/m 24;Vracht/bestel;Lorry/van;12
2000;25 t/m 29;Lopen;Pedestrian;5
2000;25 t/m 29;Fiets;Bicycle;2
2000;25 t/m 29;Brom/snorfiets;Moped;6
2000;25 t/m 29;Motor/scooter;Motorcycle;14
2000;25 t/m 29;Auto (bestuurder);Car (driver);46
2000;25 t/m 29;Auto (passagier);Car (passenger);19
2000;25 t/m 29;Vracht/bestel;Lorry/van;4
2000;25 t/m 29;Overig;Other;1
2000;30 t/m 34;Lopen;Pedestrian;2
2000;30 t/m 34;Fiets;Bicycle;7
2000;30 t/m 34;Brom/snorfiets;Moped;3
2000;30 t/m 34;Motor/scooter;Motorcycle;11
2000;30 t/m 34;Auto (bestuurder);Car (driver);33
2000;30 t/m 34;Auto (passagier);Car (passenger);13
2000;30 t/m 34;Vracht/bestel;Lorry/van;12
2000;35 t/m 39;Lopen;Pedestrian;10
2000;35 t/m 39;Fiets;Bicycle;9
2000;35 t/m 39;Brom/snorfiets;Moped;1
2000;35 t/m 39;Motor/scooter;Motorcycle;13
2000;35 t/m 39;Auto (bestuurder);Car (driver);32
2000;35 t/m 39;Auto (passagier);Car (passenger);3
2000;35 t/m 39;Vracht/bestel;Lorry/van;4
2000;40 t/m 44;Lopen;Pedestrian;4
2000;40 t/m 44;Fiets;Bicycle;6
2000;40 t/m 44;Brom/snorfiets;Moped;5
2000;40 t/m 44;Motor/scooter;Motorcycle;12
2000;40 t/m 44;Auto (bestuurder);Car (driver);20
2000;40 t/m 44;Auto (passagier);Car (passenger);1
2000;40 t/m 44;Vracht/bestel;Lorry/van;5
2000;40 t/m 44;Overig;Other;2
2000;45 t/m 49;Lopen;Pedestrian;8
2000;45 t/m 49;Fiets;Bicycle;8
2000;45 t/m 49;Brom/snorfiets;Moped;3
2000;45 t/m 49;Motor/scooter;Motorcycle;9
2000;45 t/m 49;Auto (bestuurder);Car (driver);24
2000;45 t/m 49;Auto (passagier);Car (passenger);5
2000;45 t/m 49;Vracht/bestel;Lorry/van;1
2000;45 t/m 49;Overig;Other;3
2000;50 t/m 54;Lopen;Pedestrian;4
2000;50 t/m 54;Fiets;Bicycle;10
2000;50 t/m 54;Brom/snorfiets;Moped;2
2000;50 t/m 54;Motor/scooter;Motorcycle;7
2000;50 t/m 54;Auto (bestuurder);Car (driver);22
2000;50 t/m 54;Auto (passagier);Car (passenger);9
2000;50 t/m 54;Vracht/bestel;Lorry/van;6
2000;50 t/m 54;Overig;Other;1
2000;55 t/m 59;Lopen;Pedestrian;3
2000;55 t/m 59;Fiets;Bicycle;11
2000;55 t/m 59;Brom/snorfiets;Moped;4
2000;55 t/m 59;Motor/scooter;Motorcycle;5
2000;55 t/m 59;Auto (bestuurder);Car (driver);19
2000;55 t/m 59;Auto (passagier);Car (passenger);5
2000;55 t/m 59;Vracht/bestel;Lorry/van;3
2000;60 t/m 64;Lopen;Pedestrian;7
2000;60 t/m 64;Fiets;Bicycle;8
2000;60 t/m 64;Brom/snorfiets;Moped;2
2000;60 t/m 64;Auto (bestuurder);Car (driver);11
2000;60 t/m 64;Auto (passagier);Car (passenger);5
2000;65 t/m 69;Lopen;Pedestrian;7
2000;65 t/m 69;Fiets;Bicycle;19
2000;65 t/m 69;Brom/snorfiets;Moped;4
2000;65 t/m 69;Auto (bestuurder);Car (driver);15
2000;65 t/m 69;Auto (passagier);Car (passenger);6
2000;70 t/m 74;Lopen;Pedestrian;6
2000;70 t/m 74;Fiets;Bicycle;18
2000;70 t/m 74;Brom/snorfiets;Moped;6
2000;70 t/m 74;Auto (bestuurder);Car (driver);18
2000;70 t/m 74;Auto (passagier);Car (passenger);6
2000;70 t/m 74;Overig;Other;1
2000;75+;Lopen;Pedestrian;24
2000;75+;Fiets;Bicycle;45
2000;75+;Brom/snorfiets;Moped;12
2000;75+;Auto (bestuurder);Car (driver);29
2000;75+;Auto (passagier);Car (passenger);10
2000;75+;Vracht/bestel;Lorry/van;1
2000;75+;Overig;Other;8
2001;0 t/m 4;Lopen;Pedestrian;6
2001;0 t/m 4;Fiets;Bicycle;1
2001;0 t/m 4;Auto (passagier);Car (passenger);6
2001;5 t/m 9;Lopen;Pedestrian;3
2001;5 t/m 9;Fiets;Bicycle;7
2001;5 t/m 9;Auto (passagier);Car (passenger);5
2001;10 t/m 14;Lopen;Pedestrian;3
2001;10 t/m 14;Fiets;Bicycle;11
2001;10 t/m 14;Brom/snorfiets;Moped;1
2001;10 t/m 14;Motor/scooter;Motorcycle;1
2001;10 t/m 14;Auto (passagier);Car (passenger);4
2001;15 t/m 19;Lopen;Pedestrian;10
2001;15 t/m 19;Fiets;Bicycle;18
2001;15 t/m 19;Brom/snorfiets;Moped;25
2001;15 t/m 19;Motor/scooter;Motorcycle;2
2001;15 t/m 19;Auto (bestuurder);Car (driver);17
2001;15 t/m 19;Auto (passagier);Car (passenger);27
2001;15 t/m 19;Vracht/bestel;Lorry/van;1
2001;20 t/m 24;Lopen;Pedestrian;3
2001;20 t/m 24;Fiets;Bicycle;7
2001;20 t/m 24;Brom/snorfiets;Moped;9
2001;20 t/m 24;Motor/scooter;Motorcycle;8
2001;20 t/m 24;Auto (bestuurder);Car (driver);68
2001;20 t/m 24;Auto (passagier);Car (passenger);17
2001;20 t/m 24;Vracht/bestel;Lorry/van;6
2001;25 t/m 29;Lopen;Pedestrian;4
2001;25 t/m 29;Fiets;Bicycle;6
2001;25 t/m 29;Brom/snorfiets;Moped;3
2001;25 t/m 29;Motor/scooter;Motorcycle;12
2001;25 t/m 29;Auto (bestuurder);Car (driver);44
2001;25 t/m 29;Auto (passagier);Car (passenger);12
2001;25 t/m 29;Vracht/bestel;Lorry/van;12
2001;25 t/m 29;Overig;Other;1
2001;30 t/m 34;Lopen;Pedestrian;1
2001;30 t/m 34;Fiets;Bicycle;9
2001;30 t/m 34;Brom/snorfiets;Moped;3
2001;30 t/m 34;Motor/scooter;Motorcycle;19
2001;30 t/m 34;Auto (bestuurder);Car (driver);44
2001;30 t/m 34;Auto (passagier);Car (passenger);12
2001;30 t/m 34;Vracht/bestel;Lorry/van;7
2001;35 t/m 39;Lopen;Pedestrian;5
2001;35 t/m 39;Fiets;Bicycle;8
2001;35 t/m 39;Brom/snorfiets;Moped;2
2001;35 t/m 39;Motor/scooter;Motorcycle;18
2001;35 t/m 39;Auto (bestuurder);Car (driver);27
2001;35 t/m 39;Auto (passagier);Car (passenger);3
2001;35 t/m 39;Vracht/bestel;Lorry/van;9
2001;40 t/m 44;Lopen;Pedestrian;2
2001;40 t/m 44;Fiets;Bicycle;8
2001;40 t/m 44;Brom/snorfiets;Moped;3
2001;40 t/m 44;Motor/scooter;Motorcycle;5
2001;40 t/m 44;Auto (bestuurder);Car (driver);24
2001;40 t/m 44;Auto (passagier);Car (passenger);5
2001;40 t/m 44;Vracht/bestel;Lorry/van;1
2001;45 t/m 49;Lopen;Pedestrian;7
2001;45 t/m 49;Fiets;Bicycle;5
2001;45 t/m 49;Brom/snorfiets;Moped;2
2001;45 t/m 49;Motor/scooter;Motorcycle;6
2001;45 t/m 49;Auto (bestuurder);Car (driver);26
2001;45 t/m 49;Auto (passagier);Car (passenger);1
2001;45 t/m 49;Vracht/bestel;Lorry/van;7
2001;50 t/m 54;Lopen;Pedestrian;6
2001;50 t/m 54;Fiets;Bicycle;14
2001;50 t/m 54;Brom/snorfiets;Moped;3
2001;50 t/m 54;Motor/scooter;Motorcycle;4
2001;50 t/m 54;Auto (bestuurder);Car (driver);19
2001;50 t/m 54;Auto (passagier);Car (passenger);2
2001;50 t/m 54;Vracht/bestel;Lorry/van;6
2001;50 t/m 54;Bus (OV);Bus (public transport);1
2001;50 t/m 54;Overig;Other;1
2001;55 t/m 59;Lopen;Pedestrian;3
2001;55 t/m 59;Fiets;Bicycle;13
2001;55 t/m 59;Brom/snorfiets;Moped;2
2001;55 t/m 59;Auto (bestuurder);Car (driver);17
2001;55 t/m 59;Auto (passagier);Car (passenger);4
2001;55 t/m 59;Vracht/bestel;Lorry/van;4
2001;60 t/m 64;Lopen;Pedestrian;6
2001;60 t/m 64;Fiets;Bicycle;11
2001;60 t/m 64;Brom/snorfiets;Moped;3
2001;60 t/m 64;Motor/scooter;Motorcycle;1
2001;60 t/m 64;Auto (bestuurder);Car (driver);15
2001;60 t/m 64;Auto (passagier);Car (passenger);4
2001;60 t/m 64;Vracht/bestel;Lorry/van;2
2001;60 t/m 64;Overig;Other;1
2001;65 t/m 69;Lopen;Pedestrian;5
2001;65 t/m 69;Fiets;Bicycle;13
2001;65 t/m 69;Brom/snorfiets;Moped;3
2001;65 t/m 69;Auto (bestuurder);Car (driver);11
2001;65 t/m 69;Auto (passagier);Car (passenger);5
2001;65 t/m 69;Vracht/bestel;Lorry/van;2
2001;70 t/m 74;Lopen;Pedestrian;6
2001;70 t/m 74;Fiets;Bicycle;15
2001;70 t/m 74;Brom/snorfiets;Moped;4
2001;70 t/m 74;Auto (bestuurder);Car (driver);15
2001;70 t/m 74;Auto (passagier);Car (passenger);6
2001;75+;Lopen;Pedestrian;36
2001;75+;Fiets;Bicycle;48
2001;75+;Brom/snorfiets;Moped;10
2001;75+;Auto (bestuurder);Car (driver);24
2001;75+;Auto (passagier);Car (passenger);13
2001;75+;Vracht/bestel;Lorry/van;1
2001;75+;Overig;Other;5
2002;0 t/m 4;Lopen;Pedestrian;4
2002;0 t/m 4;Fiets;Bicycle;2
2002;0 t/m 4;Auto (passagier);Car (passenger);1
2002;5 t/m 9;Lopen;Pedestrian;3
2002;5 t/m 9;Fiets;Bicycle;1
2002;5 t/m 9;Auto (passagier);Car (passenger);1
2002;10 t/m 14;Lopen;Pedestrian;6
2002;10 t/m 14;Fiets;Bicycle;17
2002;10 t/m 14;Auto (passagier);Car (passenger);2
2002;15 t/m 19;Lopen;Pedestrian;4
2002;15 t/m 19;Fiets;Bicycle;21
2002;15 t/m 19;Brom/snorfiets;Moped;38
2002;15 t/m 19;Motor/scooter;Motorcycle;1
2002;15 t/m 19;Auto (bestuurder);Car (driver);33
2002;15 t/m 19;Auto (passagier);Car (passenger);31
2002;15 t/m 19;Vracht/bestel;Lorry/van;5
2002;20 t/m 24;Lopen;Pedestrian;3
2002;20 t/m 24;Fiets;Bicycle;12
2002;20 t/m 24;Brom/snorfiets;Moped;7
2002;20 t/m 24;Motor/scooter;Motorcycle;7
2002;20 t/m 24;Auto (bestuurder);Car (driver);73
2002;20 t/m 24;Auto (passagier);Car (passenger);21
2002;20 t/m 24;Vracht/bestel;Lorry/van;10
2002;20 t/m 24;Bus (OV);Bus (public transport);1
2002;25 t/m 29;Lopen;Pedestrian;7
2002;25 t/m 29;Fiets;Bicycle;4
2002;25 t/m 29;Brom/snorfiets;Moped;2
2002;25 t/m 29;Motor/scooter;Motorcycle;18
2002;25 t/m 29;Auto (bestuurder);Car (driver);45
2002;25 t/m 29;Auto (passagier);Car (passenger);9
2002;25 t/m 29;Vracht/bestel;Lorry/van;5
2002;30 t/m 34;Lopen;Pedestrian;4
2002;30 t/m 34;Fiets;Bicycle;6
2002;30 t/m 34;Brom/snorfiets;Moped;5
2002;30 t/m 34;Motor/scooter;Motorcycle;20
2002;30 t/m 34;Auto (bestuurder);Car (driver);36
2002;30 t/m 34;Auto (passagier);Car (passenger);18
2002;30 t/m 34;Vracht/bestel;Lorry/van;3
2002;30 t/m 34;Overig;Other;1
2002;35 t/m 39;Lopen;Pedestrian;3
2002;35 t/m 39;Fiets;Bicycle;6
2002;35 t/m 39;Brom/snorfiets;Moped;5
2002;35 t/m 39;Motor/scooter;Motorcycle;13
2002;35 t/m 39;Auto (bestuurder);Car (driver);15
2002;35 t/m 39;Auto (passagier);Car (passenger);6
2002;35 t/m 39;Vracht/bestel;Lorry/van;3
2002;40 t/m 44;Lopen;Pedestrian;3
2002;40 t/m 44;Fiets;Bicycle;4
2002;40 t/m 44;Brom/snorfiets;Moped;3
2002;40 t/m 44;Motor/scooter;Motorcycle;13
2002;40 t/m 44;Auto (bestuurder);Car (driver);25
2002;40 t/m 44;Auto (passagier);Car (passenger);11
2002;40 t/m 44;Vracht/bestel;Lorry/van;4
2002;45 t/m 49;Lopen;Pedestrian;8
2002;45 t/m 49;Fiets;Bicycle;10
2002;45 t/m 49;Brom/snorfiets;Moped;2
2002;45 t/m 49;Motor/scooter;Motorcycle;10
2002;45 t/m 49;Auto (bestuurder);Car (driver);23
2002;45 t/m 49;Auto (passagier);Car (passenger);1
2002;45 t/m 49;Vracht/bestel;Lorry/van;4
2002;50 t/m 54;Lopen;Pedestrian;3
2002;50 t/m 54;Fiets;Bicycle;9
2002;50 t/m 54;Brom/snorfiets;Moped;2
2002;50 t/m 54;Motor/scooter;Motorcycle;7
2002;50 t/m 54;Auto (bestuurder);Car (driver);13
2002;50 t/m 54;Auto (passagier);Car (passenger);5
2002;50 t/m 54;Vracht/bestel;Lorry/van;5
2002;50 t/m 54;Overig;Other;1
2002;55 t/m 59;Lopen;Pedestrian;4
2002;55 t/m 59;Fiets;Bicycle;6
2002;55 t/m 59;Brom/snorfiets;Moped;2
2002;55 t/m 59;Auto (bestuurder);Car (driver);19
2002;55 t/m 59;Auto (passagier);Car (passenger);4
2002;55 t/m 59;Vracht/bestel;Lorry/van;6
2002;60 t/m 64;Lopen;Pedestrian;3
2002;60 t/m 64;Fiets;Bicycle;10
2002;60 t/m 64;Brom/snorfiets;Moped;1
2002;60 t/m 64;Motor/scooter;Motorcycle;3
2002;60 t/m 64;Auto (bestuurder);Car (driver);6
2002;60 t/m 64;Auto (passagier);Car (passenger);1
2002;60 t/m 64;Vracht/bestel;Lorry/van;1
2002;60 t/m 64;Overig;Other;3
2002;65 t/m 69;Lopen;Pedestrian;7
2002;65 t/m 69;Fiets;Bicycle;11
2002;65 t/m 69;Brom/snorfiets;Moped;5
2002;65 t/m 69;Auto (bestuurder);Car (driver);10
2002;65 t/m 69;Auto (passagier);Car (passenger);4
2002;65 t/m 69;Overig;Other;1
2002;70 t/m 74;Lopen;Pedestrian;5
2002;70 t/m 74;Fiets;Bicycle;13
2002;70 t/m 74;Brom/snorfiets;Moped;3
2002;70 t/m 74;Motor/scooter;Motorcycle;1
2002;70 t/m 74;Auto (bestuurder);Car (driver);13
2002;70 t/m 74;Auto (passagier);Car (passenger);7
2002;70 t/m 74;Overig;Other;2
2002;75+;Lopen;Pedestrian;29
2002;75+;Fiets;Bicycle;34
2002;75+;Brom/snorfiets;Moped;14
2002;75+;Auto (bestuurder);Car (driver);30
2002;75+;Auto (passagier);Car (passenger);16
2002;75+;Vracht/bestel;Lorry/van;1
2002;75+;Overig;Other;7
2002;Onbekend;Fiets;Bicycle;1
2003;0 t/m 4;Lopen;Pedestrian;5
2003;0 t/m 4;Fiets;Bicycle;2
2003;0 t/m 4;Auto (passagier);Car (passenger);5
2003;0 t/m 4;Vracht/bestel;Lorry/van;1
2003;5 t/m 9;Lopen;Pedestrian;6
2003;5 t/m 9;Fiets;Bicycle;4
2003;5 t/m 9;Auto (passagier);Car (passenger);7
2003;5 t/m 9;Vracht/bestel;Lorry/van;1
2003;5 t/m 9;Overig;Other;2
2003;10 t/m 14;Lopen;Pedestrian;6
2003;10 t/m 14;Fiets;Bicycle;15
2003;10 t/m 14;Brom/snorfiets;Moped;2
2003;10 t/m 14;Auto (passagier);Car (passenger);6
2003;10 t/m 14;Vracht/bestel;Lorry/van;1
2003;10 t/m 14;Overig;Other;1
2003;15 t/m 19;Lopen;Pedestrian;2
2003;15 t/m 19;Fiets;Bicycle;14
2003;15 t/m 19;Brom/snorfiets;Moped;29
2003;15 t/m 19;Motor/scooter;Motorcycle;2
2003;15 t/m 19;Auto (bestuurder);Car (driver);27
2003;15 t/m 19;Auto (passagier);Car (passenger);33
2003;15 t/m 19;Vracht/bestel;Lorry/van;6
2003;20 t/m 24;Lopen;Pedestrian;2
2003;20 t/m 24;Fiets;Bicycle;5
2003;20 t/m 24;Brom/snorfiets;Moped;5
2003;20 t/m 24;Motor/scooter;Motorcycle;13
2003;20 t/m 24;Auto (bestuurder);Car (driver);65
2003;20 t/m 24;Auto (passagier);Car (passenger);24
2003;20 t/m 24;Vracht/bestel;Lorry/van;5
2003;20 t/m 24;Overig;Other;1
2003;25 t/m 29;Lopen;Pedestrian;3
2003;25 t/m 29;Fiets;Bicycle;4
2003;25 t/m 29;Brom/snorfiets;Moped;3
2003;25 t/m 29;Motor/scooter;Motorcycle;22
2003;25 t/m 29;Auto (bestuurder);Car (driver);41
2003;25 t/m 29;Auto (passagier);Car (passenger);9
2003;25 t/m 29;Vracht/bestel;Lorry/van;6
2003;25 t/m 29;Overig;Other;1
2003;30 t/m 34;Lopen;Pedestrian;3
2003;30 t/m 34;Fiets;Bicycle;3
2003;30 t/m 34;Brom/snorfiets;Moped;4
2003;30 t/m 34;Motor/scooter;Motorcycle;16
2003;30 t/m 34;Auto (bestuurder);Car (driver);47
2003;30 t/m 34;Auto (passagier);Car (passenger);5
2003;30 t/m 34;Vracht/bestel;Lorry/van;8
2003;30 t/m 34;Overig;Other;2
2003;35 t/m 39;Lopen;Pedestrian;5
2003;35 t/m 39;Fiets;Bicycle;7
2003;35 t/m 39;Brom/snorfiets;Moped;9
2003;35 t/m 39;Motor/scooter;Motorcycle;12
2003;35 t/m 39;Auto (bestuurder);Car (driver);23
2003;35 t/m 39;Auto (passagier);Car (passenger);8
2003;35 t/m 39;Vracht/bestel;Lorry/van;5
2003;40 t/m 44;Lopen;Pedestrian;6
2003;40 t/m 44;Fiets;Bicycle;8
2003;40 t/m 44;Motor/scooter;Motorcycle;8
2003;40 t/m 44;Auto (bestuurder);Car (driver);30
2003;40 t/m 44;Auto (passagier);Car (passenger);5
2003;40 t/m 44;Vracht/bestel;Lorry/van;10
2003;40 t/m 44;Overig;Other;1
2003;45 t/m 49;Lopen;Pedestrian;5
2003;45 t/m 49;Fiets;Bicycle;2
2003;45 t/m 49;Brom/snorfiets;Moped;2
2003;45 t/m 49;Motor/scooter;Motorcycle;11
2003;45 t/m 49;Auto (bestuurder);Car (driver);21
2003;45 t/m 49;Auto (passagier);Car (passenger);3
2003;45 t/m 49;Vracht/bestel;Lorry/van;4
2003;45 t/m 49;Overig;Other;1
2003;50 t/m 54;Lopen;Pedestrian;5
2003;50 t/m 54;Fiets;Bicycle;13
2003;50 t/m 54;Brom/snorfiets;Moped;3
2003;50 t/m 54;Motor/scooter;Motorcycle;3
2003;50 t/m 54;Auto (bestuurder);Car (driver);19
2003;50 t/m 54;Auto (passagier);Car (passenger);4
2003;50 t/m 54;Vracht/bestel;Lorry/van;4
2003;55 t/m 59;Lopen;Pedestrian;5
2003;55 t/m 59;Fiets;Bicycle;10
2003;55 t/m 59;Brom/snorfiets;Moped;1
2003;55 t/m 59;Motor/scooter;Motorcycle;7
2003;55 t/m 59;Auto (bestuurder);Car (driver);14
2003;55 t/m 59;Auto (passagier);Car (passenger);2
2003;55 t/m 59;Vracht/bestel;Lorry/van;7
2003;55 t/m 59;Overig;Other;2
2003;60 t/m 64;Lopen;Pedestrian;5
2003;60 t/m 64;Fiets;Bicycle;17
2003;60 t/m 64;Brom/snorfiets;Moped;5
2003;60 t/m 64;Motor/scooter;Motorcycle;1
2003;60 t/m 64;Auto (bestuurder);Car (driver);14
2003;60 t/m 64;Auto (passagier);Car (passenger);3
2003;60 t/m 64;Vracht/bestel;Lorry/van;3
2003;65 t/m 69;Lopen;Pedestrian;8
2003;65 t/m 69;Fiets;Bicycle;19
2003;65 t/m 69;Brom/snorfiets;Moped;1
2003;65 t/m 69;Auto (bestuurder);Car (driver);11
2003;65 t/m 69;Auto (passagier);Car (passenger);7
2003;65 t/m 69;Vracht/bestel;Lorry/van;1
2003;70 t/m 74;Lopen;Pedestrian;3
2003;70 t/m 74;Fiets;Bicycle;14
2003;70 t/m 74;Brom/snorfiets;Moped;2
2003;70 t/m 74;Auto (bestuurder);Car (driver);10
2003;70 t/m 74;Auto (passagier);Car (passenger);4
2003;70 t/m 74;Overig;Other;2
2003;75+;Lopen;Pedestrian;28
2003;75+;Fiets;Bicycle;50
2003;75+;Brom/snorfiets;Moped;12
2003;75+;Auto (bestuurder);Car (driver);23
2003;75+;Auto (passagier);Car (passenger);13
2003;75+;Vracht/bestel;Lorry/van;1
2003;75+;Overig;Other;12
2004;0 t/m 4;Lopen;Pedestrian;1
2004;0 t/m 4;Fiets;Bicycle;2
2004;0 t/m 4;Auto (passagier);Car (passenger);2
2004;5 t/m 9;Lopen;Pedestrian;2
2004;5 t/m 9;Fiets;Bicycle;3
2004;5 t/m 9;Auto (passagier);Car (passenger);1
2004;5 t/m 9;Overig;Other;1
2004;10 t/m 14;Lopen;Pedestrian;3
2004;10 t/m 14;Fiets;Bicycle;14
2004;10 t/m 14;Motor/scooter;Motorcycle;1
2004;10 t/m 14;Auto (passagier);Car (passenger);4
2004;10 t/m 14;Overig;Other;1
2004;15 t/m 19;Lopen;Pedestrian;3
2004;15 t/m 19;Fiets;Bicycle;10
2004;15 t/m 19;Brom/snorfiets;Moped;23
2004;15 t/m 19;Motor/scooter;Motorcycle;1
2004;15 t/m 19;Auto (bestuurder);Car (driver);19
2004;15 t/m 19;Auto (passagier);Car (passenger);22
2004;15 t/m 19;Vracht/bestel;Lorry/van;3
2004;15 t/m 19;Overig;Other;1
2004;20 t/m 24;Lopen;Pedestrian;4
2004;20 t/m 24;Fiets;Bicycle;6
2004;20 t/m 24;Brom/snorfiets;Moped;5
2004;20 t/m 24;Motor/scooter;Motorcycle;17
2004;20 t/m 24;Auto (bestuurder);Car (driver);58
2004;20 t/m 24;Auto (passagier);Car (passenger);17
2004;20 t/m 24;Vracht/bestel;Lorry/van;4
2004;25 t/m 29;Lopen;Pedestrian;5
2004;25 t/m 29;Fiets;Bicycle;6
2004;25 t/m 29;Brom/snorfiets;Moped;1
2004;25 t/m 29;Motor/scooter;Motorcycle;14
2004;25 t/m 29;Auto (bestuurder);Car (driver);22
2004;25 t/m 29;Auto (passagier);Car (passenger);16
2004;25 t/m 29;Vracht/bestel;Lorry/van;1
2004;25 t/m 29;Overig;Other;1
2004;30 t/m 34;Lopen;Pedestrian;3
2004;30 t/m 34;Fiets;Bicycle;4
2004;30 t/m 34;Brom/snorfiets;Moped;1
2004;30 t/m 34;Motor/scooter;Motorcycle;9
2004;30 t/m 34;Auto (bestuurder);Car (driver);32
2004;30 t/m 34;Auto (passagier);Car (passenger);4
2004;30 t/m 34;Overig;Other;1
2004;35 t/m 39;Lopen;Pedestrian;3
2004;35 t/m 39;Fiets;Bicycle;4
2004;35 t/m 39;Motor/scooter;Motorcycle;11
2004;35 t/m 39;Auto (bestuurder);Car (driver);17
2004;35 t/m 39;Auto (passagier);Car (passenger);6
2004;35 t/m 39;Vracht/bestel;Lorry/van;4
2004;40 t/m 44;Lopen;Pedestrian;3
2004;40 t/m 44;Fiets;Bicycle;5
2004;40 t/m 44;Brom/snorfiets;Moped;3
2004;40 t/m 44;Motor/scooter;Motorcycle;9
2004;40 t/m 44;Auto (bestuurder);Car (driver);22
2004;40 t/m 44;Auto (passagier);Car (passenger);6
2004;40 t/m 44;Vracht/bestel;Lorry/van;5
2004;40 t/m 44;Overig;Other;2
2004;45 t/m 49;Lopen;Pedestrian;6
2004;45 t/m 49;Fiets;Bicycle;7
2004;45 t/m 49;Brom/snorfiets;Moped;2
2004;45 t/m 49;Motor/scooter;Motorcycle;9
2004;45 t/m 49;Auto (bestuurder);Car (driver);14
2004;45 t/m 49;Auto (passagier);Car (passenger);2
2004;45 t/m 49;Vracht/bestel;Lorry/van;1
2004;45 t/m 49;Overig;Other;2
2004;50 t/m 54;Lopen;Pedestrian;2
2004;50 t/m 54;Fiets;Bicycle;8
2004;50 t/m 54;Brom/snorfiets;Moped;2
2004;50 t/m 54;Motor/scooter;Motorcycle;7
2004;50 t/m 54;Auto (bestuurder);Car (driver);21
2004;50 t/m 54;Auto (passagier);Car (passenger);6
2004;50 t/m 54;Vracht/bestel;Lorry/van;3
2004;55 t/m 59;Lopen;Pedestrian;4
2004;55 t/m 59;Fiets;Bicycle;11
2004;55 t/m 59;Brom/snorfiets;Moped;2
2004;55 t/m 59;Motor/scooter;Motorcycle;4
2004;55 t/m 59;Auto (bestuurder);Car (driver);12
2004;55 t/m 59;Vracht/bestel;Lorry/van;1
2004;55 t/m 59;Overig;Other;2
2004;60 t/m 64;Lopen;Pedestrian;3
2004;60 t/m 64;Fiets;Bicycle;6
2004;60 t/m 64;Brom/snorfiets;Moped;3
2004;60 t/m 64;Motor/scooter;Motorcycle;1
2004;60 t/m 64;Auto (bestuurder);Car (driver);11
2004;60 t/m 64;Auto (passagier);Car (passenger);2
2004;60 t/m 64;Vracht/bestel;Lorry/van;1
2004;60 t/m 64;Overig;Other;1
2004;65 t/m 69;Fiets;Bicycle;12
2004;65 t/m 69;Brom/snorfiets;Moped;2
2004;65 t/m 69;Motor/scooter;Motorcycle;1
2004;65 t/m 69;Auto (bestuurder);Car (driver);10
2004;65 t/m 69;Auto (passagier);Car (passenger);8
2004;70 t/m 74;Lopen;Pedestrian;4
2004;70 t/m 74;Fiets;Bicycle;17
2004;70 t/m 74;Brom/snorfiets;Moped;4
2004;70 t/m 74;Auto (bestuurder);Car (driver);8
2004;70 t/m 74;Auto (passagier);Car (passenger);8
2004;70 t/m 74;Vracht/bestel;Lorry/van;1
2004;70 t/m 74;Overig;Other;1
2004;75+;Lopen;Pedestrian;22
2004;75+;Fiets;Bicycle;42
2004;75+;Brom/snorfiets;Moped;9
2004;75+;Auto (bestuurder);Car (driver);29
2004;75+;Auto (passagier);Car (passenger);16
2004;75+;Overig;Other;5
2004;Onbekend;Auto (passagier);Car (passenger);1
2005;0 t/m 4;Lopen;Pedestrian;3
2005;0 t/m 4;Fiets;Bicycle;3
2005;0 t/m 4;Auto (passagier);Car (passenger);1
2005;5 t/m 9;Lopen;Pedestrian;2
2005;5 t/m 9;Fiets;Bicycle;2
2005;5 t/m 9;Auto (passagier);Car (passenger);2
2005;10 t/m 14;Lopen;Pedestrian;3
2005;10 t/m 14;Fiets;Bicycle;10
2005;10 t/m 14;Auto (passagier);Car (passenger);5
2005;15 t/m 19;Lopen;Pedestrian;5
2005;15 t/m 19;Fiets;Bicycle;12
2005;15 t/m 19;Brom/snorfiets;Moped;22
2005;15 t/m 19;Motor/scooter;Motorcycle;1
2005;15 t/m 19;Auto (bestuurder);Car (driver);13
2005;15 t/m 19;Auto (passagier);Car (passenger);17
2005;20 t/m 24;Lopen;Pedestrian;3
2005;20 t/m 24;Fiets;Bicycle;6
2005;20 t/m 24;Brom/snorfiets;Moped;4
2005;20 t/m 24;Motor/scooter;Motorcycle;6
2005;20 t/m 24;Auto (bestuurder);Car (driver);49
2005;20 t/m 24;Auto (passagier);Car (passenger);13
2005;20 t/m 24;Vracht/bestel;Lorry/van;4
2005;25 t/m 29;Lopen;Pedestrian;5
2005;25 t/m 29;Fiets;Bicycle;5
2005;25 t/m 29;Brom/snorfiets;Moped;2
2005;25 t/m 29;Motor/scooter;Motorcycle;6
2005;25 t/m 29;Auto (bestuurder);Car (driver);23
2005;25 t/m 29;Auto (passagier);Car (passenger);9
2005;25 t/m 29;Vracht/bestel;Lorry/van;3
2005;30 t/m 34;Lopen;Pedestrian;2
2005;30 t/m 34;Fiets;Bicycle;5
2005;30 t/m 34;Brom/snorfiets;Moped;2
2005;30 t/m 34;Motor/scooter;Motorcycle;15
2005;30 t/m 34;Auto (bestuurder);Car (driver);29
2005;30 t/m 34;Auto (passagier);Car (passenger);7
2005;30 t/m 34;Vracht/bestel;Lorry/van;3
2005;35 t/m 39;Lopen;Pedestrian;2
2005;35 t/m 39;Fiets;Bicycle;3
2005;35 t/m 39;Brom/snorfiets;Moped;3
2005;35 t/m 39;Motor/scooter;Motorcycle;14
2005;35 t/m 39;Auto (bestuurder);Car (driver);18
2005;35 t/m 39;Auto (passagier);Car (passenger);3
2005;35 t/m 39;Vracht/bestel;Lorry/van;4
2005;40 t/m 44;Lopen;Pedestrian;4
2005;40 t/m 44;Fiets;Bicycle;4
2005;40 t/m 44;Brom/snorfiets;Moped;3
2005;40 t/m 44;Motor/scooter;Motorcycle;13
2005;40 t/m 44;Auto (bestuurder);Car (driver);20
2005;40 t/m 44;Auto (passagier);Car (passenger);1
2005;40 t/m 44;Vracht/bestel;Lorry/van;3
2005;40 t/m 44;Overig;Other;2
2005;45 t/m 49;Lopen;Pedestrian;2
2005;45 t/m 49;Fiets;Bicycle;10
2005;45 t/m 49;Brom/snorfiets;Moped;1
2005;45 t/m 49;Motor/scooter;Motorcycle;9
2005;45 t/m 49;Auto (bestuurder);Car (driver);17
2005;45 t/m 49;Auto (passagier);Car (passenger);3
2005;45 t/m 49;Vracht/bestel;Lorry/van;5
2005;45 t/m 49;Overig;Other;1
2005;50 t/m 54;Lopen;Pedestrian;9
2005;50 t/m 54;Fiets;Bicycle;7
2005;50 t/m 54;Brom/snorfiets;Moped;1
2005;50 t/m 54;Motor/scooter;Motorcycle;4
2005;50 t/m 54;Auto (bestuurder);Car (driver);19
2005;50 t/m 54;Auto (passagier);Car (passenger);2
2005;50 t/m 54;Vracht/bestel;Lorry/van;4
2005;50 t/m 54;Overig;Other;1
2005;55 t/m 59;Lopen;Pedestrian;5
2005;55 t/m 59;Fiets;Bicycle;8
2005;55 t/m 59;Brom/snorfiets;Moped;5
2005;55 t/m 59;Motor/scooter;Motorcycle;6
2005;55 t/m 59;Auto (bestuurder);Car (driver);12
2005;55 t/m 59;Auto (passagier);Car (passenger);2
2005;55 t/m 59;Vracht/bestel;Lorry/van;3
2005;60 t/m 64;Fiets;Bicycle;9
2005;60 t/m 64;Brom/snorfiets;Moped;1
2005;60 t/m 64;Motor/scooter;Motorcycle;1
2005;60 t/m 64;Auto (bestuurder);Car (driver);9
2005;60 t/m 64;Auto (passagier);Car (passenger);4
2005;60 t/m 64;Vracht/bestel;Lorry/van;2
2005;60 t/m 64;Overig;Other;1
2005;65 t/m 69;Lopen;Pedestrian;6
2005;65 t/m 69;Fiets;Bicycle;10
2005;65 t/m 69;Brom/snorfiets;Moped;1
2005;65 t/m 69;Motor/scooter;Motorcycle;1
2005;65 t/m 69;Auto (bestuurder);Car (driver);7
2005;65 t/m 69;Auto (passagier);Car (passenger);3
2005;65 t/m 69;Overig;Other;1
2005;70 t/m 74;Lopen;Pedestrian;5
2005;70 t/m 74;Fiets;Bicycle;15
2005;70 t/m 74;Brom/snorfiets;Moped;1
2005;70 t/m 74;Auto (bestuurder);Car (driver);8
2005;70 t/m 74;Auto (passagier);Car (passenger);4
2005;70 t/m 74;Overig;Other;2
2005;75+;Lopen;Pedestrian;27
2005;75+;Fiets;Bicycle;42
2005;75+;Brom/snorfiets;Moped;10
2005;75+;Motor/scooter;Motorcycle;1
2005;75+;Auto (bestuurder);Car (driver);26
2005;75+;Auto (passagier);Car (passenger);11
2005;75+;Overig;Other;7
2006;0 t/m 4;Lopen;Pedestrian;1
2006;0 t/m 4;Fiets;Bicycle;2
2006;0 t/m 4;Auto (passagier);Car (passenger);2
2006;0 t/m 4;Overig;Other;1
2006;5 t/m 9;Lopen;Pedestrian;1
2006;5 t/m 9;Fiets;Bicycle;4
2006;5 t/m 9;Auto (passagier);Car (passenger);5
2006;10 t/m 14;Lopen;Pedestrian;4
2006;10 t/m 14;Fiets;Bicycle;11
2006;10 t/m 14;Auto (passagier);Car (passenger);6
2006;15 t/m 19;Lopen;Pedestrian;2
2006;15 t/m 19;Fiets;Bicycle;15
2006;15 t/m 19;Brom/snorfiets;Moped;14
2006;15 t/m 19;Motor/scooter;Motorcycle;1
2006;15 t/m 19;Auto (bestuurder);Car (driver);12
2006;15 t/m 19;Auto (passagier);Car (passenger);14
2006;15 t/m 19;Vracht/bestel;Lorry/van;2
2006;15 t/m 19;Overig;Other;2
2006;20 t/m 24;Lopen;Pedestrian;2
2006;20 t/m 24;Fiets;Bicycle;1
2006;20 t/m 24;Brom/snorfiets;Moped;9
2006;20 t/m 24;Motor/scooter;Motorcycle;11
2006;20 t/m 24;Auto (bestuurder);Car (driver);46
2006;20 t/m 24;Auto (passagier);Car (passenger);10
2006;20 t/m 24;Vracht/bestel;Lorry/van;4
2006;25 t/m 29;Lopen;Pedestrian;4
2006;25 t/m 29;Fiets;Bicycle;1
2006;25 t/m 29;Brom/snorfiets;Moped;4
2006;25 t/m 29;Motor/scooter;Motorcycle;4
2006;25 t/m 29;Auto (bestuurder);Car (driver);24
2006;25 t/m 29;Auto (passagier);Car (passenger);9
2006;25 t/m 29;Vracht/bestel;Lorry/van;2
2006;30 t/m 34;Lopen;Pedestrian;2
2006;30 t/m 34;Fiets;Bicycle;1
2006;30 t/m 34;Brom/snorfiets;Moped;2
2006;30 t/m 34;Motor/scooter;Motorcycle;6
2006;30 t/m 34;Auto (bestuurder);Car (driver);15
2006;30 t/m 34;Auto (passagier);Car (passenger);7
2006;30 t/m 34;Vracht/bestel;Lorry/van;1
2006;35 t/m 39;Lopen;Pedestrian;1
2006;35 t/m 39;Fiets;Bicycle;5
2006;35 t/m 39;Brom/snorfiets;Moped;5
2006;35 t/m 39;Motor/scooter;Motorcycle;9
2006;35 t/m 39;Auto (bestuurder);Car (driver);26
2006;35 t/m 39;Auto (passagier);Car (passenger);5
2006;35 t/m 39;Vracht/bestel;Lorry/van;2
2006;40 t/m 44;Lopen;Pedestrian;3
2006;40 t/m 44;Fiets;Bicycle;8
2006;40 t/m 44;Brom/snorfiets;Moped;3
2006;40 t/m 44;Motor/scooter;Motorcycle;4
2006;40 t/m 44;Auto (bestuurder);Car (driver);20
2006;40 t/m 44;Auto (passagier);Car (passenger);5
2006;40 t/m 44;Vracht/bestel;Lorry/van;5
2006;40 t/m 44;Overig;Other;2
2006;45 t/m 49;Lopen;Pedestrian;5
2006;45 t/m 49;Fiets;Bicycle;8
2006;45 t/m 49;Brom/snorfiets;Moped;2
2006;45 t/m 49;Motor/scooter;Motorcycle;10
2006;45 t/m 49;Auto (bestuurder);Car (driver);17
2006;45 t/m 49;Auto (passagier);Car (passenger);3
2006;45 t/m 49;Vracht/bestel;Lorry/van;2
2006;45 t/m 49;Overig;Other;1
2006;50 t/m 54;Lopen;Pedestrian;7
2006;50 t/m 54;Fiets;Bicycle;4
2006;50 t/m 54;Brom/snorfiets;Moped;2
2006;50 t/m 54;Motor/scooter;Motorcycle;3
2006;50 t/m 54;Auto (bestuurder);Car (driver);9
2006;50 t/m 54;Auto (passagier);Car (passenger);1
2006;50 t/m 54;Vracht/bestel;Lorry/van;2
2006;55 t/m 59;Lopen;Pedestrian;1
2006;55 t/m 59;Fiets;Bicycle;13
2006;55 t/m 59;Brom/snorfiets;Moped;1
2006;55 t/m 59;Motor/scooter;Motorcycle;3
2006;55 t/m 59;Auto (bestuurder);Car (driver);14
2006;55 t/m 59;Auto (passagier);Car (passenger);3
2006;55 t/m 59;Vracht/bestel;Lorry/van;8
2006;60 t/m 64;Lopen;Pedestrian;2
2006;60 t/m 64;Fiets;Bicycle;15
2006;60 t/m 64;Brom/snorfiets;Moped;3
2006;60 t/m 64;Motor/scooter;Motorcycle;5
2006;60 t/m 64;Auto (bestuurder);Car (driver);6
2006;60 t/m 64;Auto (passagier);Car (passenger);2
2006;60 t/m 64;Vracht/bestel;Lorry/van;1
2006;65 t/m 69;Lopen;Pedestrian;6
2006;65 t/m 69;Fiets;Bicycle;19
2006;65 t/m 69;Brom/snorfiets;Moped;2
2006;65 t/m 69;Auto (bestuurder);Car (driver);11
2006;65 t/m 69;Auto (passagier);Car (passenger);3
2006;70 t/m 74;Lopen;Pedestrian;2
2006;70 t/m 74;Fiets;Bicycle;18
2006;70 t/m 74;Brom/snorfiets;Moped;5
2006;70 t/m 74;Auto (bestuurder);Car (driver);11
2006;70 t/m 74;Auto (passagier);Car (passenger);3
2006;70 t/m 74;Vracht/bestel;Lorry/van;1
2006;75+;Lopen;Pedestrian;23
2006;75+;Fiets;Bicycle;54
2006;75+;Brom/snorfiets;Moped;11
2006;75+;Motor/scooter;Motorcycle;1
2006;75+;Auto (bestuurder);Car (driver);21
2006;75+;Auto (passagier);Car (passenger);13
2006;75+;Bus (OV);Bus (public transport);1
2006;75+;Overig;Other;5
2007;0 t/m 4;Lopen;Pedestrian;2
2007;0 t/m 4;Auto (passagier);Car (passenger);2
2007;5 t/m 9;Lopen;Pedestrian;4
2007;5 t/m 9;Fiets;Bicycle;2
2007;5 t/m 9;Auto (passagier);Car (passenger);2
2007;10 t/m 14;Lopen;Pedestrian;2
2007;10 t/m 14;Fiets;Bicycle;14
2007;10 t/m 14;Brom/snorfiets;Moped;2
2007;10 t/m 14;Auto (passagier);Car (passenger);2
2007;10 t/m 14;Vracht/bestel;Lorry/van;1
2007;10 t/m 14;Overig;Other;3
2007;15 t/m 19;Lopen;Pedestrian;5
2007;15 t/m 19;Fiets;Bicycle;15
2007;15 t/m 19;Brom/snorfiets;Moped;24
2007;15 t/m 19;Motor/scooter;Motorcycle;2
2007;15 t/m 19;Auto (bestuurder);Car (driver);13
2007;15 t/m 19;Auto (passagier);Car (passenger);15
2007;15 t/m 19;Vracht/bestel;Lorry/van;3
2007;15 t/m 19;Bus (OV);Bus (public transport);1
2007;20 t/m 24;Lopen;Pedestrian;7
2007;20 t/m 24;Fiets;Bicycle;8
2007;20 t/m 24;Brom/snorfiets;Moped;5
2007;20 t/m 24;Motor/scooter;Motorcycle;11
2007;20 t/m 24;Auto (bestuurder);Car (driver);37
2007;20 t/m 24;Auto (passagier);Car (passenger);14
2007;20 t/m 24;Vracht/bestel;Lorry/van;6
2007;25 t/m 29;Lopen;Pedestrian;2
2007;25 t/m 29;Fiets;Bicycle;4
2007;25 t/m 29;Brom/snorfiets;Moped;3
2007;25 t/m 29;Motor/scooter;Motorcycle;10
2007;25 t/m 29;Auto (bestuurder);Car (driver);19
2007;25 t/m 29;Auto (passagier);Car (passenger);14
2007;25 t/m 29;Vracht/bestel;Lorry/van;3
2007;30 t/m 34;Lopen;Pedestrian;5
2007;30 t/m 34;Fiets;Bicycle;3
2007;30 t/m 34;Brom/snorfiets;Moped;1
2007;30 t/m 34;Motor/scooter;Motorcycle;3
2007;30 t/m 34;Auto (bestuurder);Car (driver);20
2007;30 t/m 34;Auto (passagier);Car (passenger);8
2007;30 t/m 34;Vracht/bestel;Lorry/van;6
2007;35 t/m 39;Lopen;Pedestrian;5
2007;35 t/m 39;Fiets;Bicycle;2
2007;35 t/m 39;Brom/snorfiets;Moped;3
2007;35 t/m 39;Motor/scooter;Motorcycle;9
2007;35 t/m 39;Auto (bestuurder);Car (driver);21
2007;35 t/m 39;Auto (passagier);Car (passenger);2
2007;35 t/m 39;Vracht/bestel;Lorry/van;4
2007;40 t/m 44;Lopen;Pedestrian;1
2007;40 t/m 44;Fiets;Bicycle;9
2007;40 t/m 44;Brom/snorfiets;Moped;2
2007;40 t/m 44;Motor/scooter;Motorcycle;7
2007;40 t/m 44;Auto (bestuurder);Car (driver);19
2007;40 t/m 44;Auto (passagier);Car (passenger);3
2007;40 t/m 44;Vracht/bestel;Lorry/van;5
2007;45 t/m 49;Lopen;Pedestrian;3
2007;45 t/m 49;Fiets;Bicycle;2
2007;45 t/m 49;Brom/snorfiets;Moped;1
2007;45 t/m 49;Motor/scooter;Motorcycle;10
2007;45 t/m 49;Auto (bestuurder);Car (driver);10
2007;45 t/m 49;Auto (passagier);Car (passenger);1
2007;45 t/m 49;Vracht/bestel;Lorry/van;3
2007;50 t/m 54;Lopen;Pedestrian;7
2007;50 t/m 54;Fiets;Bicycle;3
2007;50 t/m 54;Brom/snorfiets;Moped;3
2007;50 t/m 54;Motor/scooter;Motorcycle;7
2007;50 t/m 54;Auto (bestuurder);Car (driver);12
2007;50 t/m 54;Auto (passagier);Car (passenger);4
2007;50 t/m 54;Vracht/bestel;Lorry/van;2
2007;55 t/m 59;Lopen;Pedestrian;7
2007;55 t/m 59;Fiets;Bicycle;6
2007;55 t/m 59;Brom/snorfiets;Moped;2
2007;55 t/m 59;Motor/scooter;Motorcycle;4
2007;55 t/m 59;Auto (bestuurder);Car (driver);16
2007;55 t/m 59;Auto (passagier);Car (passenger);1
2007;55 t/m 59;Vracht/bestel;Lorry/van;1
2007;60 t/m 64;Lopen;Pedestrian;8
2007;60 t/m 64;Fiets;Bicycle;6
2007;60 t/m 64;Brom/snorfiets;Moped;2
2007;60 t/m 64;Auto (bestuurder);Car (driver);8
2007;60 t/m 64;Auto (passagier);Car (passenger);1
2007;60 t/m 64;Vracht/bestel;Lorry/van;2
2007;60 t/m 64;Overig;Other;1
2007;65 t/m 69;Lopen;Pedestrian;4
2007;65 t/m 69;Fiets;Bicycle;9
2007;65 t/m 69;Brom/snorfiets;Moped;3
2007;65 t/m 69;Motor/scooter;Motorcycle;1
2007;65 t/m 69;Auto (bestuurder);Car (driver);6
2007;65 t/m 69;Auto (passagier);Car (passenger);7
2007;65 t/m 69;Vracht/bestel;Lorry/van;2
2007;65 t/m 69;Overig;Other;1
2007;70 t/m 74;Lopen;Pedestrian;3
2007;70 t/m 74;Fiets;Bicycle;15
2007;70 t/m 74;Brom/snorfiets;Moped;2
2007;70 t/m 74;Auto (bestuurder);Car (driver);6
2007;70 t/m 74;Auto (passagier);Car (passenger);4
2007;70 t/m 74;Overig;Other;2
2007;75+;Lopen;Pedestrian;21
2007;75+;Fiets;Bicycle;49
2007;75+;Brom/snorfiets;Moped;7
2007;75+;Auto (bestuurder);Car (driver);22
2007;75+;Auto (passagier);Car (passenger);10
2007;75+;Vracht/bestel;Lorry/van;4
2007;75+;Overig;Other;3
2008;0 t/m 4;Lopen;Pedestrian;1
2008;0 t/m 4;Auto (passagier);Car (passenger);3
2008;5 t/m 9;Lopen;Pedestrian;1
2008;5 t/m 9;Fiets;Bicycle;2
2008;5 t/m 9;Auto (passagier);Car (passenger);1
2008;10 t/m 14;Lopen;Pedestrian;1
2008;10 t/m 14;Fiets;Bicycle;11
2008;10 t/m 14;Auto (passagier);Car (passenger);2
2008;10 t/m 14;Vracht/bestel;Lorry/van;1
2008;15 t/m 19;Lopen;Pedestrian;4
2008;15 t/m 19;Fiets;Bicycle;12
2008;15 t/m 19;Brom/snorfiets;Moped;18
2008;15 t/m 19;Motor/scooter;Motorcycle;2
2008;15 t/m 19;Auto (bestuurder);Car (driver);15
2008;15 t/m 19;Auto (passagier);Car (passenger);14
2008;20 t/m 24;Lopen;Pedestrian;3
2008;20 t/m 24;Fiets;Bicycle;3
2008;20 t/m 24;Brom/snorfiets;Moped;4
2008;20 t/m 24;Motor/scooter;Motorcycle;8
2008;20 t/m 24;Auto (bestuurder);Car (driver);45
2008;20 t/m 24;Auto (passagier);Car (passenger);8
2008;20 t/m 24;Vracht/bestel;Lorry/van;3
2008;25 t/m 29;Lopen;Pedestrian;1
2008;25 t/m 29;Fiets;Bicycle;4
2008;25 t/m 29;Brom/snorfiets;Moped;2
2008;25 t/m 29;Motor/scooter;Motorcycle;9
2008;25 t/m 29;Auto (bestuurder);Car (driver);27
2008;25 t/m 29;Auto (passagier);Car (passenger);6
2008;25 t/m 29;Vracht/bestel;Lorry/van;4
2008;30 t/m 34;Lopen;Pedestrian;3
2008;30 t/m 34;Fiets;Bicycle;2
2008;30 t/m 34;Brom/snorfiets;Moped;3
2008;30 t/m 34;Motor/scooter;Motorcycle;5
2008;30 t/m 34;Auto (bestuurder);Car (driver);26
2008;30 t/m 34;Auto (passagier);Car (passenger);6
2008;30 t/m 34;Vracht/bestel;Lorry/van;4
2008;30 t/m 34;Bus (OV);Bus (public transport);1
2008;35 t/m 39;Lopen;Pedestrian;1
2008;35 t/m 39;Fiets;Bicycle;3
2008;35 t/m 39;Brom/snorfiets;Moped;2
2008;35 t/m 39;Motor/scooter;Motorcycle;8
2008;35 t/m 39;Auto (bestuurder);Car (driver);19
2008;35 t/m 39;Auto (passagier);Car (passenger);4
2008;35 t/m 39;Vracht/bestel;Lorry/van;3
2008;35 t/m 39;Bus (OV);Bus (public transport);1
2008;40 t/m 44;Lopen;Pedestrian;6
2008;40 t/m 44;Fiets;Bicycle;1
2008;40 t/m 44;Brom/snorfiets;Moped;3
2008;40 t/m 44;Motor/scooter;Motorcycle;11
2008;40 t/m 44;Auto (bestuurder);Car (driver);14
2008;40 t/m 44;Auto (passagier);Car (passenger);5
2008;40 t/m 44;Vracht/bestel;Lorry/van;5
2008;40 t/m 44;Overig;Other;1
2008;45 t/m 49;Lopen;Pedestrian;3
2008;45 t/m 49;Fiets;Bicycle;11
2008;45 t/m 49;Brom/snorfiets;Moped;1
2008;45 t/m 49;Motor/scooter;Motorcycle;8
2008;45 t/m 49;Auto (bestuurder);Car (driver);9
2008;45 t/m 49;Auto (passagier);Car (passenger);1
2008;45 t/m 49;Vracht/bestel;Lorry/van;4
2008;45 t/m 49;Overig;Other;1
2008;50 t/m 54;Lopen;Pedestrian;5
2008;50 t/m 54;Fiets;Bicycle;6
2008;50 t/m 54;Brom/snorfiets;Moped;4
2008;50 t/m 54;Motor/scooter;Motorcycle;12
2008;50 t/m 54;Auto (bestuurder);Car (driver);15
2008;50 t/m 54;Auto (passagier);Car (passenger);4
2008;50 t/m 54;Vracht/bestel;Lorry/van;4
2008;55 t/m 59;Lopen;Pedestrian;2
2008;55 t/m 59;Fiets;Bicycle;9
2008;55 t/m 59;Brom/snorfiets;Moped;1
2008;55 t/m 59;Motor/scooter;Motorcycle;2
2008;55 t/m 59;Auto (bestuurder);Car (driver);10
2008;55 t/m 59;Vracht/bestel;Lorry/van;6
2008;55 t/m 59;Overig;Other;2
2008;60 t/m 64;Lopen;Pedestrian;3
2008;60 t/m 64;Fiets;Bicycle;12
2008;60 t/m 64;Brom/snorfiets;Moped;1
2008;60 t/m 64;Auto (bestuurder);Car (driver);11
2008;60 t/m 64;Auto (passagier);Car (passenger);2
2008;60 t/m 64;Vracht/bestel;Lorry/van;1
2008;60 t/m 64;Bus (OV);Bus (public transport);1
2008;65 t/m 69;Lopen;Pedestrian;3
2008;65 t/m 69;Fiets;Bicycle;11
2008;65 t/m 69;Brom/snorfiets;Moped;1
2008;65 t/m 69;Motor/scooter;Motorcycle;2
2008;65 t/m 69;Auto (bestuurder);Car (driver);6
2008;65 t/m 69;Auto (passagier);Car (passenger);3
2008;65 t/m 69;Vracht/bestel;Lorry/van;2
2008;70 t/m 74;Lopen;Pedestrian;7
2008;70 t/m 74;Fiets;Bicycle;16
2008;70 t/m 74;Brom/snorfiets;Moped;4
2008;70 t/m 74;Auto (bestuurder);Car (driver);3
2008;70 t/m 74;Auto (passagier);Car (passenger);8
2008;70 t/m 74;Overig;Other;1
2008;75+;Lopen;Pedestrian;12
2008;75+;Fiets;Bicycle;42
2008;75+;Brom/snorfiets;Moped;7
2008;75+;Auto (bestuurder);Car (driver);21
2008;75+;Auto (passagier);Car (passenger);14
2008;75+;Vracht/bestel;Lorry/van;1
2008;75+;Overig;Other;10
2009;0 t/m 4;Lopen;Pedestrian;1
2009;0 t/m 4;Auto (passagier);Car (passenger);1
2009;5 t/m 9;Lopen;Pedestrian;2
2009;5 t/m 9;Fiets;Bicycle;3
2009;10 t/m 14;Lopen;Pedestrian;4
2009;10 t/m 14;Fiets;Bicycle;12
2009;15 t/m 19;Lopen;Pedestrian;5
2009;15 t/m 19;Fiets;Bicycle;10
2009;15 t/m 19;Brom/snorfiets;Moped;14
2009;15 t/m 19;Motor/scooter;Motorcycle;1
2009;15 t/m 19;Auto (bestuurder);Car (driver);15
2009;15 t/m 19;Auto (passagier);Car (passenger);20
2009;15 t/m 19;Vracht/bestel;Lorry/van;3
2009;20 t/m 24;Lopen;Pedestrian;4
2009;20 t/m 24;Fiets;Bicycle;7
2009;20 t/m 24;Brom/snorfiets;Moped;5
2009;20 t/m 24;Motor/scooter;Motorcycle;16
2009;20 t/m 24;Auto (bestuurder);Car (driver);35
2009;20 t/m 24;Auto (passagier);Car (passenger);13
2009;20 t/m 24;Vracht/bestel;Lorry/van;4
2009;25 t/m 29;Lopen;Pedestrian;3
2009;25 t/m 29;Brom/snorfiets;Moped;2
2009;25 t/m 29;Motor/scooter;Motorcycle;7
2009;25 t/m 29;Auto (bestuurder);Car (driver);27
2009;25 t/m 29;Auto (passagier);Car (passenger);6
2009;25 t/m 29;Vracht/bestel;Lorry/van;3
2009;30 t/m 34;Lopen;Pedestrian;1
2009;30 t/m 34;Fiets;Bicycle;4
2009;30 t/m 34;Motor/scooter;Motorcycle;8
2009;30 t/m 34;Auto (bestuurder);Car (driver);14
2009;30 t/m 34;Auto (passagier);Car (passenger);2
2009;30 t/m 34;Vracht/bestel;Lorry/van;2
2009;30 t/m 34;Overig;Other;1
2009;35 t/m 39;Lopen;Pedestrian;3
2009;35 t/m 39;Fiets;Bicycle;3
2009;35 t/m 39;Brom/snorfiets;Moped;1
2009;35 t/m 39;Motor/scooter;Motorcycle;13
2009;35 t/m 39;Auto (bestuurder);Car (driver);20
2009;35 t/m 39;Auto (passagier);Car (passenger);4
2009;35 t/m 39;Vracht/bestel;Lorry/van;4
2009;35 t/m 39;Overig;Other;1
2009;40 t/m 44;Lopen;Pedestrian;3
2009;40 t/m 44;Fiets;Bicycle;3
2009;40 t/m 44;Brom/snorfiets;Moped;1
2009;40 t/m 44;Motor/scooter;Motorcycle;4
2009;40 t/m 44;Auto (bestuurder);Car (driver);13
2009;40 t/m 44;Auto (passagier);Car (passenger);2
2009;45 t/m 49;Lopen;Pedestrian;3
2009;45 t/m 49;Fiets;Bicycle;3
2009;45 t/m 49;Brom/snorfiets;Moped;5
2009;45 t/m 49;Motor/scooter;Motorcycle;5
2009;45 t/m 49;Auto (bestuurder);Car (driver);12
2009;45 t/m 49;Auto (passagier);Car (passenger);4
2009;45 t/m 49;Vracht/bestel;Lorry/van;3
2009;45 t/m 49;Overig;Other;1
2009;50 t/m 54;Lopen;Pedestrian;1
2009;50 t/m 54;Fiets;Bicycle;8
2009;50 t/m 54;Brom/snorfiets;Moped;1
2009;50 t/m 54;Motor/scooter;Motorcycle;5
2009;50 t/m 54;Auto (bestuurder);Car (driver);14
2009;50 t/m 54;Vracht/bestel;Lorry/van;4
2009;50 t/m 54;Overig;Other;1
2009;55 t/m 59;Lopen;Pedestrian;4
2009;55 t/m 59;Fiets;Bicycle;7
2009;55 t/m 59;Brom/snorfiets;Moped;1
2009;55 t/m 59;Motor/scooter;Motorcycle;4
2009;55 t/m 59;Auto (bestuurder);Car (driver);8
2009;55 t/m 59;Auto (passagier);Car (passenger);1
2009;55 t/m 59;Vracht/bestel;Lorry/van;1
2009;60 t/m 64;Lopen;Pedestrian;2
2009;60 t/m 64;Fiets;Bicycle;8
2009;60 t/m 64;Brom/snorfiets;Moped;2
2009;60 t/m 64;Motor/scooter;Motorcycle;2
2009;60 t/m 64;Auto (bestuurder);Car (driver);10
2009;60 t/m 64;Auto (passagier);Car (passenger);3
2009;60 t/m 64;Vracht/bestel;Lorry/van;3
2009;60 t/m 64;Overig;Other;1
2009;65 t/m 69;Lopen;Pedestrian;3
2009;65 t/m 69;Fiets;Bicycle;18
2009;65 t/m 69;Brom/snorfiets;Moped;2
2009;65 t/m 69;Motor/scooter;Motorcycle;3
2009;65 t/m 69;Auto (bestuurder);Car (driver);3
2009;65 t/m 69;Auto (passagier);Car (passenger);4
2009;70 t/m 74;Lopen;Pedestrian;4
2009;70 t/m 74;Fiets;Bicycle;13
2009;70 t/m 74;Brom/snorfiets;Moped;2
2009;70 t/m 74;Auto (bestuurder);Car (driver);10
2009;70 t/m 74;Auto (passagier);Car (passenger);1
2009;75+;Lopen;Pedestrian;20
2009;75+;Fiets;Bicycle;39
2009;75+;Brom/snorfiets;Moped;11
2009;75+;Auto (bestuurder);Car (driver);28
2009;75+;Auto (passagier);Car (passenger);18
2009;75+;Vracht/bestel;Lorry/van;1
2009;75+;Overig;Other;7
2010;0 t/m 4;Lopen;Pedestrian;1
2010;0 t/m 4;Fiets;Bicycle;1
2010;0 t/m 4;Auto (passagier);Car (passenger);1
2010;5 t/m 9;Fiets;Bicycle;1
2010;5 t/m 9;Auto (passagier);Car (passenger);3
2010;10 t/m 14;Lopen;Pedestrian;2
2010;10 t/m 14;Fiets;Bicycle;7
2010;15 t/m 19;Lopen;Pedestrian;1
2010;15 t/m 19;Fiets;Bicycle;10
2010;15 t/m 19;Brom/snorfiets;Moped;10
2010;15 t/m 19;Motor/scooter;Motorcycle;2
2010;15 t/m 19;Auto (bestuurder);Car (driver);9
2010;15 t/m 19;Auto (passagier);Car (passenger);10
2010;15 t/m 19;Vracht/bestel;Lorry/van;3
2010;15 t/m 19;Overig;Other;1
2010;20 t/m 24;Lopen;Pedestrian;2
2010;20 t/m 24;Fiets;Bicycle;7
2010;20 t/m 24;Brom/snorfiets;Moped;4
2010;20 t/m 24;Motor/scooter;Motorcycle;9
2010;20 t/m 24;Auto (bestuurder);Car (driver);26
2010;20 t/m 24;Auto (passagier);Car (passenger);12
2010;20 t/m 24;Vracht/bestel;Lorry/van;4
2010;25 t/m 29;Lopen;Pedestrian;5
2010;25 t/m 29;Brom/snorfiets;Moped;1
2010;25 t/m 29;Motor/scooter;Motorcycle;6
2010;25 t/m 29;Auto (bestuurder);Car (driver);19
2010;25 t/m 29;Auto (passagier);Car (passenger);4
2010;25 t/m 29;Vracht/bestel;Lorry/van;2
2010;25 t/m 29;Overig;Other;1
2010;30 t/m 34;Lopen;Pedestrian;4
2010;30 t/m 34;Fiets;Bicycle;3
2010;30 t/m 34;Brom/snorfiets;Moped;2
2010;30 t/m 34;Motor/scooter;Motorcycle;7
2010;30 t/m 34;Auto (bestuurder);Car (driver);16
2010;30 t/m 34;Auto (passagier);Car (passenger);5
2010;30 t/m 34;Vracht/bestel;Lorry/van;2
2010;35 t/m 39;Lopen;Pedestrian;1
2010;35 t/m 39;Fiets;Bicycle;2
2010;35 t/m 39;Brom/snorfiets;Moped;1
2010;35 t/m 39;Motor/scooter;Motorcycle;4
2010;35 t/m 39;Auto (bestuurder);Car (driver);16
2010;35 t/m 39;Auto (passagier);Car (passenger);1
2010;35 t/m 39;Vracht/bestel;Lorry/van;1
2010;40 t/m 44;Lopen;Pedestrian;5
2010;40 t/m 44;Fiets;Bicycle;2
2010;40 t/m 44;Brom/snorfiets;Moped;1
2010;40 t/m 44;Motor/scooter;Motorcycle;9
2010;40 t/m 44;Auto (bestuurder);Car (driver);7
2010;40 t/m 44;Auto (passagier);Car (passenger);4
2010;40 t/m 44;Vracht/bestel;Lorry/van;3
2010;40 t/m 44;Overig;Other;1
2010;45 t/m 49;Lopen;Pedestrian;2
2010;45 t/m 49;Fiets;Bicycle;6
2010;45 t/m 49;Brom/snorfiets;Moped;2
2010;45 t/m 49;Motor/scooter;Motorcycle;5
2010;45 t/m 49;Auto (bestuurder);Car (driver);16
2010;45 t/m 49;Auto (passagier);Car (passenger);3
2010;45 t/m 49;Vracht/bestel;Lorry/van;2
2010;50 t/m 54;Lopen;Pedestrian;6
2010;50 t/m 54;Fiets;Bicycle;3
2010;50 t/m 54;Motor/scooter;Motorcycle;9
2010;50 t/m 54;Auto (bestuurder);Car (driver);6
2010;50 t/m 54;Auto (passagier);Car (passenger);1
2010;50 t/m 54;Vracht/bestel;Lorry/van;4
2010;50 t/m 54;Overig;Other;1
2010;55 t/m 59;Lopen;Pedestrian;4
2010;55 t/m 59;Fiets;Bicycle;9
2010;55 t/m 59;Brom/snorfiets;Moped;1
2010;55 t/m 59;Motor/scooter;Motorcycle;6
2010;55 t/m 59;Auto (bestuurder);Car (driver);9
2010;55 t/m 59;Overig;Other;1
2010;60 t/m 64;Lopen;Pedestrian;4
2010;60 t/m 64;Fiets;Bicycle;6
2010;60 t/m 64;Brom/snorfiets;Moped;2
2010;60 t/m 64;Motor/scooter;Motorcycle;2
2010;60 t/m 64;Auto (bestuurder);Car (driver);5
2010;60 t/m 64;Auto (passagier);Car (passenger);3
2010;60 t/m 64;Vracht/bestel;Lorry/van;3
2010;60 t/m 64;Bus (OV);Bus (public transport);1
2010;65 t/m 69;Fiets;Bicycle;8
2010;65 t/m 69;Brom/snorfiets;Moped;5
2010;65 t/m 69;Auto (bestuurder);Car (driver);5
2010;65 t/m 69;Auto (passagier);Car (passenger);2
2010;65 t/m 69;Vracht/bestel;Lorry/van;1
2010;70 t/m 74;Fiets;Bicycle;14
2010;70 t/m 74;Brom/snorfiets;Moped;1
2010;70 t/m 74;Motor/scooter;Motorcycle;1
2010;70 t/m 74;Auto (bestuurder);Car (driver);6
2010;70 t/m 74;Auto (passagier);Car (passenger);1
2010;70 t/m 74;Overig;Other;2
2010;75+;Lopen;Pedestrian;25
2010;75+;Fiets;Bicycle;40
2010;75+;Brom/snorfiets;Moped;3
2010;75+;Auto (bestuurder);Car (driver);25
2010;75+;Auto (passagier);Car (passenger);4
2010;75+;Vracht/bestel;Lorry/van;1
2010;75+;Overig;Other;10
2011;0 t/m 4;Fiets;Bicycle;1
2011;0 t/m 4;Auto (passagier);Car (passenger);2
2011;0 t/m 4;Overig;Other;1
2011;5 t/m 9;Lopen;Pedestrian;1
2011;5 t/m 9;Fiets;Bicycle;2
2011;10 t/m 14;Lopen;Pedestrian;2
2011;10 t/m 14;Fiets;Bicycle;7
2011;10 t/m 14;Brom/snorfiets;Moped;1
2011;10 t/m 14;Auto (passagier);Car (passenger);1
2011;15 t/m 19;Lopen;Pedestrian;4
2011;15 t/m 19;Fiets;Bicycle;11
2011;15 t/m 19;Brom/snorfiets;Moped;12
2011;15 t/m 19;Auto (bestuurder);Car (driver);10
2011;15 t/m 19;Auto (passagier);Car (passenger);6
2011;15 t/m 19;Overig;Other;1
2011;20 t/m 24;Lopen;Pedestrian;5
2011;20 t/m 24;Fiets;Bicycle;3
2011;20 t/m 24;Brom/snorfiets;Moped;2
2011;20 t/m 24;Motor/scooter;Motorcycle;13
2011;20 t/m 24;Auto (bestuurder);Car (driver);27
2011;20 t/m 24;Auto (passagier);Car (passenger);9
2011;20 t/m 24;Vracht/bestel;Lorry/van;1
2011;20 t/m 24;Overig;Other;1
2011;25 t/m 29;Lopen;Pedestrian;3
2011;25 t/m 29;Fiets;Bicycle;6
2011;25 t/m 29;Brom/snorfiets;Moped;1
2011;25 t/m 29;Motor/scooter;Motorcycle;6
2011;25 t/m 29;Auto (bestuurder);Car (driver);15
2011;25 t/m 29;Auto (passagier);Car (passenger);3
2011;25 t/m 29;Vracht/bestel;Lorry/van;1
2011;25 t/m 29;Overig;Other;1
2011;30 t/m 34;Lopen;Pedestrian;2
2011;30 t/m 34;Fiets;Bicycle;1
2011;30 t/m 34;Brom/snorfiets;Moped;1
2011;30 t/m 34;Motor/scooter;Motorcycle;4
2011;30 t/m 34;Auto (bestuurder);Car (driver);17
2011;30 t/m 34;Auto (passagier);Car (passenger);1
2011;30 t/m 34;Vracht/bestel;Lorry/van;4
2011;35 t/m 39;Lopen;Pedestrian;5
2011;35 t/m 39;Fiets;Bicycle;1
2011;35 t/m 39;Brom/snorfiets;Moped;2
2011;35 t/m 39;Motor/scooter;Motorcycle;4
2011;35 t/m 39;Auto (bestuurder);Car (driver);9
2011;35 t/m 39;Auto (passagier);Car (passenger);4
2011;35 t/m 39;Vracht/bestel;Lorry/van;3
2011;40 t/m 44;Lopen;Pedestrian;1
2011;40 t/m 44;Fiets;Bicycle;3
2011;40 t/m 44;Brom/snorfiets;Moped;2
2011;40 t/m 44;Motor/scooter;Motorcycle;5
2011;40 t/m 44;Auto (bestuurder);Car (driver);12
2011;40 t/m 44;Auto (passagier);Car (passenger);2
2011;40 t/m 44;Vracht/bestel;Lorry/van;4
2011;40 t/m 44;Overig;Other;1
2011;45 t/m 49;Fiets;Bicycle;5
2011;45 t/m 49;Brom/snorfiets;Moped;2
2011;45 t/m 49;Motor/scooter;Motorcycle;5
2011;45 t/m 49;Auto (bestuurder);Car (driver);12
2011;45 t/m 49;Auto (passagier);Car (passenger);2
2011;45 t/m 49;Vracht/bestel;Lorry/van;1
2011;45 t/m 49;Overig;Other;1
2011;50 t/m 54;Lopen;Pedestrian;3
2011;50 t/m 54;Fiets;Bicycle;2
2011;50 t/m 54;Brom/snorfiets;Moped;2
2011;50 t/m 54;Motor/scooter;Motorcycle;8
2011;50 t/m 54;Auto (bestuurder);Car (driver);7
2011;50 t/m 54;Auto (passagier);Car (passenger);2
2011;50 t/m 54;Overig;Other;1
2011;55 t/m 59;Lopen;Pedestrian;4
2011;55 t/m 59;Fiets;Bicycle;13
2011;55 t/m 59;Brom/snorfiets;Moped;2
2011;55 t/m 59;Motor/scooter;Motorcycle;3
2011;55 t/m 59;Auto (bestuurder);Car (driver);7
2011;55 t/m 59;Auto (passagier);Car (passenger);1
2011;55 t/m 59;Vracht/bestel;Lorry/van;2
2011;55 t/m 59;Overig;Other;2
2011;60 t/m 64;Lopen;Pedestrian;3
2011;60 t/m 64;Fiets;Bicycle;7
2011;60 t/m 64;Brom/snorfiets;Moped;2
2011;60 t/m 64;Motor/scooter;Motorcycle;1
2011;60 t/m 64;Auto (bestuurder);Car (driver);8
2011;60 t/m 64;Auto (passagier);Car (passenger);1
2011;60 t/m 64;Vracht/bestel;Lorry/van;2
2011;65 t/m 69;Lopen;Pedestrian;1
2011;65 t/m 69;Fiets;Bicycle;17
2011;65 t/m 69;Brom/snorfiets;Moped;2
2011;65 t/m 69;Motor/scooter;Motorcycle;1
2011;65 t/m 69;Auto (bestuurder);Car (driver);3
2011;65 t/m 69;Auto (passagier);Car (passenger);3
2011;65 t/m 69;Vracht/bestel;Lorry/van;3
2011;65 t/m 69;Overig;Other;2
2011;70 t/m 74;Lopen;Pedestrian;3
2011;70 t/m 74;Fiets;Bicycle;13
2011;70 t/m 74;Brom/snorfiets;Moped;3
2011;70 t/m 74;Auto (bestuurder);Car (driver);8
2011;70 t/m 74;Auto (passagier);Car (passenger);4
2011;70 t/m 74;Overig;Other;1
2011;75+;Lopen;Pedestrian;28
2011;75+;Fiets;Bicycle;52
2011;75+;Brom/snorfiets;Moped;3
2011;75+;Auto (bestuurder);Car (driver);22
2011;75+;Auto (passagier);Car (passenger);11
2011;75+;Overig;Other;8
2012;0 t/m 4;Lopen;Pedestrian;2
2012;0 t/m 4;Fiets;Bicycle;2
2012;0 t/m 4;Auto (passagier);Car (passenger);1
2012;5 t/m 9;Lopen;Pedestrian;2
2012;5 t/m 9;Fiets;Bicycle;1
2012;5 t/m 9;Auto (passagier);Car (passenger);4
2012;10 t/m 14;Fiets;Bicycle;10
2012;10 t/m 14;Auto (passagier);Car (passenger);1
2012;10 t/m 14;Vracht/bestel;Lorry/van;1
2012;15 t/m 19;Lopen;Pedestrian;4
2012;15 t/m 19;Fiets;Bicycle;7
2012;15 t/m 19;Brom/snorfiets;Moped;4
2012;15 t/m 19;Auto (bestuurder);Car (driver);6
2012;15 t/m 19;Auto (passagier);Car (passenger);5
2012;20 t/m 24;Lopen;Pedestrian;5
2012;20 t/m 24;Fiets;Bicycle;2
2012;20 t/m 24;Brom/snorfiets;Moped;2
2012;20 t/m 24;Motor/scooter;Motorcycle;8
2012;20 t/m 24;Auto (bestuurder);Car (driver);31
2012;20 t/m 24;Auto (passagier);Car (passenger);12
2012;20 t/m 24;Vracht/bestel;Lorry/van;2
2012;20 t/m 24;Overig;Other;1
2012;25 t/m 29;Lopen;Pedestrian;1
2012;25 t/m 29;Fiets;Bicycle;1
2012;25 t/m 29;Brom/snorfiets;Moped;5
2012;25 t/m 29;Motor/scooter;Motorcycle;3
2012;25 t/m 29;Auto (bestuurder);Car (driver);20
2012;25 t/m 29;Auto (passagier);Car (passenger);5
2012;25 t/m 29;Vracht/bestel;Lorry/van;4
2012;25 t/m 29;Bus (OV);Bus (public transport);1
2012;25 t/m 29;Overig;Other;1
2012;30 t/m 34;Lopen;Pedestrian;6
2012;30 t/m 34;Fiets;Bicycle;2
2012;30 t/m 34;Brom/snorfiets;Moped;1
2012;30 t/m 34;Motor/scooter;Motorcycle;7
2012;30 t/m 34;Auto (bestuurder);Car (driver);9
2012;30 t/m 34;Auto (passagier);Car (passenger);3
2012;30 t/m 34;Vracht/bestel;Lorry/van;4
2012;35 t/m 39;Lopen;Pedestrian;2
2012;35 t/m 39;Fiets;Bicycle;2
2012;35 t/m 39;Brom/snorfiets;Moped;2
2012;35 t/m 39;Motor/scooter;Motorcycle;6
2012;35 t/m 39;Auto (bestuurder);Car (driver);12
2012;35 t/m 39;Auto (passagier);Car (passenger);3
2012;35 t/m 39;Vracht/bestel;Lorry/van;1
2012;35 t/m 39;Overig;Other;1
2012;40 t/m 44;Lopen;Pedestrian;3
2012;40 t/m 44;Fiets;Bicycle;8
2012;40 t/m 44;Brom/snorfiets;Moped;3
2012;40 t/m 44;Motor/scooter;Motorcycle;7
2012;40 t/m 44;Auto (bestuurder);Car (driver);15
2012;40 t/m 44;Auto (passagier);Car (passenger);2
2012;45 t/m 49;Lopen;Pedestrian;1
2012;45 t/m 49;Fiets;Bicycle;3
2012;45 t/m 49;Brom/snorfiets;Moped;2
2012;45 t/m 49;Motor/scooter;Motorcycle;8
2012;45 t/m 49;Auto (bestuurder);Car (driver);12
2012;45 t/m 49;Auto (passagier);Car (passenger);1
2012;45 t/m 49;Vracht/bestel;Lorry/van;3
2012;45 t/m 49;Overig;Other;1
2012;50 t/m 54;Lopen;Pedestrian;2
2012;50 t/m 54;Fiets;Bicycle;3
2012;50 t/m 54;Brom/snorfiets;Moped;4
2012;50 t/m 54;Motor/scooter;Motorcycle;8
2012;50 t/m 54;Auto (bestuurder);Car (driver);11
2012;50 t/m 54;Auto (passagier);Car (passenger);2
2012;50 t/m 54;Vracht/bestel;Lorry/van;2
2012;55 t/m 59;Lopen;Pedestrian;5
2012;55 t/m 59;Fiets;Bicycle;2
2012;55 t/m 59;Brom/snorfiets;Moped;6
2012;55 t/m 59;Motor/scooter;Motorcycle;3
2012;55 t/m 59;Auto (bestuurder);Car (driver);10
2012;55 t/m 59;Auto (passagier);Car (passenger);1
2012;55 t/m 59;Vracht/bestel;Lorry/van;1
2012;55 t/m 59;Overig;Other;1
2012;60 t/m 64;Lopen;Pedestrian;3
2012;60 t/m 64;Fiets;Bicycle;9
2012;60 t/m 64;Brom/snorfiets;Moped;2
2012;60 t/m 64;Motor/scooter;Motorcycle;1
2012;60 t/m 64;Auto (bestuurder);Car (driver);7
2012;60 t/m 64;Auto (passagier);Car (passenger);1
2012;60 t/m 64;Vracht/bestel;Lorry/van;4
2012;60 t/m 64;Overig;Other;3
2012;65 t/m 69;Lopen;Pedestrian;3
2012;65 t/m 69;Fiets;Bicycle;11
2012;65 t/m 69;Brom/snorfiets;Moped;3
2012;65 t/m 69;Auto (bestuurder);Car (driver);8
2012;65 t/m 69;Auto (passagier);Car (passenger);2
2012;65 t/m 69;Vracht/bestel;Lorry/van;1
2012;65 t/m 69;Overig;Other;1
2012;70 t/m 74;Lopen;Pedestrian;8
2012;70 t/m 74;Fiets;Bicycle;16
2012;70 t/m 74;Brom/snorfiets;Moped;3
2012;70 t/m 74;Motor/scooter;Motorcycle;1
2012;70 t/m 74;Auto (bestuurder);Car (driver);10
2012;70 t/m 74;Auto (passagier);Car (passenger);3
2012;70 t/m 74;Overig;Other;1
2012;75+;Lopen;Pedestrian;17
2012;75+;Fiets;Bicycle;66
2012;75+;Brom/snorfiets;Moped;3
2012;75+;Motor/scooter;Motorcycle;1
2012;75+;Auto (bestuurder);Car (driver);15
2012;75+;Auto (passagier);Car (passenger);6
2012;75+;Overig;Other;8
2013;0 t/m 4;Lopen;Pedestrian;1
2013;0 t/m 4;Overig;Other;1
2013;5 t/m 9;Lopen;Pedestrian;2
2013;5 t/m 9;Fiets;Bicycle;1
2013;10 t/m 14;Fiets;Bicycle;3
2013;15 t/m 19;Lopen;Pedestrian;1
2013;15 t/m 19;Fiets;Bicycle;8
2013;15 t/m 19;Brom/snorfiets;Moped;7
2013;15 t/m 19;Motor/scooter;Motorcycle;2
2013;15 t/m 19;Auto (bestuurder);Car (driver);13
2013;15 t/m 19;Auto (passagier);Car (passenger);8
2013;15 t/m 19;Vracht/bestel;Lorry/van;1
2013;20 t/m 24;Lopen;Pedestrian;2
2013;20 t/m 24;Fiets;Bicycle;5
2013;20 t/m 24;Brom/snorfiets;Moped;4
2013;20 t/m 24;Motor/scooter;Motorcycle;5
2013;20 t/m 24;Auto (bestuurder);Car (driver);26
2013;20 t/m 24;Auto (passagier);Car (passenger);8
2013;20 t/m 24;Vracht/bestel;Lorry/van;5
2013;25 t/m 29;Lopen;Pedestrian;1
2013;25 t/m 29;Fiets;Bicycle;4
2013;25 t/m 29;Brom/snorfiets;Moped;7
2013;25 t/m 29;Motor/scooter;Motorcycle;6
2013;25 t/m 29;Auto (bestuurder);Car (driver);22
2013;25 t/m 29;Auto (passagier);Car (passenger);3
2013;25 t/m 29;Vracht/bestel;Lorry/van;2
2013;30 t/m 34;Lopen;Pedestrian;2
2013;30 t/m 34;Brom/snorfiets;Moped;3
2013;30 t/m 34;Motor/scooter;Motorcycle;3
2013;30 t/m 34;Auto (bestuurder);Car (driver);7
2013;30 t/m 34;Auto (passagier);Car (passenger);4
2013;30 t/m 34;Vracht/bestel;Lorry/van;1
2013;35 t/m 39;Lopen;Pedestrian;2
2013;35 t/m 39;Fiets;Bicycle;4
2013;35 t/m 39;Motor/scooter;Motorcycle;1
2013;35 t/m 39;Auto (bestuurder);Car (driver);8
2013;35 t/m 39;Auto (passagier);Car (passenger);1
2013;40 t/m 44;Fiets;Bicycle;2
2013;40 t/m 44;Brom/snorfiets;Moped;1
2013;40 t/m 44;Motor/scooter;Motorcycle;2
2013;40 t/m 44;Auto (bestuurder);Car (driver);12
2013;40 t/m 44;Auto (passagier);Car (passenger);1
2013;40 t/m 44;Vracht/bestel;Lorry/van;3
2013;45 t/m 49;Lopen;Pedestrian;2
2013;45 t/m 49;Fiets;Bicycle;6
2013;45 t/m 49;Brom/snorfiets;Moped;1
2013;45 t/m 49;Motor/scooter;Motorcycle;2
2013;45 t/m 49;Auto (bestuurder);Car (driver);11
2013;45 t/m 49;Vracht/bestel;Lorry/van;2
2013;50 t/m 54;Lopen;Pedestrian;1
2013;50 t/m 54;Fiets;Bicycle;5
2013;50 t/m 54;Brom/snorfiets;Moped;4
2013;50 t/m 54;Motor/scooter;Motorcycle;3
2013;50 t/m 54;Auto (bestuurder);Car (driver);9
2013;50 t/m 54;Vracht/bestel;Lorry/van;1
2013;50 t/m 54;Overig;Other;1
2013;55 t/m 59;Lopen;Pedestrian;4
2013;55 t/m 59;Fiets;Bicycle;8
2013;55 t/m 59;Brom/snorfiets;Moped;2
2013;55 t/m 59;Motor/scooter;Motorcycle;4
2013;55 t/m 59;Auto (bestuurder);Car (driver);6
2013;55 t/m 59;Auto (passagier);Car (passenger);2
2013;55 t/m 59;Vracht/bestel;Lorry/van;5
2013;55 t/m 59;Overig;Other;2
2013;60 t/m 64;Lopen;Pedestrian;6
2013;60 t/m 64;Fiets;Bicycle;7
2013;60 t/m 64;Brom/snorfiets;Moped;2
2013;60 t/m 64;Auto (bestuurder);Car (driver);7
2013;60 t/m 64;Vracht/bestel;Lorry/van;1
2013;65 t/m 69;Fiets;Bicycle;13
2013;65 t/m 69;Brom/snorfiets;Moped;3
2013;65 t/m 69;Motor/scooter;Motorcycle;1
2013;65 t/m 69;Auto (bestuurder);Car (driver);4
2013;65 t/m 69;Overig;Other;3
2013;70 t/m 74;Lopen;Pedestrian;4
2013;70 t/m 74;Fiets;Bicycle;13
2013;70 t/m 74;Brom/snorfiets;Moped;2
2013;70 t/m 74;Auto (bestuurder);Car (driver);3
2013;70 t/m 74;Auto (passagier);Car (passenger);2
2013;70 t/m 74;Vracht/bestel;Lorry/van;1
2013;70 t/m 74;Overig;Other;2
2013;75+;Lopen;Pedestrian;21
2013;75+;Fiets;Bicycle;49
2013;75+;Brom/snorfiets;Moped;5
2013;75+;Auto (bestuurder);Car (driver);20
2013;75+;Auto (passagier);Car (passenger);5
2013;75+;Overig;Other;13
2013;Onbekend;Lopen;Pedestrian;2
2013;Onbekend;Auto (bestuurder);Car (driver);1
2014;0 t/m 4;Lopen;Pedestrian;1
2014;0 t/m 4;Auto (passagier);Car (passenger);2
2014;5 t/m 9;Lopen;Pedestrian;1
2014;5 t/m 9;Fiets;Bicycle;5
2014;10 t/m 14;Lopen;Pedestrian;1
2014;10 t/m 14;Fiets;Bicycle;8
2014;10 t/m 14;Auto (passagier);Car (passenger);1
2014;15 t/m 19;Lopen;Pedestrian;4
2014;15 t/m 19;Fiets;Bicycle;7
2014;15 t/m 19;Brom/snorfiets;Moped;10
2014;15 t/m 19;Auto (bestuurder);Car (driver);14
2014;15 t/m 19;Auto (passagier);Car (passenger);6
2014;15 t/m 19;Overig;Other;4
2014;20 t/m 24;Lopen;Pedestrian;4
2014;20 t/m 24;Fiets;Bicycle;3
2014;20 t/m 24;Brom/snorfiets;Moped;1
2014;20 t/m 24;Motor/scooter;Motorcycle;4
2014;20 t/m 24;Auto (bestuurder);Car (driver);22
2014;20 t/m 24;Auto (passagier);Car (passenger);4
2014;20 t/m 24;Vracht/bestel;Lorry/van;3
2014;25 t/m 29;Lopen;Pedestrian;4
2014;25 t/m 29;Fiets;Bicycle;2
2014;25 t/m 29;Brom/snorfiets;Moped;3
2014;25 t/m 29;Motor/scooter;Motorcycle;12
2014;25 t/m 29;Auto (bestuurder);Car (driver);11
2014;25 t/m 29;Auto (passagier);Car (passenger);2
2014;25 t/m 29;Vracht/bestel;Lorry/van;2
2014;25 t/m 29;Overig;Other;1
2014;30 t/m 34;Lopen;Pedestrian;1
2014;30 t/m 34;Fiets;Bicycle;3
2014;30 t/m 34;Brom/snorfiets;Moped;1
2014;30 t/m 34;Motor/scooter;Motorcycle;6
2014;30 t/m 34;Auto (bestuurder);Car (driver);20
2014;30 t/m 34;Auto (passagier);Car (passenger);3
2014;30 t/m 34;Vracht/bestel;Lorry/van;1
2014;35 t/m 39;Fiets;Bicycle;1
2014;35 t/m 39;Brom/snorfiets;Moped;1
2014;35 t/m 39;Motor/scooter;Motorcycle;3
2014;35 t/m 39;Auto (bestuurder);Car (driver);2
2014;40 t/m 44;Lopen;Pedestrian;4
2014;40 t/m 44;Fiets;Bicycle;6
2014;40 t/m 44;Brom/snorfiets;Moped;3
2014;40 t/m 44;Motor/scooter;Motorcycle;8
2014;40 t/m 44;Auto (bestuurder);Car (driver);8
2014;40 t/m 44;Vracht/bestel;Lorry/van;1
2014;45 t/m 49;Lopen;Pedestrian;5
2014;45 t/m 49;Fiets;Bicycle;9
2014;45 t/m 49;Brom/snorfiets;Moped;1
2014;45 t/m 49;Motor/scooter;Motorcycle;6
2014;45 t/m 49;Auto (bestuurder);Car (driver);4
2014;45 t/m 49;Auto (passagier);Car (passenger);1
2014;45 t/m 49;Vracht/bestel;Lorry/van;1
2014;50 t/m 54;Lopen;Pedestrian;2
2014;50 t/m 54;Fiets;Bicycle;4
2014;50 t/m 54;Brom/snorfiets;Moped;3
2014;50 t/m 54;Motor/scooter;Motorcycle;2
2014;50 t/m 54;Auto (bestuurder);Car (driver);6
2014;50 t/m 54;Auto (passagier);Car (passenger);3
2014;55 t/m 59;Fiets;Bicycle;6
2014;55 t/m 59;Brom/snorfiets;Moped;3
2014;55 t/m 59;Motor/scooter;Motorcycle;5
2014;55 t/m 59;Auto (bestuurder);Car (driver);6
2014;55 t/m 59;Vracht/bestel;Lorry/van;2
2014;55 t/m 59;Bus (OV);Bus (public transport);1
2014;55 t/m 59;Overig;Other;1
2014;60 t/m 64;Lopen;Pedestrian;3
2014;60 t/m 64;Fiets;Bicycle;5
2014;60 t/m 64;Motor/scooter;Motorcycle;1
2014;60 t/m 64;Auto (bestuurder);Car (driver);7
2014;60 t/m 64;Vracht/bestel;Lorry/van;1
2014;60 t/m 64;Overig;Other;1
2014;65 t/m 69;Lopen;Pedestrian;1
2014;65 t/m 69;Fiets;Bicycle;13
2014;65 t/m 69;Brom/snorfiets;Moped;1
2014;65 t/m 69;Motor/scooter;Motorcycle;2
2014;65 t/m 69;Auto (bestuurder);Car (driver);5
2014;65 t/m 69;Vracht/bestel;Lorry/van;1
2014;70 t/m 74;Lopen;Pedestrian;1
2014;70 t/m 74;Fiets;Bicycle;16
2014;70 t/m 74;Motor/scooter;Motorcycle;1
2014;70 t/m 74;Auto (bestuurder);Car (driver);7
2014;70 t/m 74;Auto (passagier);Car (passenger);3
2014;75+;Lopen;Pedestrian;18
2014;75+;Fiets;Bicycle;45
2014;75+;Brom/snorfiets;Moped;5
2014;75+;Motor/scooter;Motorcycle;1
2014;75+;Auto (bestuurder);Car (driver);28
2014;75+;Auto (passagier);Car (passenger);12
2014;75+;Vracht/bestel;Lorry/van;1
2014;75+;Overig;Other;12
2015;0 t/m 4;Lopen;Pedestrian;1
2015;0 t/m 4;Auto (passagier);Car (passenger);1
2015;0 t/m 4;Vracht/bestel;Lorry/van;1
2015;0 t/m 4;Overig;Other;1
2015;5 t/m 9;Fiets;Bicycle;2
2015;5 t/m 9;Auto (passagier);Car (passenger);1
2015;10 t/m 14;Lopen;Pedestrian;1
2015;10 t/m 14;Fiets;Bicycle;8
2015;10 t/m 14;Brom/snorfiets;Moped;2
2015;10 t/m 14;Motor/scooter;Motorcycle;1
2015;10 t/m 14;Auto (passagier);Car (passenger);1
2015;15 t/m 19;Lopen;Pedestrian;1
2015;15 t/m 19;Fiets;Bicycle;7
2015;15 t/m 19;Brom/snorfiets;Moped;6
2015;15 t/m 19;Motor/scooter;Motorcycle;2
2015;15 t/m 19;Auto (bestuurder);Car (driver);14
2015;15 t/m 19;Auto (passagier);Car (passenger);8
2015;15 t/m 19;Vracht/bestel;Lorry/van;3
2015;15 t/m 19;Overig;Other;2
2015;20 t/m 24;Lopen;Pedestrian;3
2015;20 t/m 24;Fiets;Bicycle;4
2015;20 t/m 24;Brom/snorfiets;Moped;2
2015;20 t/m 24;Motor/scooter;Motorcycle;5
2015;20 t/m 24;Auto (bestuurder);Car (driver);18
2015;20 t/m 24;Auto (passagier);Car (passenger);6
2015;20 t/m 24;Vracht/bestel;Lorry/van;2
2015;20 t/m 24;Overig;Other;2
2015;25 t/m 29;Lopen;Pedestrian;3
2015;25 t/m 29;Fiets;Bicycle;3
2015;25 t/m 29;Brom/snorfiets;Moped;5
2015;25 t/m 29;Motor/scooter;Motorcycle;7
2015;25 t/m 29;Auto (bestuurder);Car (driver);16
2015;25 t/m 29;Auto (passagier);Car (passenger);2
2015;25 t/m 29;Vracht/bestel;Lorry/van;3
2015;30 t/m 34;Lopen;Pedestrian;4
2015;30 t/m 34;Fiets;Bicycle;2
2015;30 t/m 34;Motor/scooter;Motorcycle;2
2015;30 t/m 34;Auto (bestuurder);Car (driver);13
2015;30 t/m 34;Auto (passagier);Car (passenger);2
2015;30 t/m 34;Vracht/bestel;Lorry/van;3
2015;35 t/m 39;Lopen;Pedestrian;3
2015;35 t/m 39;Brom/snorfiets;Moped;4
2015;35 t/m 39;Motor/scooter;Motorcycle;4
2015;35 t/m 39;Auto (bestuurder);Car (driver);11
2015;35 t/m 39;Auto (passagier);Car (passenger);3
2015;40 t/m 44;Lopen;Pedestrian;1
2015;40 t/m 44;Fiets;Bicycle;4
2015;40 t/m 44;Brom/snorfiets;Moped;1
2015;40 t/m 44;Motor/scooter;Motorcycle;4
2015;40 t/m 44;Auto (bestuurder);Car (driver);4
2015;40 t/m 44;Auto (passagier);Car (passenger);2
2015;40 t/m 44;Vracht/bestel;Lorry/van;1
2015;45 t/m 49;Lopen;Pedestrian;4
2015;45 t/m 49;Fiets;Bicycle;3
2015;45 t/m 49;Brom/snorfiets;Moped;2
2015;45 t/m 49;Motor/scooter;Motorcycle;9
2015;45 t/m 49;Auto (bestuurder);Car (driver);12
2015;45 t/m 49;Auto (passagier);Car (passenger);3
2015;45 t/m 49;Vracht/bestel;Lorry/van;2
2015;50 t/m 54;Lopen;Pedestrian;6
2015;50 t/m 54;Fiets;Bicycle;4
2015;50 t/m 54;Brom/snorfiets;Moped;6
2015;50 t/m 54;Motor/scooter;Motorcycle;5
2015;50 t/m 54;Auto (bestuurder);Car (driver);11
2015;50 t/m 54;Vracht/bestel;Lorry/van;7
2015;50 t/m 54;Overig;Other;2
2015;55 t/m 59;Lopen;Pedestrian;9
2015;55 t/m 59;Fiets;Bicycle;4
2015;55 t/m 59;Brom/snorfiets;Moped;1
2015;55 t/m 59;Auto (bestuurder);Car (driver);11
2015;55 t/m 59;Auto (passagier);Car (passenger);2
2015;55 t/m 59;Vracht/bestel;Lorry/van;3
2015;60 t/m 64;Lopen;Pedestrian;4
2015;60 t/m 64;Fiets;Bicycle;11
2015;60 t/m 64;Brom/snorfiets;Moped;1
2015;60 t/m 64;Motor/scooter;Motorcycle;4
2015;60 t/m 64;Auto (bestuurder);Car (driver);15
2015;60 t/m 64;Auto (passagier);Car (passenger);1
2015;60 t/m 64;Overig;Other;1
2015;65 t/m 69;Lopen;Pedestrian;3
2015;65 t/m 69;Fiets;Bicycle;15
2015;65 t/m 69;Brom/snorfiets;Moped;2
2015;65 t/m 69;Auto (bestuurder);Car (driver);7
2015;65 t/m 69;Auto (passagier);Car (passenger);2
2015;65 t/m 69;Overig;Other;2
2015;70 t/m 74;Lopen;Pedestrian;3
2015;70 t/m 74;Fiets;Bicycle;16
2015;70 t/m 74;Brom/snorfiets;Moped;2
2015;70 t/m 74;Auto (bestuurder);Car (driver);4
2015;70 t/m 74;Auto (passagier);Car (passenger);3
2015;70 t/m 74;Bus (OV);Bus (public transport);1
2015;70 t/m 74;Overig;Other;1
2015;75+;Lopen;Pedestrian;14
2015;75+;Fiets;Bicycle;42
2015;75+;Brom/snorfiets;Moped;3
2015;75+;Auto (bestuurder);Car (driver);27
2015;75+;Auto (passagier);Car (passenger);16
2015;75+;Overig;Other;13
2016;0 t/m 4;Lopen;Pedestrian;2
2016;0 t/m 4;Auto (passagier);Car (passenger);3
2016;5 t/m 9;Fiets;Bicycle;1
2016;10 t/m 14;Fiets;Bicycle;5
2016;10 t/m 14;Auto (passagier);Car (passenger);1
2016;15 t/m 19;Lopen;Pedestrian;4
2016;15 t/m 19;Fiets;Bicycle;4
2016;15 t/m 19;Brom/snorfiets;Moped;5
2016;15 t/m 19;Motor/scooter;Motorcycle;1
2016;15 t/m 19;Auto (bestuurder);Car (driver);10
2016;15 t/m 19;Auto (passagier);Car (passenger);5
2016;20 t/m 24;Fiets;Bicycle;7
2016;20 t/m 24;Brom/snorfiets;Moped;2
2016;20 t/m 24;Motor/scooter;Motorcycle;7
2016;20 t/m 24;Auto (bestuurder);Car (driver);26
2016;20 t/m 24;Auto (passagier);Car (passenger);8
2016;20 t/m 24;Vracht/bestel;Lorry/van;3
2016;20 t/m 24;Overig;Other;2
2016;25 t/m 29;Lopen;Pedestrian;3
2016;25 t/m 29;Fiets;Bicycle;2
2016;25 t/m 29;Brom/snorfiets;Moped;5
2016;25 t/m 29;Motor/scooter;Motorcycle;7
2016;25 t/m 29;Auto (bestuurder);Car (driver);18
2016;25 t/m 29;Auto (passagier);Car (passenger);5
2016;25 t/m 29;Vracht/bestel;Lorry/van;4
2016;30 t/m 34;Lopen;Pedestrian;2
2016;30 t/m 34;Fiets;Bicycle;1
2016;30 t/m 34;Motor/scooter;Motorcycle;7
2016;30 t/m 34;Auto (bestuurder);Car (driver);12
2016;30 t/m 34;Auto (passagier);Car (passenger);2
2016;30 t/m 34;Vracht/bestel;Lorry/van;3
2016;35 t/m 39;Brom/snorfiets;Moped;2
2016;35 t/m 39;Motor/scooter;Motorcycle;1
2016;35 t/m 39;Auto (bestuurder);Car (driver);11
2016;35 t/m 39;Auto (passagier);Car (passenger);1
2016;35 t/m 39;Vracht/bestel;Lorry/van;3
2016;40 t/m 44;Lopen;Pedestrian;1
2016;40 t/m 44;Fiets;Bicycle;2
2016;40 t/m 44;Motor/scooter;Motorcycle;2
2016;40 t/m 44;Auto (bestuurder);Car (driver);8
2016;40 t/m 44;Vracht/bestel;Lorry/van;3
2016;40 t/m 44;Overig;Other;1
2016;45 t/m 49;Lopen;Pedestrian;1
2016;45 t/m 49;Fiets;Bicycle;6
2016;45 t/m 49;Brom/snorfiets;Moped;3
2016;45 t/m 49;Motor/scooter;Motorcycle;6
2016;45 t/m 49;Auto (bestuurder);Car (driver);12
2016;45 t/m 49;Auto (passagier);Car (passenger);1
2016;45 t/m 49;Vracht/bestel;Lorry/van;2
2016;45 t/m 49;Overig;Other;1
2016;50 t/m 54;Lopen;Pedestrian;2
2016;50 t/m 54;Fiets;Bicycle;5
2016;50 t/m 54;Brom/snorfiets;Moped;1
2016;50 t/m 54;Motor/scooter;Motorcycle;3
2016;50 t/m 54;Auto (bestuurder);Car (driver);21
2016;50 t/m 54;Auto (passagier);Car (passenger);1
2016;50 t/m 54;Vracht/bestel;Lorry/van;5
2016;55 t/m 59;Lopen;Pedestrian;2
2016;55 t/m 59;Fiets;Bicycle;9
2016;55 t/m 59;Brom/snorfiets;Moped;5
2016;55 t/m 59;Motor/scooter;Motorcycle;5
2016;55 t/m 59;Auto (bestuurder);Car (driver);9
2016;55 t/m 59;Auto (passagier);Car (passenger);3
2016;55 t/m 59;Vracht/bestel;Lorry/van;2
2016;55 t/m 59;Overig;Other;1
2016;60 t/m 64;Lopen;Pedestrian;2
2016;60 t/m 64;Fiets;Bicycle;6
2016;60 t/m 64;Brom/snorfiets;Moped;1
2016;60 t/m 64;Motor/scooter;Motorcycle;3
2016;60 t/m 64;Auto (bestuurder);Car (driver);8
2016;60 t/m 64;Auto (passagier);Car (passenger);3
2016;60 t/m 64;Vracht/bestel;Lorry/van;2
2016;60 t/m 64;Overig;Other;1
2016;65 t/m 69;Lopen;Pedestrian;2
2016;65 t/m 69;Fiets;Bicycle;10
2016;65 t/m 69;Motor/scooter;Motorcycle;2
2016;65 t/m 69;Auto (bestuurder);Car (driver);10
2016;65 t/m 69;Auto (passagier);Car (passenger);3
2016;65 t/m 69;Vracht/bestel;Lorry/van;1
2016;65 t/m 69;Overig;Other;5
2016;70 t/m 74;Lopen;Pedestrian;3
2016;70 t/m 74;Fiets;Bicycle;15
2016;70 t/m 74;Brom/snorfiets;Moped;4
2016;70 t/m 74;Auto (bestuurder);Car (driver);10
2016;70 t/m 74;Vracht/bestel;Lorry/van;1
2016;75+;Lopen;Pedestrian;19
2016;75+;Fiets;Bicycle;59
2016;75+;Brom/snorfiets;Moped;6
2016;75+;Auto (bestuurder);Car (driver);24
2016;75+;Auto (passagier);Car (passenger);10
2016;75+;Vracht/bestel;Lorry/van;1
2016;75+;Overig;Other;13
2016;Onbekend;Lopen;Pedestrian;1
2017;0 t/m 4;Fiets;Bicycle;1
2017;0 t/m 4;Auto (passagier);Car (passenger);3
2017;5 t/m 9;Lopen;Pedestrian;4
2017;5 t/m 9;Fiets;Bicycle;1
2017;5 t/m 9;Auto (passagier);Car (passenger);1
2017;10 t/m 14;Lopen;Pedestrian;4
2017;10 t/m 14;Brom/snorfiets;Moped;1
2017;15 t/m 19;Lopen;Pedestrian;2
2017;15 t/m 19;Fiets;Bicycle;4
2017;15 t/m 19;Brom/snorfiets;Moped;11
2017;15 t/m 19;Auto (bestuurder);Car (driver);8
2017;15 t/m 19;Auto (passagier);Car (passenger);5
2017;15 t/m 19;Vracht/bestel;Lorry/van;1
2017;20 t/m 24;Lopen;Pedestrian;5
2017;20 t/m 24;Fiets;Bicycle;7
2017;20 t/m 24;Motor/scooter;Motorcycle;3
2017;20 t/m 24;Auto (bestuurder);Car (driver);15
2017;20 t/m 24;Auto (passagier);Car (passenger);5
2017;20 t/m 24;Vracht/bestel;Lorry/van;4
2017;25 t/m 29;Lopen;Pedestrian;2
2017;25 t/m 29;Brom/snorfiets;Moped;2
2017;25 t/m 29;Motor/scooter;Motorcycle;6
2017;25 t/m 29;Auto (bestuurder);Car (driver);21
2017;25 t/m 29;Auto (passagier);Car (passenger);3
2017;25 t/m 29;Vracht/bestel;Lorry/van;5
2017;30 t/m 34;Lopen;Pedestrian;1
2017;30 t/m 34;Fiets;Bicycle;5
2017;30 t/m 34;Motor/scooter;Motorcycle;7
2017;30 t/m 34;Auto (bestuurder);Car (driver);15
2017;30 t/m 34;Auto (passagier);Car (passenger);4
2017;30 t/m 34;Vracht/bestel;Lorry/van;7
2017;35 t/m 39;Lopen;Pedestrian;5
2017;35 t/m 39;Fiets;Bicycle;4
2017;35 t/m 39;Brom/snorfiets;Moped;2
2017;35 t/m 39;Motor/scooter;Motorcycle;7
2017;35 t/m 39;Auto (bestuurder);Car (driver);9
2017;35 t/m 39;Auto (passagier);Car (passenger);4
2017;35 t/m 39;Vracht/bestel;Lorry/van;3
2017;40 t/m 44;Lopen;Pedestrian;3
2017;40 t/m 44;Fiets;Bicycle;5
2017;40 t/m 44;Brom/snorfiets;Moped;2
2017;40 t/m 44;Motor/scooter;Motorcycle;5
2017;40 t/m 44;Auto (bestuurder);Car (driver);15
2017;40 t/m 44;Auto (passagier);Car (passenger);3
2017;40 t/m 44;Overig;Other;1
2017;45 t/m 49;Lopen;Pedestrian;1
2017;45 t/m 49;Fiets;Bicycle;7
2017;45 t/m 49;Brom/snorfiets;Moped;3
2017;45 t/m 49;Motor/scooter;Motorcycle;8
2017;45 t/m 49;Auto (bestuurder);Car (driver);3
2017;45 t/m 49;Vracht/bestel;Lorry/van;3
2017;50 t/m 54;Lopen;Pedestrian;2
2017;50 t/m 54;Fiets;Bicycle;2
2017;50 t/m 54;Motor/scooter;Motorcycle;3
2017;50 t/m 54;Auto (bestuurder);Car (driver);12
2017;50 t/m 54;Auto (passagier);Car (passenger);3
2017;50 t/m 54;Vracht/bestel;Lorry/van;2
2017;55 t/m 59;Lopen;Pedestrian;4
2017;55 t/m 59;Fiets;Bicycle;7
2017;55 t/m 59;Brom/snorfiets;Moped;3
2017;55 t/m 59;Motor/scooter;Motorcycle;4
2017;55 t/m 59;Auto (bestuurder);Car (driver);15
2017;55 t/m 59;Vracht/bestel;Lorry/van;2
2017;60 t/m 64;Lopen;Pedestrian;1
2017;60 t/m 64;Fiets;Bicycle;8
2017;60 t/m 64;Brom/snorfiets;Moped;2
2017;60 t/m 64;Motor/scooter;Motorcycle;5
2017;60 t/m 64;Auto (bestuurder);Car (driver);11
2017;60 t/m 64;Auto (passagier);Car (passenger);1
2017;60 t/m 64;Vracht/bestel;Lorry/van;1
2017;65 t/m 69;Lopen;Pedestrian;5
2017;65 t/m 69;Fiets;Bicycle;14
2017;65 t/m 69;Brom/snorfiets;Moped;2
2017;65 t/m 69;Motor/scooter;Motorcycle;3
2017;65 t/m 69;Auto (bestuurder);Car (driver);5
2017;65 t/m 69;Auto (passagier);Car (passenger);1
2017;65 t/m 69;Overig;Other;2
2017;70 t/m 74;Lopen;Pedestrian;2
2017;70 t/m 74;Fiets;Bicycle;18
2017;70 t/m 74;Brom/snorfiets;Moped;2
2017;70 t/m 74;Motor/scooter;Motorcycle;2
2017;70 t/m 74;Auto (bestuurder);Car (driver);3
2017;70 t/m 74;Auto (passagier);Car (passenger);1
2017;70 t/m 74;Vracht/bestel;Lorry/van;1
2017;70 t/m 74;Overig;Other;1
2017;75+;Lopen;Pedestrian;23
2017;75+;Fiets;Bicycle;55
2017;75+;Brom/snorfiets;Moped;7
2017;75+;Auto (bestuurder);Car (driver);22
2017;75+;Auto (passagier);Car (passenger);6
2017;75+;Overig;Other;15
2017;Onbekend;Fiets;Bicycle;1
2018;0 t/m 4;Lopen;Pedestrian;1
2018;0 t/m 4;Auto (passagier);Car (passenger);1
2018;0 t/m 4;Overig;Other;2
2018;5 t/m 9;Lopen;Pedestrian;2
2018;5 t/m 9;Fiets;Bicycle;2
2018;5 t/m 9;Auto (passagier);Car (passenger);2
2018;5 t/m 9;Overig;Other;2
2018;10 t/m 14;Fiets;Bicycle;8
2018;10 t/m 14;Auto (passagier);Car (passenger);1
2018;10 t/m 14;Overig;Other;1
2018;15 t/m 19;Lopen;Pedestrian;1
2018;15 t/m 19;Fiets;Bicycle;5
2018;15 t/m 19;Brom/snorfiets;Moped;5
2018;15 t/m 19;Motor/scooter;Motorcycle;1
2018;15 t/m 19;Auto (bestuurder);Car (driver);10
2018;15 t/m 19;Auto (passagier);Car (passenger);12
2018;15 t/m 19;Vracht/bestel;Lorry/van;1
2018;15 t/m 19;Overig;Other;1
2018;20 t/m 24;Lopen;Pedestrian;1
2018;20 t/m 24;Fiets;Bicycle;4
2018;20 t/m 24;Brom/snorfiets;Moped;1
2018;20 t/m 24;Motor/scooter;Motorcycle;5
2018;20 t/m 24;Auto (bestuurder);Car (driver);25
2018;20 t/m 24;Auto (passagier);Car (passenger);9
2018;20 t/m 24;Vracht/bestel;Lorry/van;3
2018;20 t/m 24;Overig;Other;1
2018;25 t/m 29;Lopen;Pedestrian;2
2018;25 t/m 29;Fiets;Bicycle;2
2018;25 t/m 29;Motor/scooter;Motorcycle;5
2018;25 t/m 29;Auto (bestuurder);Car (driver);23
2018;25 t/m 29;Auto (passagier);Car (passenger);10
2018;25 t/m 29;Vracht/bestel;Lorry/van;2
2018;30 t/m 34;Fiets;Bicycle;3
2018;30 t/m 34;Brom/snorfiets;Moped;3
2018;30 t/m 34;Motor/scooter;Motorcycle;7
2018;30 t/m 34;Auto (bestuurder);Car (driver);10
2018;30 t/m 34;Auto (passagier);Car (passenger);3
2018;30 t/m 34;Vracht/bestel;Lorry/van;4
2018;30 t/m 34;Overig;Other;2
2018;35 t/m 39;Lopen;Pedestrian;4
2018;35 t/m 39;Fiets;Bicycle;6
2018;35 t/m 39;Motor/scooter;Motorcycle;7
2018;35 t/m 39;Auto (bestuurder);Car (driver);10
2018;35 t/m 39;Auto (passagier);Car (passenger);3
2018;35 t/m 39;Vracht/bestel;Lorry/van;1
2018;40 t/m 44;Lopen;Pedestrian;4
2018;40 t/m 44;Fiets;Bicycle;3
2018;40 t/m 44;Brom/snorfiets;Moped;2
2018;40 t/m 44;Motor/scooter;Motorcycle;2
2018;40 t/m 44;Auto (bestuurder);Car (driver);13
2018;40 t/m 44;Auto (passagier);Car (passenger);1
2018;40 t/m 44;Vracht/bestel;Lorry/van;1
2018;40 t/m 44;Overig;Other;1
2018;45 t/m 49;Lopen;Pedestrian;1
2018;45 t/m 49;Fiets;Bicycle;7
2018;45 t/m 49;Brom/snorfiets;Moped;2
2018;45 t/m 49;Motor/scooter;Motorcycle;6
2018;45 t/m 49;Auto (bestuurder);Car (driver);11
2018;45 t/m 49;Auto (passagier);Car (passenger);4
2018;45 t/m 49;Vracht/bestel;Lorry/van;2
2018;45 t/m 49;Overig;Other;2
2018;50 t/m 54;Lopen;Pedestrian;2
2018;50 t/m 54;Fiets;Bicycle;13
2018;50 t/m 54;Brom/snorfiets;Moped;4
2018;50 t/m 54;Motor/scooter;Motorcycle;1
2018;50 t/m 54;Auto (bestuurder);Car (driver);4
2018;50 t/m 54;Auto (passagier);Car (passenger);1
2018;50 t/m 54;Vracht/bestel;Lorry/van;3
2018;55 t/m 59;Lopen;Pedestrian;1
2018;55 t/m 59;Fiets;Bicycle;13
2018;55 t/m 59;Brom/snorfiets;Moped;2
2018;55 t/m 59;Motor/scooter;Motorcycle;3
2018;55 t/m 59;Auto (bestuurder);Car (driver);9
2018;55 t/m 59;Vracht/bestel;Lorry/van;4
2018;55 t/m 59;Overig;Other;3
2018;60 t/m 64;Lopen;Pedestrian;2
2018;60 t/m 64;Fiets;Bicycle;9
2018;60 t/m 64;Brom/snorfiets;Moped;3
2018;60 t/m 64;Motor/scooter;Motorcycle;3
2018;60 t/m 64;Auto (bestuurder);Car (driver);14
2018;60 t/m 64;Auto (passagier);Car (passenger);2
2018;60 t/m 64;Vracht/bestel;Lorry/van;3
2018;60 t/m 64;Overig;Other;3
2018;65 t/m 69;Lopen;Pedestrian;2
2018;65 t/m 69;Fiets;Bicycle;12
2018;65 t/m 69;Brom/snorfiets;Moped;3
2018;65 t/m 69;Auto (bestuurder);Car (driver);5
2018;65 t/m 69;Overig;Other;2
2018;70 t/m 74;Lopen;Pedestrian;7
2018;70 t/m 74;Fiets;Bicycle;22
2018;70 t/m 74;Brom/snorfiets;Moped;2
2018;70 t/m 74;Motor/scooter;Motorcycle;2
2018;70 t/m 74;Auto (bestuurder);Car (driver);12
2018;70 t/m 74;Auto (passagier);Car (passenger);7
2018;70 t/m 74;Vracht/bestel;Lorry/van;3
2018;70 t/m 74;Overig;Other;1
2018;75+;Lopen;Pedestrian;20
2018;75+;Fiets;Bicycle;48
2018;75+;Brom/snorfiets;Moped;6
2018;75+;Auto (bestuurder);Car (driver);31
2018;75+;Auto (passagier);Car (passenger);14
2018;75+;Vracht/bestel;Lorry/van;1
2018;75+;Overig;Other;15
2018;Onbekend;Fiets;Bicycle;3
2018;Onbekend;Auto (bestuurder);Car (driver);2
2019;0 t/m 4;Lopen;Pedestrian;2
2019;0 t/m 4;Fiets;Bicycle;1
2019;0 t/m 4;Auto (passagier);Car (passenger);1
2019;5 t/m 9;Lopen;Pedestrian;1
2019;5 t/m 9;Fiets;Bicycle;1
2019;5 t/m 9;Auto (passagier);Car (passenger);2
2019;10 t/m 14;Fiets;Bicycle;4
2019;15 t/m 19;Lopen;Pedestrian;1
2019;15 t/m 19;Fiets;Bicycle;7
2019;15 t/m 19;Brom/snorfiets;Moped;6
2019;15 t/m 19;Auto (bestuurder);Car (driver);8
2019;15 t/m 19;Auto (passagier);Car (passenger);14
2019;15 t/m 19;Vracht/bestel;Lorry/van;1
2019;15 t/m 19;Overig;Other;1
2019;20 t/m 24;Lopen;Pedestrian;2
2019;20 t/m 24;Fiets;Bicycle;6
2019;20 t/m 24;Brom/snorfiets;Moped;6
2019;20 t/m 24;Motor/scooter;Motorcycle;9
2019;20 t/m 24;Auto (bestuurder);Car (driver);20
2019;20 t/m 24;Auto (passagier);Car (passenger);17
2019;20 t/m 24;Vracht/bestel;Lorry/van;3
2019;20 t/m 24;Overig;Other;1
2019;25 t/m 29;Lopen;Pedestrian;2
2019;25 t/m 29;Fiets;Bicycle;4
2019;25 t/m 29;Brom/snorfiets;Moped;2
2019;25 t/m 29;Motor/scooter;Motorcycle;10
2019;25 t/m 29;Auto (bestuurder);Car (driver);17
2019;25 t/m 29;Auto (passagier);Car (passenger);5
2019;25 t/m 29;Vracht/bestel;Lorry/van;5
2019;25 t/m 29;Overig;Other;1
2019;30 t/m 34;Lopen;Pedestrian;1
2019;30 t/m 34;Fiets;Bicycle;4
2019;30 t/m 34;Brom/snorfiets;Moped;3
2019;30 t/m 34;Motor/scooter;Motorcycle;3
2019;30 t/m 34;Auto (bestuurder);Car (driver);11
2019;30 t/m 34;Auto (passagier);Car (passenger);4
2019;30 t/m 34;Vracht/bestel;Lorry/van;4
2019;30 t/m 34;Overig;Other;6
2019;35 t/m 39;Lopen;Pedestrian;2
2019;35 t/m 39;Fiets;Bicycle;3
2019;35 t/m 39;Brom/snorfiets;Moped;1
2019;35 t/m 39;Motor/scooter;Motorcycle;4
2019;35 t/m 39;Auto (bestuurder);Car (driver);21
2019;35 t/m 39;Auto (passagier);Car (passenger);1
2019;35 t/m 39;Vracht/bestel;Lorry/van;1
2019;35 t/m 39;Overig;Other;2
2019;40 t/m 44;Lopen;Pedestrian;1
2019;40 t/m 44;Fiets;Bicycle;2
2019;40 t/m 44;Motor/scooter;Motorcycle;4
2019;40 t/m 44;Auto (bestuurder);Car (driver);10
2019;40 t/m 44;Auto (passagier);Car (passenger);3
2019;45 t/m 49;Lopen;Pedestrian;2
2019;45 t/m 49;Fiets;Bicycle;8
2019;45 t/m 49;Brom/snorfiets;Moped;1
2019;45 t/m 49;Motor/scooter;Motorcycle;4
2019;45 t/m 49;Auto (bestuurder);Car (driver);9
2019;45 t/m 49;Auto (passagier);Car (passenger);1
2019;45 t/m 49;Vracht/bestel;Lorry/van;2
2019;45 t/m 49;Overig;Other;1
2019;50 t/m 54;Lopen;Pedestrian;1
2019;50 t/m 54;Fiets;Bicycle;3
2019;50 t/m 54;Brom/snorfiets;Moped;3
2019;50 t/m 54;Motor/scooter;Motorcycle;2
2019;50 t/m 54;Auto (bestuurder);Car (driver);8
2019;50 t/m 54;Auto (passagier);Car (passenger);1
2019;50 t/m 54;Vracht/bestel;Lorry/van;3
2019;50 t/m 54;Overig;Other;2
2019;55 t/m 59;Lopen;Pedestrian;2
2019;55 t/m 59;Fiets;Bicycle;7
2019;55 t/m 59;Brom/snorfiets;Moped;5
2019;55 t/m 59;Motor/scooter;Motorcycle;1
2019;55 t/m 59;Auto (bestuurder);Car (driver);13
2019;55 t/m 59;Auto (passagier);Car (passenger);1
2019;55 t/m 59;Vracht/bestel;Lorry/van;1
2019;55 t/m 59;Overig;Other;1
2019;60 t/m 64;Lopen;Pedestrian;2
2019;60 t/m 64;Fiets;Bicycle;12
2019;60 t/m 64;Motor/scooter;Motorcycle;4
2019;60 t/m 64;Auto (bestuurder);Car (driver);9
2019;60 t/m 64;Auto (passagier);Car (passenger);4
2019;60 t/m 64;Vracht/bestel;Lorry/van;1
2019;65 t/m 69;Lopen;Pedestrian;5
2019;65 t/m 69;Fiets;Bicycle;10
2019;65 t/m 69;Brom/snorfiets;Moped;4
2019;65 t/m 69;Motor/scooter;Motorcycle;1
2019;65 t/m 69;Auto (bestuurder);Car (driver);7
2019;65 t/m 69;Auto (passagier);Car (passenger);2
2019;65 t/m 69;Vracht/bestel;Lorry/van;1
2019;65 t/m 69;Overig;Other;2
2019;70 t/m 74;Lopen;Pedestrian;5
2019;70 t/m 74;Fiets;Bicycle;22
2019;70 t/m 74;Brom/snorfiets;Moped;2
2019;70 t/m 74;Motor/scooter;Motorcycle;2
2019;70 t/m 74;Auto (bestuurder);Car (driver);13
2019;70 t/m 74;Auto (passagier);Car (passenger);1
2019;70 t/m 74;Vracht/bestel;Lorry/van;3
2019;70 t/m 74;Overig;Other;3
2019;75+;Lopen;Pedestrian;19
2019;75+;Fiets;Bicycle;53
2019;75+;Brom/snorfiets;Moped;4
2019;75+;Motor/scooter;Motorcycle;1
2019;75+;Auto (bestuurder);Car (driver);30
2019;75+;Auto (passagier);Car (passenger);8
2019;75+;Vracht/bestel;Lorry/van;2
2019;75+;Overig;Other;16
2019;Onbekend;Lopen;Pedestrian;1
2019;Onbekend;Fiets;Bicycle;1
2019;Onbekend;Auto (bestuurder);Car (driver);1
2019;Onbekend;Auto (passagier);Car (passenger);1
2019;Onbekend;Overig;Other;1
2020;0 t/m 4;Lopen;Pedestrian;1
2020;0 t/m 4;Auto (passagier);Car (passenger);1
2020;0 t/m 4;Vracht/bestel;Lorry/van;1
2020;5 t/m 9;Lopen;Pedestrian;2
2020;5 t/m 9;Fiets;Bicycle;1
2020;10 t/m 14;Lopen;Pedestrian;2
2020;10 t/m 14;Fiets;Bicycle;7
2020;10 t/m 14;Auto (passagier);Car (passenger);1
2020;10 t/m 14;Overig;Other;1
2020;15 t/m 19;Lopen;Pedestrian;1
2020;15 t/m 19;Fiets;Bicycle;7
2020;15 t/m 19;Brom/snorfiets;Moped;5
2020;15 t/m 19;Motor/scooter;Motorcycle;1
2020;15 t/m 19;Auto (bestuurder);Car (driver);11
2020;15 t/m 19;Auto (passagier);Car (passenger);5
2020;15 t/m 19;Overig;Other;2
2020;20 t/m 24;Lopen;Pedestrian;2
2020;20 t/m 24;Fiets;Bicycle;4
2020;20 t/m 24;Brom/snorfiets;Moped;4
2020;20 t/m 24;Motor/scooter;Motorcycle;3
2020;20 t/m 24;Auto (bestuurder);Car (driver);23
2020;20 t/m 24;Auto (passagier);Car (passenger);6
2020;20 t/m 24;Vracht/bestel;Lorry/van;6
2020;25 t/m 29;Lopen;Pedestrian;3
2020;25 t/m 29;Fiets;Bicycle;3
2020;25 t/m 29;Brom/snorfiets;Moped;1
2020;25 t/m 29;Motor/scooter;Motorcycle;9
2020;25 t/m 29;Auto (bestuurder);Car (driver);22
2020;25 t/m 29;Auto (passagier);Car (passenger);5
2020;25 t/m 29;Vracht/bestel;Lorry/van;1
2020;25 t/m 29;Overig;Other;1
2020;30 t/m 34;Lopen;Pedestrian;3
2020;30 t/m 34;Fiets;Bicycle;4
2020;30 t/m 34;Motor/scooter;Motorcycle;5
2020;30 t/m 34;Auto (bestuurder);Car (driver);18
2020;30 t/m 34;Auto (passagier);Car (passenger);1
2020;30 t/m 34;Vracht/bestel;Lorry/van;3
2020;30 t/m 34;Overig;Other;1
2020;35 t/m 39;Lopen;Pedestrian;2
2020;35 t/m 39;Fiets;Bicycle;2
2020;35 t/m 39;Brom/snorfiets;Moped;3
2020;35 t/m 39;Motor/scooter;Motorcycle;5
2020;35 t/m 39;Auto (bestuurder);Car (driver);7
2020;35 t/m 39;Auto (passagier);Car (passenger);2
2020;35 t/m 39;Vracht/bestel;Lorry/van;1
2020;35 t/m 39;Overig;Other;1
2020;40 t/m 44;Lopen;Pedestrian;2
2020;40 t/m 44;Fiets;Bicycle;1
2020;40 t/m 44;Brom/snorfiets;Moped;2
2020;40 t/m 44;Motor/scooter;Motorcycle;3
2020;40 t/m 44;Auto (bestuurder);Car (driver);7
2020;40 t/m 44;Auto (passagier);Car (passenger);3
2020;40 t/m 44;Overig;Other;1
2020;45 t/m 49;Fiets;Bicycle;5
2020;45 t/m 49;Brom/snorfiets;Moped;1
2020;45 t/m 49;Motor/scooter;Motorcycle;4
2020;45 t/m 49;Auto (bestuurder);Car (driver);7
2020;45 t/m 49;Vracht/bestel;Lorry/van;6
2020;50 t/m 54;Lopen;Pedestrian;1
2020;50 t/m 54;Fiets;Bicycle;6
2020;50 t/m 54;Brom/snorfiets;Moped;3
2020;50 t/m 54;Motor/scooter;Motorcycle;2
2020;50 t/m 54;Auto (bestuurder);Car (driver);13
2020;55 t/m 59;Fiets;Bicycle;15
2020;55 t/m 59;Brom/snorfiets;Moped;1
2020;55 t/m 59;Motor/scooter;Motorcycle;3
2020;55 t/m 59;Auto (bestuurder);Car (driver);7
2020;55 t/m 59;Vracht/bestel;Lorry/van;1
2020;60 t/m 64;Lopen;Pedestrian;2
2020;60 t/m 64;Fiets;Bicycle;8
2020;60 t/m 64;Brom/snorfiets;Moped;3
2020;60 t/m 64;Motor/scooter;Motorcycle;5
2020;60 t/m 64;Auto (bestuurder);Car (driver);8
2020;60 t/m 64;Vracht/bestel;Lorry/van;2
2020;60 t/m 64;Bus (OV);Bus (public transport);1
2020;60 t/m 64;Overig;Other;1
2020;65 t/m 69;Lopen;Pedestrian;4
2020;65 t/m 69;Fiets;Bicycle;17
2020;65 t/m 69;Brom/snorfiets;Moped;3
2020;65 t/m 69;Motor/scooter;Motorcycle;1
2020;65 t/m 69;Auto (bestuurder);Car (driver);7
2020;65 t/m 69;Auto (passagier);Car (passenger);2
2020;65 t/m 69;Vracht/bestel;Lorry/van;2
2020;65 t/m 69;Overig;Other;1
2020;70 t/m 74;Lopen;Pedestrian;1
2020;70 t/m 74;Fiets;Bicycle;23
2020;70 t/m 74;Brom/snorfiets;Moped;1
2020;70 t/m 74;Motor/scooter;Motorcycle;3
2020;70 t/m 74;Auto (bestuurder);Car (driver);4
2020;70 t/m 74;Auto (passagier);Car (passenger);6
2020;70 t/m 74;Vracht/bestel;Lorry/van;1
2020;75+;Lopen;Pedestrian;8
2020;75+;Fiets;Bicycle;55
2020;75+;Brom/snorfiets;Moped;1
2020;75+;Auto (bestuurder);Car (driver);27
2020;75+;Auto (passagier);Car (passenger);6
2020;75+;Vracht/bestel;Lorry/van;1
2020;75+;Overig;Other;15
2020;Onbekend;Lopen;Pedestrian;1
2020;Onbekend;Auto (passagier);Car (passenger);1
2021;0 t/m 4;Lopen;Pedestrian;2
2021;0 t/m 4;Auto (passagier);Car (passenger);1
2021;5 t/m 9;Lopen;Pedestrian;3
2021;5 t/m 9;Fiets;Bicycle;2
2021;5 t/m 9;Auto (passagier);Car (passenger);1
2021;5 t/m 9;Overig;Other;1
2021;10 t/m 14;Fiets;Bicycle;5
2021;10 t/m 14;Auto (passagier);Car (passenger);1
2021;10 t/m 14;Overig;Other;1
2021;15 t/m 19;Lopen;Pedestrian;1
2021;15 t/m 19;Fiets;Bicycle;12
2021;15 t/m 19;Brom/snorfiets;Moped;10
2021;15 t/m 19;Motor/scooter;Motorcycle;1
2021;15 t/m 19;Auto (bestuurder);Car (driver);9
2021;15 t/m 19;Auto (passagier);Car (passenger);8
2021;15 t/m 19;Overig;Other;1
2021;20 t/m 24;Lopen;Pedestrian;4
2021;20 t/m 24;Fiets;Bicycle;4
2021;20 t/m 24;Brom/snorfiets;Moped;2
2021;20 t/m 24;Motor/scooter;Motorcycle;4
2021;20 t/m 24;Auto (bestuurder);Car (driver);19
2021;20 t/m 24;Auto (passagier);Car (passenger);6
2021;20 t/m 24;Vracht/bestel;Lorry/van;2
2021;20 t/m 24;Overig;Other;2
2021;25 t/m 29;Fiets;Bicycle;4
2021;25 t/m 29;Brom/snorfiets;Moped;2
2021;25 t/m 29;Motor/scooter;Motorcycle;9
2021;25 t/m 29;Auto (bestuurder);Car (driver);14
2021;25 t/m 29;Auto (passagier);Car (passenger);4
2021;30 t/m 34;Lopen;Pedestrian;1
2021;30 t/m 34;Fiets;Bicycle;2
2021;30 t/m 34;Brom/snorfiets;Moped;4
2021;30 t/m 34;Motor/scooter;Motorcycle;7
2021;30 t/m 34;Auto (bestuurder);Car (driver);16
2021;30 t/m 34;Auto (passagier);Car (passenger);1
2021;30 t/m 34;Vracht/bestel;Lorry/van;1
2021;35 t/m 39;Lopen;Pedestrian;2
2021;35 t/m 39;Fiets;Bicycle;2
2021;35 t/m 39;Brom/snorfiets;Moped;1
2021;35 t/m 39;Motor/scooter;Motorcycle;4
2021;35 t/m 39;Auto (bestuurder);Car (driver);7
2021;35 t/m 39;Auto (passagier);Car (passenger);2
2021;35 t/m 39;Vracht/bestel;Lorry/van;2
2021;35 t/m 39;Overig;Other;1
2021;40 t/m 44;Fiets;Bicycle;2
2021;40 t/m 44;Brom/snorfiets;Moped;3
2021;40 t/m 44;Motor/scooter;Motorcycle;8
2021;40 t/m 44;Auto (bestuurder);Car (driver);7
2021;40 t/m 44;Auto (passagier);Car (passenger);2
2021;40 t/m 44;Vracht/bestel;Lorry/van;1
2021;40 t/m 44;Overig;Other;1
2021;45 t/m 49;Fiets;Bicycle;2
2021;45 t/m 49;Brom/snorfiets;Moped;2
2021;45 t/m 49;Motor/scooter;Motorcycle;2
2021;45 t/m 49;Auto (bestuurder);Car (driver);7
2021;45 t/m 49;Vracht/bestel;Lorry/van;1
2021;50 t/m 54;Lopen;Pedestrian;4
2021;50 t/m 54;Fiets;Bicycle;6
2021;50 t/m 54;Brom/snorfiets;Moped;3
2021;50 t/m 54;Motor/scooter;Motorcycle;7
2021;50 t/m 54;Auto (bestuurder);Car (driver);6
2021;50 t/m 54;Auto (passagier);Car (passenger);2
2021;50 t/m 54;Vracht/bestel;Lorry/van;1
2021;55 t/m 59;Fiets;Bicycle;6
2021;55 t/m 59;Brom/snorfiets;Moped;1
2021;55 t/m 59;Motor/scooter;Motorcycle;3
2021;55 t/m 59;Auto (bestuurder);Car (driver);11
2021;55 t/m 59;Vracht/bestel;Lorry/van;1
2021;55 t/m 59;Overig;Other;3
2021;60 t/m 64;Lopen;Pedestrian;4
2021;60 t/m 64;Fiets;Bicycle;11
2021;60 t/m 64;Brom/snorfiets;Moped;6
2021;60 t/m 64;Motor/scooter;Motorcycle;4
2021;60 t/m 64;Auto (bestuurder);Car (driver);3
2021;60 t/m 64;Vracht/bestel;Lorry/van;1
2021;60 t/m 64;Overig;Other;4
2021;65 t/m 69;Lopen;Pedestrian;4
2021;65 t/m 69;Fiets;Bicycle;13
2021;65 t/m 69;Brom/snorfiets;Moped;2
2021;65 t/m 69;Motor/scooter;Motorcycle;2
2021;65 t/m 69;Auto (bestuurder);Car (driver);5
2021;65 t/m 69;Auto (passagier);Car (passenger);1
2021;65 t/m 69;Vracht/bestel;Lorry/van;1
2021;65 t/m 69;Overig;Other;3
2021;70 t/m 74;Lopen;Pedestrian;5
2021;70 t/m 74;Fiets;Bicycle;16
2021;70 t/m 74;Brom/snorfiets;Moped;1
2021;70 t/m 74;Motor/scooter;Motorcycle;2
2021;70 t/m 74;Auto (bestuurder);Car (driver);9
2021;70 t/m 74;Auto (passagier);Car (passenger);1
2021;70 t/m 74;Bus (OV);Bus (public transport);1
2021;70 t/m 74;Overig;Other;1
2021;75+;Lopen;Pedestrian;13
2021;75+;Fiets;Bicycle;58
2021;75+;Brom/snorfiets;Moped;4
2021;75+;Auto (bestuurder);Car (driver);28
2021;75+;Auto (passagier);Car (passenger);10
2021;75+;Vracht/bestel;Lorry/van;1
2021;75+;Overig;Other;15
2022;0 t/m 4;Lopen;Pedestrian;1
2022;0 t/m 4;Fiets;Bicycle;1
2022;0 t/m 4;Auto (passagier);Car (passenger);1
2022;5 t/m 9;Lopen;Pedestrian;1
2022;5 t/m 9;Auto (passagier);Car (passenger);4
2022;10 t/m 14;Fiets;Bicycle;9
2022;10 t/m 14;Auto (passagier);Car (passenger);4
2022;15 t/m 19;Lopen;Pedestrian;3
2022;15 t/m 19;Fiets;Bicycle;8
2022;15 t/m 19;Brom/snorfiets;Moped;14
2022;15 t/m 19;Motor/scooter;Motorcycle;2
2022;15 t/m 19;Auto (bestuurder);Car (driver);8
2022;15 t/m 19;Auto (passagier);Car (passenger);7
2022;15 t/m 19;Vracht/bestel;Lorry/van;1
2022;20 t/m 24;Lopen;Pedestrian;5
2022;20 t/m 24;Fiets;Bicycle;7
2022;20 t/m 24;Brom/snorfiets;Moped;3
2022;20 t/m 24;Motor/scooter;Motorcycle;8
2022;20 t/m 24;Auto (bestuurder);Car (driver);15
2022;20 t/m 24;Auto (passagier);Car (passenger);6
2022;20 t/m 24;Vracht/bestel;Lorry/van;3
2022;20 t/m 24;Overig;Other;1
2022;25 t/m 29;Lopen;Pedestrian;4
2022;25 t/m 29;Fiets;Bicycle;1
2022;25 t/m 29;Brom/snorfiets;Moped;2
2022;25 t/m 29;Motor/scooter;Motorcycle;4
2022;25 t/m 29;Auto (bestuurder);Car (driver);17
2022;25 t/m 29;Auto (passagier);Car (passenger);4
2022;25 t/m 29;Vracht/bestel;Lorry/van;2
2022;25 t/m 29;Overig;Other;3
2022;30 t/m 34;Lopen;Pedestrian;2
2022;30 t/m 34;Fiets;Bicycle;2
2022;30 t/m 34;Motor/scooter;Motorcycle;5
2022;30 t/m 34;Auto (bestuurder);Car (driver);19
2022;30 t/m 34;Auto (passagier);Car (passenger);1
2022;30 t/m 34;Vracht/bestel;Lorry/van;6
2022;30 t/m 34;Overig;Other;1
2022;35 t/m 39;Lopen;Pedestrian;3
2022;35 t/m 39;Fiets;Bicycle;3
2022;35 t/m 39;Motor/scooter;Motorcycle;2
2022;35 t/m 39;Auto (bestuurder);Car (driver);14
2022;35 t/m 39;Auto (passagier);Car (passenger);2
2022;35 t/m 39;Vracht/bestel;Lorry/van;2
2022;40 t/m 44;Lopen;Pedestrian;1
2022;40 t/m 44;Fiets;Bicycle;4
2022;40 t/m 44;Brom/snorfiets;Moped;1
2022;40 t/m 44;Motor/scooter;Motorcycle;4
2022;40 t/m 44;Auto (bestuurder);Car (driver);17
2022;40 t/m 44;Auto (passagier);Car (passenger);2
2022;40 t/m 44;Vracht/bestel;Lorry/van;1
2022;40 t/m 44;Overig;Other;3
2022;45 t/m 49;Fiets;Bicycle;4
2022;45 t/m 49;Motor/scooter;Motorcycle;1
2022;45 t/m 49;Auto (bestuurder);Car (driver);7
2022;45 t/m 49;Auto (passagier);Car (passenger);1
2022;45 t/m 49;Overig;Other;1
2022;50 t/m 54;Lopen;Pedestrian;4
2022;50 t/m 54;Fiets;Bicycle;15
2022;50 t/m 54;Brom/snorfiets;Moped;4
2022;50 t/m 54;Motor/scooter;Motorcycle;3
2022;50 t/m 54;Auto (bestuurder);Car (driver);7
2022;50 t/m 54;Auto (passagier);Car (passenger);1
2022;50 t/m 54;Vracht/bestel;Lorry/van;4
2022;50 t/m 54;Overig;Other;1
2022;55 t/m 59;Lopen;Pedestrian;3
2022;55 t/m 59;Fiets;Bicycle;9
2022;55 t/m 59;Brom/snorfiets;Moped;2
2022;55 t/m 59;Motor/scooter;Motorcycle;9
2022;55 t/m 59;Auto (bestuurder);Car (driver);9
2022;55 t/m 59;Auto (passagier);Car (passenger);2
2022;55 t/m 59;Vracht/bestel;Lorry/van;3
2022;55 t/m 59;Overig;Other;2
2022;60 t/m 64;Lopen;Pedestrian;4
2022;60 t/m 64;Fiets;Bicycle;17
2022;60 t/m 64;Brom/snorfiets;Moped;1
2022;60 t/m 64;Motor/scooter;Motorcycle;3
2022;60 t/m 64;Auto (bestuurder);Car (driver);9
2022;60 t/m 64;Vracht/bestel;Lorry/van;2
2022;60 t/m 64;Overig;Other;1
2022;65 t/m 69;Lopen;Pedestrian;2
2022;65 t/m 69;Fiets;Bicycle;12
2022;65 t/m 69;Brom/snorfiets;Moped;2
2022;65 t/m 69;Motor/scooter;Motorcycle;1
2022;65 t/m 69;Auto (bestuurder);Car (driver);9
2022;65 t/m 69;Auto (passagier);Car (passenger);4
2022;65 t/m 69;Bus (OV);Bus (public transport);1
2022;65 t/m 69;Overig;Other;3
2022;70 t/m 74;Lopen;Pedestrian;4
2022;70 t/m 74;Fiets;Bicycle;24
2022;70 t/m 74;Brom/snorfiets;Moped;2
2022;70 t/m 74;Auto (bestuurder);Car (driver);9
2022;70 t/m 74;Vracht/bestel;Lorry/van;1
2022;70 t/m 74;Overig;Other;2
2022;75+;Lopen;Pedestrian;25
2022;75+;Fiets;Bicycle;104
2022;75+;Brom/snorfiets;Moped;8
2022;75+;Motor/scooter;Motorcycle;2
2022;75+;Auto (bestuurder);Car (driver);29
2022;75+;Auto (passagier);Car (passenger);16
2022;75+;Vracht/bestel;Lorry/van;2
2022;75+;Overig;Other;18
2022;Onbekend;Auto (bestuurder);Car (driver);1
2022;Onbekend;Overig;Other;1
2023;0 t/m 4;Lopen;Pedestrian;1
2023;5 t/m 9;Lopen;Pedestrian;5
2023;5 t/m 9;Fiets;Bicycle;2
2023;10 t/m 14;Fiets;Bicycle;7
2023;10 t/m 14;Auto (passagier);Car (passenger);5
2023;15 t/m 19;Lopen;Pedestrian;2
2023;15 t/m 19;Fiets;Bicycle;12
2023;15 t/m 19;Brom/snorfiets;Moped;11
2023;15 t/m 19;Motor/scooter;Motorcycle;1
2023;15 t/m 19;Auto (bestuurder);Car (driver);10
2023;15 t/m 19;Auto (passagier);Car (passenger);7
2023;15 t/m 19;Overig;Other;1
2023;20 t/m 24;Lopen;Pedestrian;4
2023;20 t/m 24;Fiets;Bicycle;2
2023;20 t/m 24;Brom/snorfiets;Moped;1
2023;20 t/m 24;Motor/scooter;Motorcycle;6
2023;20 t/m 24;Auto (bestuurder);Car (driver);15
2023;20 t/m 24;Auto (passagier);Car (passenger);11
2023;20 t/m 24;Vracht/bestel;Lorry/van;2
2023;25 t/m 29;Lopen;Pedestrian;4
2023;25 t/m 29;Fiets;Bicycle;6
2023;25 t/m 29;Brom/snorfiets;Moped;1
2023;25 t/m 29;Motor/scooter;Motorcycle;9
2023;25 t/m 29;Auto (bestuurder);Car (driver);16
2023;25 t/m 29;Auto (passagier);Car (passenger);11
2023;25 t/m 29;Vracht/bestel;Lorry/van;4
2023;30 t/m 34;Lopen;Pedestrian;1
2023;30 t/m 34;Fiets;Bicycle;2
2023;30 t/m 34;Motor/scooter;Motorcycle;7
2023;30 t/m 34;Auto (bestuurder);Car (driver);9
2023;30 t/m 34;Vracht/bestel;Lorry/van;4
2023;35 t/m 39;Lopen;Pedestrian;1
2023;35 t/m 39;Fiets;Bicycle;6
2023;35 t/m 39;Brom/snorfiets;Moped;3
2023;35 t/m 39;Motor/scooter;Motorcycle;2
2023;35 t/m 39;Auto (bestuurder);Car (driver);11
2023;35 t/m 39;Auto (passagier);Car (passenger);5
2023;35 t/m 39;Vracht/bestel;Lorry/van;1
2023;35 t/m 39;Overig;Other;1
2023;40 t/m 44;Lopen;Pedestrian;3
2023;40 t/m 44;Fiets;Bicycle;4
2023;40 t/m 44;Brom/snorfiets;Moped;2
2023;40 t/m 44;Motor/scooter;Motorcycle;1
2023;40 t/m 44;Auto (bestuurder);Car (driver);4
2023;40 t/m 44;Auto (passagier);Car (passenger);1
2023;40 t/m 44;Vracht/bestel;Lorry/van;1
2023;40 t/m 44;Overig;Other;1
2023;45 t/m 49;Fiets;Bicycle;9
2023;45 t/m 49;Brom/snorfiets;Moped;1
2023;45 t/m 49;Auto (bestuurder);Car (driver);10
2023;45 t/m 49;Auto (passagier);Car (passenger);2
2023;45 t/m 49;Vracht/bestel;Lorry/van;1
2023;50 t/m 54;Lopen;Pedestrian;4
2023;50 t/m 54;Fiets;Bicycle;11
2023;50 t/m 54;Brom/snorfiets;Moped;3
2023;50 t/m 54;Motor/scooter;Motorcycle;5
2023;50 t/m 54;Auto (bestuurder);Car (driver);8
2023;50 t/m 54;Auto (passagier);Car (passenger);1
2023;50 t/m 54;Vracht/bestel;Lorry/van;1
2023;50 t/m 54;Overig;Other;1
2023;55 t/m 59;Lopen;Pedestrian;2
2023;55 t/m 59;Fiets;Bicycle;9
2023;55 t/m 59;Brom/snorfiets;Moped;3
2023;55 t/m 59;Motor/scooter;Motorcycle;4
2023;55 t/m 59;Auto (bestuurder);Car (driver);3
2023;55 t/m 59;Auto (passagier);Car (passenger);1
2023;55 t/m 59;Overig;Other;3
2023;60 t/m 64;Lopen;Pedestrian;3
2023;60 t/m 64;Fiets;Bicycle;14
2023;60 t/m 64;Brom/snorfiets;Moped;1
2023;60 t/m 64;Motor/scooter;Motorcycle;2
2023;60 t/m 64;Auto (bestuurder);Car (driver);5
2023;60 t/m 64;Auto (passagier);Car (passenger);2
2023;60 t/m 64;Vracht/bestel;Lorry/van;3
2023;60 t/m 64;Overig;Other;1
2023;65 t/m 69;Lopen;Pedestrian;5
2023;65 t/m 69;Fiets;Bicycle;13
2023;65 t/m 69;Brom/snorfiets;Moped;3
2023;65 t/m 69;Motor/scooter;Motorcycle;2
2023;65 t/m 69;Auto (bestuurder);Car (driver);8
2023;65 t/m 69;Auto (passagier);Car (passenger);1
2023;65 t/m 69;Vracht/bestel;Lorry/van;1
2023;65 t/m 69;Overig;Other;1
2023;70 t/m 74;Lopen;Pedestrian;6
2023;70 t/m 74;Fiets;Bicycle;24
2023;70 t/m 74;Brom/snorfiets;Moped;1
2023;70 t/m 74;Motor/scooter;Motorcycle;4
2023;70 t/m 74;Auto (bestuurder);Car (driver);11
2023;70 t/m 74;Auto (passagier);Car (passenger);1
2023;70 t/m 74;Overig;Other;5
2023;75+;Lopen;Pedestrian;30
2023;75+;Fiets;Bicycle;86
2023;75+;Brom/snorfiets;Moped;3
2023;75+;Motor/scooter;Motorcycle;3
2023;75+;Auto (bestuurder);Car (driver);31
2023;75+;Auto (passagier);Car (passenger);11
2023;75+;Vracht/bestel;Lorry/van;1
2023;75+;Overig;Other;15
2023;Onbekend;Lopen;Pedestrian;2
2023;Onbekend;Fiets;Bicycle;1
2024;0 t/m 4;Auto (passagier);Car (passenger);1
2024;5 t/m 9;Lopen;Pedestrian;1
2024;5 t/m 9;Fiets;Bicycle;2
2024;5 t/m 9;Auto (passagier);Car (passenger);1
2024;10 t/m 14;Fiets;Bicycle;9
2024;10 t/m 14;Auto (passagier);Car (passenger);1
2024;10 t/m 14;Overig;Other;1
2024;15 t/m 19;Lopen;Pedestrian;2
2024;15 t/m 19;Fiets;Bicycle;10
2024;15 t/m 19;Brom/snorfiets;Moped;11
2024;15 t/m 19;Auto (bestuurder);Car (driver);8
2024;15 t/m 19;Auto (passagier);Car (passenger);8
2024;15 t/m 19;Overig;Other;1
2024;20 t/m 24;Lopen;Pedestrian;2
2024;20 t/m 24;Fiets;Bicycle;7
2024;20 t/m 24;Brom/snorfiets;Moped;3
2024;20 t/m 24;Motor/scooter;Motorcycle;11
2024;20 t/m 24;Auto (bestuurder);Car (driver);26
2024;20 t/m 24;Auto (passagier);Car (passenger);10
2024;20 t/m 24;Overig;Other;2
2024;25 t/m 29;Lopen;Pedestrian;1
2024;25 t/m 29;Fiets;Bicycle;3
2024;25 t/m 29;Brom/snorfiets;Moped;1
2024;25 t/m 29;Motor/scooter;Motorcycle;7
2024;25 t/m 29;Auto (bestuurder);Car (driver);16
2024;25 t/m 29;Auto (passagier);Car (passenger);6
2024;25 t/m 29;Overig;Other;1
2024;30 t/m 34;Lopen;Pedestrian;3
2024;30 t/m 34;Fiets;Bicycle;3
2024;30 t/m 34;Brom/snorfiets;Moped;1
2024;30 t/m 34;Motor/scooter;Motorcycle;5
2024;30 t/m 34;Auto (bestuurder);Car (driver);17
2024;30 t/m 34;Auto (passagier);Car (passenger);3
2024;30 t/m 34;Vracht/bestel;Lorry/van;1
2024;35 t/m 39;Lopen;Pedestrian;3
2024;35 t/m 39;Fiets;Bicycle;7
2024;35 t/m 39;Brom/snorfiets;Moped;1
2024;35 t/m 39;Motor/scooter;Motorcycle;6
2024;35 t/m 39;Auto (bestuurder);Car (driver);8
2024;35 t/m 39;Auto (passagier);Car (passenger);3
2024;35 t/m 39;Vracht/bestel;Lorry/van;1
2024;35 t/m 39;Overig;Other;1
2024;40 t/m 44;Lopen;Pedestrian;1
2024;40 t/m 44;Fiets;Bicycle;4
2024;40 t/m 44;Motor/scooter;Motorcycle;2
2024;40 t/m 44;Auto (bestuurder);Car (driver);10
2024;40 t/m 44;Auto (passagier);Car (passenger);2
2024;45 t/m 49;Lopen;Pedestrian;3
2024;45 t/m 49;Fiets;Bicycle;3
2024;45 t/m 49;Brom/snorfiets;Moped;1
2024;45 t/m 49;Motor/scooter;Motorcycle;2
2024;45 t/m 49;Auto (bestuurder);Car (driver);9
2024;45 t/m 49;Auto (passagier);Car (passenger);1
2024;45 t/m 49;Vracht/bestel;Lorry/van;1
2024;45 t/m 49;Overig;Other;1
2024;50 t/m 54;Lopen;Pedestrian;1
2024;50 t/m 54;Fiets;Bicycle;8
2024;50 t/m 54;Motor/scooter;Motorcycle;3
2024;50 t/m 54;Auto (bestuurder);Car (driver);8
2024;50 t/m 54;Auto (passagier);Car (passenger);1
2024;50 t/m 54;Overig;Other;1
2024;55 t/m 59;Lopen;Pedestrian;3
2024;55 t/m 59;Fiets;Bicycle;5
2024;55 t/m 59;Brom/snorfiets;Moped;2
2024;55 t/m 59;Motor/scooter;Motorcycle;5
2024;55 t/m 59;Auto (bestuurder);Car (driver);11
2024;55 t/m 59;Auto (passagier);Car (passenger);1
2024;55 t/m 59;Overig;Other;2
2024;60 t/m 64;Lopen;Pedestrian;2
2024;60 t/m 64;Fiets;Bicycle;8
2024;60 t/m 64;Brom/snorfiets;Moped;1
2024;60 t/m 64;Motor/scooter;Motorcycle;4
2024;60 t/m 64;Auto (bestuurder);Car (driver);5
2024;60 t/m 64;Auto (passagier);Car (passenger);3
2024;60 t/m 64;Overig;Other;1
2024;65 t/m 69;Lopen;Pedestrian;2
2024;65 t/m 69;Fiets;Bicycle;15
2024;65 t/m 69;Brom/snorfiets;Moped;1
2024;65 t/m 69;Motor/scooter;Motorcycle;2
2024;65 t/m 69;Auto (bestuurder);Car (driver);5
2024;65 t/m 69;Auto (passagier);Car (passenger);1
2024;65 t/m 69;Overig;Other;2
2024;70 t/m 74;Lopen;Pedestrian;1
2024;70 t/m 74;Fiets;Bicycle;14
2024;70 t/m 74;Motor/scooter;Motorcycle;3
2024;70 t/m 74;Auto (bestuurder);Car (driver);9
2024;70 t/m 74;Auto (passagier);Car (passenger);4
2024;70 t/m 74;Overig;Other;1
2024;75+;Lopen;Pedestrian;30
2024;75+;Fiets;Bicycle;70
2024;75+;Brom/snorfiets;Moped;7
2024;75+;Motor/scooter;Motorcycle;1
2024;75+;Auto (bestuurder);Car (driver);33
2024;75+;Auto (passagier);Car (passenger);8
2024;75+;Vracht/bestel;Lorry/van;1
2024;75+;Overig;Other;24
2024;Onbekend;Fiets;Bicycle;1
2024;Onbekend;Auto (bestuurder);Car (driver);1
2025;0 t/m 4;Lopen;Pedestrian;1
2025;0 t/m 4;Auto (passagier);Car (passenger);2
2025;5 t/m 9;Fiets;Bicycle;2
2025;10 t/m 14;Fiets;Bicycle;9
2025;10 t/m 14;Motor/scooter;Motorcycle;1
2025;15 t/m 19;Lopen;Pedestrian;4
2025;15 t/m 19;Fiets;Bicycle;8
2025;15 t/m 19;Brom/snorfiets;Moped;7
2025;15 t/m 19;Motor/scooter;Motorcycle;2
2025;15 t/m 19;Auto (bestuurder);Car (driver);16
2025;15 t/m 19;Auto (passagier);Car (passenger);8
2025;15 t/m 19;Vracht/bestel;Lorry/van;2
2025;15 t/m 19;Bus (OV);Bus (public transport);1
2025;15 t/m 19;Overig;Other;1
2025;20 t/m 24;Lopen;Pedestrian;3
2025;20 t/m 24;Fiets;Bicycle;8
2025;20 t/m 24;Brom/snorfiets;Moped;1
2025;20 t/m 24;Motor/scooter;Motorcycle;15
2025;20 t/m 24;Auto (bestuurder);Car (driver);19
2025;20 t/m 24;Auto (passagier);Car (passenger);2
2025;20 t/m 24;Vracht/bestel;Lorry/van;3
2025;20 t/m 24;Overig;Other;1
2025;25 t/m 29;Lopen;Pedestrian;2
2025;25 t/m 29;Fiets;Bicycle;5
2025;25 t/m 29;Brom/snorfiets;Moped;1
2025;25 t/m 29;Motor/scooter;Motorcycle;5
2025;25 t/m 29;Auto (bestuurder);Car (driver);24
2025;25 t/m 29;Auto (passagier);Car (passenger);5
2025;25 t/m 29;Vracht/bestel;Lorry/van;7
2025;25 t/m 29;Overig;Other;1
2025;30 t/m 34;Lopen;Pedestrian;2
2025;30 t/m 34;Fiets;Bicycle;3
2025;30 t/m 34;Brom/snorfiets;Moped;2
2025;30 t/m 34;Motor/scooter;Motorcycle;6
2025;30 t/m 34;Auto (bestuurder);Car (driver);24
2025;30 t/m 34;Auto (passagier);Car (passenger);1
2025;30 t/m 34;Vracht/bestel;Lorry/van;3
2025;35 t/m 39;Lopen;Pedestrian;2
2025;35 t/m 39;Fiets;Bicycle;3
2025;35 t/m 39;Motor/scooter;Motorcycle;5
2025;35 t/m 39;Auto (bestuurder);Car (driver);14
2025;35 t/m 39;Auto (passagier);Car (passenger);3
2025;35 t/m 39;Vracht/bestel;Lorry/van;2
2025;35 t/m 39;Overig;Other;1
2025;40 t/m 44;Lopen;Pedestrian;2
2025;40 t/m 44;Fiets;Bicycle;4
2025;40 t/m 44;Brom/snorfiets;Moped;1
2025;40 t/m 44;Motor/scooter;Motorcycle;3
2025;40 t/m 44;Auto (bestuurder);Car (driver);10
2025;40 t/m 44;Vracht/bestel;Lorry/van;1
2025;45 t/m 49;Lopen;Pedestrian;4
2025;45 t/m 49;Fiets;Bicycle;5
2025;45 t/m 49;Brom/snorfiets;Moped;2
2025;45 t/m 49;Motor/scooter;Motorcycle;2
2025;45 t/m 49;Auto (bestuurder);Car (driver);8
2025;45 t/m 49;Auto (passagier);Car (passenger);1
2025;45 t/m 49;Vracht/bestel;Lorry/van;2
2025;45 t/m 49;Overig;Other;1
2025;50 t/m 54;Lopen;Pedestrian;2
2025;50 t/m 54;Fiets;Bicycle;4
2025;50 t/m 54;Brom/snorfiets;Moped;1
2025;50 t/m 54;Motor/scooter;Motorcycle;3
2025;50 t/m 54;Auto (bestuurder);Car (driver);8
2025;50 t/m 54;Auto (passagier);Car (passenger);2
2025;50 t/m 54;Vracht/bestel;Lorry/van;2
2025;50 t/m 54;Overig;Other;1
2025;55 t/m 59;Lopen;Pedestrian;3
2025;55 t/m 59;Fiets;Bicycle;16
2025;55 t/m 59;Brom/snorfiets;Moped;3
2025;55 t/m 59;Motor/scooter;Motorcycle;6
2025;55 t/m 59;Auto (bestuurder);Car (driver);8
2025;55 t/m 59;Auto (passagier);Car (passenger);1
2025;55 t/m 59;Vracht/bestel;Lorry/van;6
2025;55 t/m 59;Overig;Other;2
2025;60 t/m 64;Lopen;Pedestrian;1
2025;60 t/m 64;Fiets;Bicycle;9
2025;60 t/m 64;Brom/snorfiets;Moped;3
2025;60 t/m 64;Motor/scooter;Motorcycle;2
2025;60 t/m 64;Auto (bestuurder);Car (driver);11
2025;60 t/m 64;Vracht/bestel;Lorry/van;3
2025;60 t/m 64;Overig;Other;3
2025;65 t/m 69;Fiets;Bicycle;12
2025;65 t/m 69;Brom/snorfiets;Moped;1
2025;65 t/m 69;Motor/scooter;Motorcycle;1
2025;65 t/m 69;Auto (bestuurder);Car (driver);7
2025;65 t/m 69;Overig;Other;2
2025;70 t/m 74;Lopen;Pedestrian;4
2025;70 t/m 74;Fiets;Bicycle;20
2025;70 t/m 74;Brom/snorfiets;Moped;2
2025;70 t/m 74;Motor/scooter;Motorcycle;2
2025;70 t/m 74;Auto (bestuurder);Car (driver);12
2025;70 t/m 74;Auto (passagier);Car (passenger);1
2025;70 t/m 74;Vracht/bestel;Lorry/van;1
2025;70 t/m 74;Overig;Other;5
2025;75+;Lopen;Pedestrian;18
2025;75+;Fiets;Bicycle;71
2025;75+;Brom/snorfiets;Moped;7
2025;75+;Auto (bestuurder);Car (driver);29
2025;75+;Auto (passagier);Car (passenger);10
2025;75+;Vracht/bestel;Lorry/van;1
2025;75+;Overig;Other;22
2025;Onbekend;Fiets;Bicycle;1
